<?xml version="1.0" encoding="utf-8"?>
<COLLADA xmlns="http://www.collada.org/2005/11/COLLADASchema" version="1.4.1" xmlns:xsi="http://www.w3.org/2001/XMLSchema-instance">
  <asset>
    <contributor>
      <author>Blender User</author>
      <authoring_tool>Blender 4.1.1 commit date:2024-04-15, commit time:15:11, hash:e1743a0317bc</authoring_tool>
    </contributor>
    <created>2024-04-23T08:54:46</created>
    <modified>2024-04-23T08:54:46</modified>
    <unit name="meter" meter="1"/>
    <up_axis>Z_UP</up_axis>
  </asset>
  <library_effects>
    <effect id="Material_001-effect">
      <profile_COMMON>
        <technique sid="common">
          <lambert>
            <emission>
              <color sid="emission">0 0 0 1</color>
            </emission>
            <diffuse>
              <color sid="diffuse">0.8 0.8 0.8 1</color>
            </diffuse>
            <index_of_refraction>
              <float sid="ior">1.5</float>
            </index_of_refraction>
          </lambert>
        </technique>
      </profile_COMMON>
    </effect>
    <effect id="Black-effect">
      <profile_COMMON>
        <technique sid="common">
          <lambert>
            <emission>
              <color sid="emission">0 0 0 1</color>
            </emission>
            <diffuse>
              <color sid="diffuse">0 0 0 1</color>
            </diffuse>
            <reflectivity>
              <float sid="specular">0.5</float>
            </reflectivity>
          </lambert>
        </technique>
      </profile_COMMON>
    </effect>
    <effect id="Dark_Grey-effect">
      <profile_COMMON>
        <technique sid="common">
          <lambert>
            <emission>
              <color sid="emission">0 0 0 1</color>
            </emission>
            <diffuse>
              <color sid="diffuse">0.101835 0.101835 0.101835 1</color>
            </diffuse>
            <reflectivity>
              <float sid="specular">0.5</float>
            </reflectivity>
          </lambert>
        </technique>
      </profile_COMMON>
    </effect>
  </library_effects>
  <library_images/>
  <library_materials>
    <material id="Material_001-material" name="Material.001">
      <instance_effect url="#Material_001-effect"/>
    </material>
    <material id="Black-material" name="Black">
      <instance_effect url="#Black-effect"/>
    </material>
    <material id="Dark_Grey-material" name="Dark Grey">
      <instance_effect url="#Dark_Grey-effect"/>
    </material>
  </library_materials>
  <library_geometries>
    <geometry id="shape0-mesh" name="shape0">
      <mesh>
        <source id="shape0-mesh-positions">
          <float_array id="shape0-mesh-positions-array" count="10242">-46.1241 -42.1241 766.752 -83.1241 -42.1241 803.752 -46.1241 -39.1241 766.752 -83.1241 -39.1241 803.752 -46.1241 -39.1241 803.752 -83.1241 -2.12414 803.752 -46.1241 -2.12414 766.752 -83.1241 -5.12414 803.752 -46.1241 -5.12414 766.752 -46.1241 -5.12414 803.752 -46.1241 -26.9538 788.046 -43.1241 -26.9538 788.046 -46.1241 -27.1241 786.752 -43.1241 -27.1241 786.752 -46.1241 -26.9538 785.458 -43.1241 -26.9538 785.458 -46.1241 -26.4543 784.252 -43.1241 -26.4543 784.252 -46.1241 -25.6597 783.2161 -43.1241 -25.6597 783.2161 -46.1241 -24.6241 782.4221 -43.1241 -24.6241 782.4221 -46.1241 -23.4182 781.9221 -43.1241 -23.4182 781.9221 -46.1241 -22.1241 781.752 -43.1241 -22.1241 781.752 -46.1241 -20.83 781.9221 -43.1241 -20.83 781.9221 -46.1241 -19.6241 782.4221 -43.1241 -19.6241 782.4221 -46.1241 -18.5886 783.2161 -43.1241 -18.5886 783.2161 -46.1241 -17.794 784.252 -43.1241 -17.794 784.252 -46.1241 -17.2945 785.458 -43.1241 -17.2945 785.458 -46.1241 -17.1241 786.752 -43.1241 -17.1241 786.752 -46.1241 -17.2945 788.046 -43.1241 -17.2945 788.046 -46.1241 -17.794 789.252 -43.1241 -17.794 789.252 -46.1241 -18.5886 790.2871 -43.1241 -18.5886 790.2871 -46.1241 -19.6241 791.082 -43.1241 -19.6241 791.082 -46.1241 -20.83 791.5811 -43.1241 -20.83 791.5811 -46.1241 -22.1241 791.752 -43.1241 -22.1241 791.752 -46.1241 -23.4182 791.5811 -43.1241 -23.4182 791.5811 -46.1241 -24.6241 791.082 -43.1241 -24.6241 791.082 -46.1241 -25.6597 790.2871 -43.1241 -25.6597 790.2871 -46.1241 -26.4543 789.252 -43.1241 -26.4543 789.252 -64.4182 -26.9538 803.752 -64.4182 -26.9538 806.752 -63.1241 -27.1241 803.752 -63.1241 -27.1241 806.752 -61.83 -26.9538 803.752 -61.83 -26.9538 806.752 -60.6241 -26.4543 803.752 -60.6241 -26.4543 806.752 -59.5886 -25.6597 803.752 -59.5886 -25.6597 806.752 -58.794 -24.6241 803.752 -58.794 -24.6241 806.752 -58.2945 -23.4182 803.752 -58.2945 -23.4182 806.752 -58.1241 -22.1241 803.752 -58.1241 -22.1241 806.752 -58.2945 -20.83 803.752 -58.2945 -20.83 806.752 -58.794 -19.6241 803.752 -58.794 -19.6241 806.752 -59.5886 -18.5886 803.752 -59.5886 -18.5886 806.752 -60.6241 -17.794 803.752 -60.6241 -17.794 806.752 -61.83 -17.2945 803.752 -61.83 -17.2945 806.752 -63.1241 -17.1241 803.752 -63.1241 -17.1241 806.752 -64.4182 -17.2945 803.752 -64.4182 -17.2945 806.752 -65.6241 -17.794 803.752 -65.6241 -17.794 806.752 -66.6597 -18.5886 803.752 -66.6597 -18.5886 806.752 -67.4543 -19.6241 803.752 -67.4543 -19.6241 806.752 -67.9538 -20.83 803.752 -67.9538 -20.83 806.752 -68.1241 -22.1241 803.752 -68.1241 -22.1241 806.752 -67.9538 -23.4182 803.752 -67.9538 -23.4182 806.752 -67.4543 -24.6241 803.752 -67.4543 -24.6241 806.752 -66.6597 -25.6597 803.752 -66.6597 -25.6597 806.752 -65.6241 -26.4543 803.752 -65.6241 -26.4543 806.752 -83.1241 -42.1241 806.752 -83.1241 -2.12414 806.752 -43.1241 -42.1241 806.752 -43.1241 -2.12414 806.752 -43.1241 -42.1241 766.752 -43.1241 -2.12414 766.752 42.1241 -46.1241 766.752 42.1241 -83.1241 803.752 39.1241 -46.1241 766.752 39.1241 -83.1241 803.752 39.1241 -46.1241 803.752 2.12414 -83.1241 803.752 2.12414 -46.1241 766.752 5.12414 -83.1241 803.752 5.12414 -46.1241 766.752 5.12414 -46.1241 803.752 26.9538 -46.1241 788.046 26.9538 -43.1241 788.046 27.1241 -46.1241 786.752 27.1241 -43.1241 786.752 26.9538 -46.1241 785.458 26.9538 -43.1241 785.458 26.4543 -46.1241 784.252 26.4543 -43.1241 784.252 25.6597 -46.1241 783.2161 25.6597 -43.1241 783.2161 24.6241 -46.1241 782.4221 24.6241 -43.1241 782.4221 23.4182 -46.1241 781.9221 23.4182 -43.1241 781.9221 22.1241 -46.1241 781.752 22.1241 -43.1241 781.752 20.83 -46.1241 781.9221 20.83 -43.1241 781.9221 19.6241 -46.1241 782.4221 19.6241 -43.1241 782.4221 18.5886 -46.1241 783.2161 18.5886 -43.1241 783.2161 17.794 -46.1241 784.252 17.794 -43.1241 784.252 17.2945 -46.1241 785.458 17.2945 -43.1241 785.458 17.1241 -46.1241 786.752 17.1241 -43.1241 786.752 17.2945 -46.1241 788.046 17.2945 -43.1241 788.046 17.794 -46.1241 789.252 17.794 -43.1241 789.252 18.5886 -46.1241 790.2871 18.5886 -43.1241 790.2871 19.6241 -46.1241 791.082 19.6241 -43.1241 791.082 20.83 -46.1241 791.5811 20.83 -43.1241 791.5811 22.1241 -46.1241 791.752 22.1241 -43.1241 791.752 23.4182 -46.1241 791.5811 23.4182 -43.1241 791.5811 24.6241 -46.1241 791.082 24.6241 -43.1241 791.082 25.6597 -46.1241 790.2871 25.6597 -43.1241 790.2871 26.4543 -46.1241 789.252 26.4543 -43.1241 789.252 26.9538 -64.4182 803.752 26.9538 -64.4182 806.752 27.1241 -63.1241 803.752 27.1241 -63.1241 806.752 26.9538 -61.83 803.752 26.9538 -61.83 806.752 26.4543 -60.6241 803.752 26.4543 -60.6241 806.752 25.6597 -59.5886 803.752 25.6597 -59.5886 806.752 24.6241 -58.794 803.752 24.6241 -58.794 806.752 23.4182 -58.2945 803.752 23.4182 -58.2945 806.752 22.1241 -58.1241 803.752 22.1241 -58.1241 806.752 20.83 -58.2945 803.752 20.83 -58.2945 806.752 19.6241 -58.794 803.752 19.6241 -58.794 806.752 18.5886 -59.5886 803.752 18.5886 -59.5886 806.752 17.794 -60.6241 803.752 17.794 -60.6241 806.752 17.2945 -61.83 803.752 17.2945 -61.83 806.752 17.1241 -63.1241 803.752 17.1241 -63.1241 806.752 17.2945 -64.4182 803.752 17.2945 -64.4182 806.752 17.794 -65.6241 803.752 17.794 -65.6241 806.752 18.5886 -66.6597 803.752 18.5886 -66.6597 806.752 19.6241 -67.4543 803.752 19.6241 -67.4543 806.752 20.83 -67.9538 803.752 20.83 -67.9538 806.752 22.1241 -68.1241 803.752 22.1241 -68.1241 806.752 23.4182 -67.9538 803.752 23.4182 -67.9538 806.752 24.6241 -67.4543 803.752 24.6241 -67.4543 806.752 25.6597 -66.6597 803.752 25.6597 -66.6597 806.752 26.4543 -65.6241 803.752 26.4543 -65.6241 806.752 42.1241 -83.1241 806.752 2.12414 -83.1241 806.752 42.1241 -43.1241 806.752 2.12414 -43.1241 806.752 42.1241 -43.1241 766.752 2.12414 -43.1241 766.752 46.1241 42.1241 766.752 83.1241 42.1241 803.752 46.1241 39.1241 766.752 83.1241 39.1241 803.752 46.1241 39.1241 803.752 83.1241 2.12414 803.752 46.1241 2.12414 766.752 83.1241 5.12414 803.752 46.1241 5.12414 766.752 46.1241 5.12414 803.752 46.1241 26.9538 788.046 43.1241 26.9538 788.046 46.1241 27.1241 786.752 43.1241 27.1241 786.752 46.1241 26.9538 785.458 43.1241 26.9538 785.458 46.1241 26.4543 784.252 43.1241 26.4543 784.252 46.1241 25.6597 783.2161 43.1241 25.6597 783.2161 46.1241 24.6241 782.4221 43.1241 24.6241 782.4221 46.1241 23.4182 781.9221 43.1241 23.4182 781.9221 46.1241 22.1241 781.752 43.1241 22.1241 781.752 46.1241 20.83 781.9221 43.1241 20.83 781.9221 46.1241 19.6241 782.4221 43.1241 19.6241 782.4221 46.1241 18.5886 783.2161 43.1241 18.5886 783.2161 46.1241 17.794 784.252 43.1241 17.794 784.252 46.1241 17.2945 785.458 43.1241 17.2945 785.458 46.1241 17.1241 786.752 43.1241 17.1241 786.752 46.1241 17.2945 788.046 43.1241 17.2945 788.046 46.1241 17.794 789.252 43.1241 17.794 789.252 46.1241 18.5886 790.2871 43.1241 18.5886 790.2871 46.1241 19.6241 791.082 43.1241 19.6241 791.082 46.1241 20.83 791.5811 43.1241 20.83 791.5811 46.1241 22.1241 791.752 43.1241 22.1241 791.752 46.1241 23.4182 791.5811 43.1241 23.4182 791.5811 46.1241 24.6241 791.082 43.1241 24.6241 791.082 46.1241 25.6597 790.2871 43.1241 25.6597 790.2871 46.1241 26.4543 789.252 43.1241 26.4543 789.252 64.4182 26.9538 803.752 64.4182 26.9538 806.752 63.1241 27.1241 803.752 63.1241 27.1241 806.752 61.83 26.9538 803.752 61.83 26.9538 806.752 60.6241 26.4543 803.752 60.6241 26.4543 806.752 59.5886 25.6597 803.752 59.5886 25.6597 806.752 58.794 24.6241 803.752 58.794 24.6241 806.752 58.2945 23.4182 803.752 58.2945 23.4182 806.752 58.1241 22.1241 803.752 58.1241 22.1241 806.752 58.2945 20.83 803.752 58.2945 20.83 806.752 58.794 19.6241 803.752 58.794 19.6241 806.752 59.5886 18.5886 803.752 59.5886 18.5886 806.752 60.6241 17.794 803.752 60.6241 17.794 806.752 61.83 17.2945 803.752 61.83 17.2945 806.752 63.1241 17.1241 803.752 63.1241 17.1241 806.752 64.4182 17.2945 803.752 64.4182 17.2945 806.752 65.6241 17.794 803.752 65.6241 17.794 806.752 66.6597 18.5886 803.752 66.6597 18.5886 806.752 67.4543 19.6241 803.752 67.4543 19.6241 806.752 67.9538 20.83 803.752 67.9538 20.83 806.752 68.1241 22.1241 803.752 68.1241 22.1241 806.752 67.9538 23.4182 803.752 67.9538 23.4182 806.752 67.4543 24.6241 803.752 67.4543 24.6241 806.752 66.6597 25.6597 803.752 66.6597 25.6597 806.752 65.6241 26.4543 803.752 65.6241 26.4543 806.752 83.1241 42.1241 806.752 83.1241 2.12414 806.752 43.1241 42.1241 806.752 43.1241 2.12414 806.752 43.1241 42.1241 766.752 43.1241 2.12414 766.752 -42.1241 46.1241 766.752 -42.1241 83.1241 803.752 -39.1241 46.1241 766.752 -39.1241 83.1241 803.752 -39.1241 46.1241 803.752 -2.12414 83.1241 803.752 -2.12414 46.1241 766.752 -5.12414 83.1241 803.752 -5.12414 46.1241 766.752 -5.12414 46.1241 803.752 -26.9538 46.1241 788.046 -26.9538 43.1241 788.046 -27.1241 46.1241 786.752 -27.1241 43.1241 786.752 -26.9538 46.1241 785.458 -26.9538 43.1241 785.458 -26.4543 46.1241 784.252 -26.4543 43.1241 784.252 -25.6597 46.1241 783.2161 -25.6597 43.1241 783.2161 -24.6241 46.1241 782.4221 -24.6241 43.1241 782.4221 -23.4182 46.1241 781.9221 -23.4182 43.1241 781.9221 -22.1241 46.1241 781.752 -22.1241 43.1241 781.752 -20.83 46.1241 781.9221 -20.83 43.1241 781.9221 -19.6241 46.1241 782.4221 -19.6241 43.1241 782.4221 -18.5886 46.1241 783.2161 -18.5886 43.1241 783.2161 -17.794 46.1241 784.252 -17.794 43.1241 784.252 -17.2945 46.1241 785.458 -17.2945 43.1241 785.458 -17.1241 46.1241 786.752 -17.1241 43.1241 786.752 -17.2945 46.1241 788.046 -17.2945 43.1241 788.046 -17.794 46.1241 789.252 -17.794 43.1241 789.252 -18.5886 46.1241 790.2871 -18.5886 43.1241 790.2871 -19.6241 46.1241 791.082 -19.6241 43.1241 791.082 -20.83 46.1241 791.5811 -20.83 43.1241 791.5811 -22.1241 46.1241 791.752 -22.1241 43.1241 791.752 -23.4182 46.1241 791.5811 -23.4182 43.1241 791.5811 -24.6241 46.1241 791.082 -24.6241 43.1241 791.082 -25.6597 46.1241 790.2871 -25.6597 43.1241 790.2871 -26.4543 46.1241 789.252 -26.4543 43.1241 789.252 -26.9538 64.4182 803.752 -26.9538 64.4182 806.752 -27.1241 63.1241 803.752 -27.1241 63.1241 806.752 -26.9538 61.83 803.752 -26.9538 61.83 806.752 -26.4543 60.6241 803.752 -26.4543 60.6241 806.752 -25.6597 59.5886 803.752 -25.6597 59.5886 806.752 -24.6241 58.794 803.752 -24.6241 58.794 806.752 -23.4182 58.2945 803.752 -23.4182 58.2945 806.752 -22.1241 58.1241 803.752 -22.1241 58.1241 806.752 -20.83 58.2945 803.752 -20.83 58.2945 806.752 -19.6241 58.794 803.752 -19.6241 58.794 806.752 -18.5886 59.5886 803.752 -18.5886 59.5886 806.752 -17.794 60.6241 803.752 -17.794 60.6241 806.752 -17.2945 61.83 803.752 -17.2945 61.83 806.752 -17.1241 63.1241 803.752 -17.1241 63.1241 806.752 -17.2945 64.4182 803.752 -17.2945 64.4182 806.752 -17.794 65.6241 803.752 -17.794 65.6241 806.752 -18.5886 66.6597 803.752 -18.5886 66.6597 806.752 -19.6241 67.4543 803.752 -19.6241 67.4543 806.752 -20.83 67.9538 803.752 -20.83 67.9538 806.752 -22.1241 68.1241 803.752 -22.1241 68.1241 806.752 -23.4182 67.9538 803.752 -23.4182 67.9538 806.752 -24.6241 67.4543 803.752 -24.6241 67.4543 806.752 -25.6597 66.6597 803.752 -25.6597 66.6597 806.752 -26.4543 65.6241 803.752 -26.4543 65.6241 806.752 -42.1241 83.1241 806.752 -2.12414 83.1241 806.752 -42.1241 43.1241 806.752 -2.12414 43.1241 806.752 -42.1241 43.1241 766.752 -2.12414 43.1241 766.752 149.108 -217.437 168.094 158.276 -185.937 168.094 149.108 -128.437 168.094 158.702 -182.702 168.094 158.969 -150.584 168.094 159.778 -153.239 168.094 159.95 -179.687 168.094 161.176 -155.637 168.094 161.937 -177.098 168.094 163.087 -157.65 168.094 164.526 -175.112 168.094 165.409 -159.17 168.094 167.54 -173.863 168.094 168.019 -160.116 168.094 170.776 -173.437 168.094 170.776 -160.437 168.094 183.776 -173.437 168.094 183.776 -160.437 168.094 184.293 -160.505 168.094 184.293 -173.369 168.094 185.776 -171.437 168.094 184.776 -173.169 168.094 185.19 -172.851 168.094 169.776 -217.437 168.094 161.937 -194.776 168.094 159.95 -192.187 168.094 158.702 -189.173 168.094 175 -216.971 168.094 170.776 -198.437 168.094 167.54 -198.011 168.094 164.526 -196.763 168.094 180.06 -215.587 168.094 183.776 -198.437 168.094 184.794 -213.328 168.094 185.776 -211.607 168.094 185.201 -213.01 168.094 185.513 -212.598 168.094 185.709 -212.119 168.094 185.776 -200.437 168.094 184.293 -198.505 168.094 184.776 -198.705 168.094 185.19 -199.023 168.094 185.508 -199.437 168.094 185.707 -199.92 168.094 185.508 -172.437 168.094 185.707 -171.955 168.094 185.776 -162.437 168.094 184.776 -160.705 168.094 185.19 -161.023 168.094 185.508 -161.437 168.094 185.707 -161.92 168.094 158.792 -147.814 168.094 154.776 -128.437 168.094 159.256 -145.077 168.094 156.384 -128.625 168.094 157.906 -129.176 168.094 159.261 -130.063 168.094 161.496 -137.397 168.094 160.376 -131.237 168.094 161.191 -132.636 168.094 161.663 -134.185 168.094 161.766 -135.801 168.094 149.108 -217.437 166.094 161.937 -194.776 166.094 169.776 -217.437 166.094 164.526 -196.763 166.094 167.54 -198.011 166.094 149.108 -128.437 166.094 158.276 -185.937 166.094 158.702 -189.173 166.094 159.95 -192.187 166.094 154.776 -128.437 166.094 158.792 -147.814 166.094 158.969 -150.584 166.094 158.702 -182.702 166.094 159.778 -153.239 166.094 159.95 -179.687 166.094 161.176 -155.637 166.094 161.937 -177.098 166.094 163.087 -157.65 166.094 164.526 -175.112 166.094 165.409 -159.17 166.094 167.54 -173.863 166.094 168.019 -160.116 166.094 170.776 -173.437 166.094 170.776 -160.437 166.094 183.776 -160.437 166.094 159.256 -145.077 166.094 156.384 -128.625 166.094 157.906 -129.176 166.094 159.261 -130.063 166.094 161.496 -137.397 166.094 160.376 -131.237 166.094 161.191 -132.636 166.094 161.663 -134.185 166.094 161.766 -135.801 166.094 184.293 -160.505 166.094 185.776 -171.437 166.094 184.293 -173.369 166.094 183.776 -173.437 166.094 185.776 -162.437 166.094 184.776 -160.705 166.094 185.19 -161.023 166.094 185.508 -161.437 166.094 185.707 -161.92 166.094 185.707 -171.955 166.094 185.508 -172.437 166.094 185.19 -172.851 166.094 184.776 -173.169 166.094 170.776 -198.437 166.094 175 -216.971 166.094 180.06 -215.587 166.094 183.776 -198.437 166.094 184.794 -213.328 166.094 185.776 -211.607 166.094 185.201 -213.01 166.094 185.513 -212.598 166.094 185.709 -212.119 166.094 185.776 -200.437 166.094 184.293 -198.505 166.094 184.776 -198.705 166.094 185.19 -199.023 166.094 185.508 -199.437 166.094 185.707 -199.92 166.094 -153.557 -128.437 166.094 -153.557 -144.871 166.094 -159.225 -128.437 166.094 -161.562 -142.035 166.094 -160.988 -128.663 166.094 -162.638 -129.326 166.094 -163.149 -141.234 166.094 -164.067 -130.382 166.094 -164.482 -140.058 166.094 -165.184 -131.765 166.094 -165.477 -138.585 166.094 -165.917 -133.385 166.094 -166.068 -136.908 166.094 -166.218 -135.137 166.094 -153.557 -144.871 168.094 -159.225 -128.437 168.094 -161.562 -142.035 168.094 -160.988 -128.663 168.094 -162.638 -129.326 168.094 -153.557 -128.437 168.094 -163.149 -141.234 168.094 -164.067 -130.382 168.094 -164.482 -140.058 168.094 -165.184 -131.765 168.094 -165.477 -138.585 168.094 -165.917 -133.385 168.094 -166.068 -136.908 168.094 -166.218 -135.137 168.094 -153.557 -217.437 168.094 -153.557 -201.003 168.094 -159.225 -217.437 168.094 -161.562 -203.839 168.094 -160.988 -217.212 168.094 -162.638 -216.549 168.094 -163.149 -204.641 168.094 -164.067 -215.492 168.094 -164.482 -205.816 168.094 -165.184 -214.109 168.094 -165.477 -207.29 168.094 -165.917 -212.49 168.094 -166.068 -208.966 168.094 -166.218 -210.737 168.094 -153.557 -217.437 166.094 -159.225 -217.437 166.094 -153.557 -201.003 166.094 -161.562 -203.839 166.094 -160.988 -217.212 166.094 -162.638 -216.549 166.094 -163.149 -204.641 166.094 -164.067 -215.492 166.094 -164.482 -205.816 166.094 -165.184 -214.109 166.094 -165.477 -207.29 166.094 -165.917 -212.49 166.094 -166.068 -208.966 166.094 -166.218 -210.737 166.094 -142.156 -154.085 144.464 -144.035 -154.085 143.78 -140.654 -156.28 140.338 -142.533 -156.28 139.654 -139.38 -159.478 136.838 -141.26 -159.478 136.154 -138.411 -163.487 134.176 -140.291 -163.487 133.492 -137.806 -168.065 132.512 -139.685 -168.065 131.827 -137.599 -172.937 131.945 -139.479 -172.937 131.261 -137.806 -177.809 132.512 -139.685 -177.809 131.827 -138.411 -182.388 134.176 -140.291 -182.388 133.492 -139.38 -186.397 136.838 -141.26 -186.397 136.154 -140.654 -189.595 140.338 -142.533 -189.595 139.654 -142.156 -191.789 144.464 -144.035 -191.789 143.78 -129.214 -76.2934 103.259 -129.214 -78.2934 103.259 -129.323 -76.2934 103.725 -129.323 -78.2934 103.725 -129.318 -76.2934 104.204 -129.318 -78.2934 104.204 -129.199 -76.2934 104.668 -129.199 -78.2934 104.668 -128.973 -76.2934 105.09 -128.973 -78.2934 105.09 -128.654 -76.2934 105.447 -128.654 -78.2934 105.447 -128.258 -76.2934 105.717 -128.258 -78.2934 105.717 -127.81 -76.2934 105.886 -127.81 -78.2934 105.886 -127.335 -76.2934 105.943 -127.335 -78.2934 105.943 124.765 -78.2934 103.259 124.765 -76.2934 103.259 124.874 -78.2934 103.725 124.874 -76.2934 103.725 124.869 -78.2934 104.204 124.869 -76.2934 104.204 124.75 -78.2934 104.668 124.75 -76.2934 104.668 124.524 -78.2934 105.09 124.524 -76.2934 105.09 124.205 -78.2934 105.447 124.205 -76.2934 105.447 123.809 -78.2934 105.717 123.809 -76.2934 105.717 123.361 -78.2934 105.886 123.361 -76.2934 105.886 122.886 -78.2934 105.943 122.886 -76.2934 105.943 -121.405 -261.937 91.2992 -121.405 -261.937 89.2992 -121.405 -261.937 91.2992 -121.405 -261.937 89.2992 -121.405 -83.9373 89.2992 -121.405 -83.9373 91.2992 -121.405 -83.9373 89.2992 -121.405 -83.9373 91.2992 -106.898 -97.9373 91.2992 -105.309 -95.8662 91.2992 -103.238 -94.27701 91.2992 -108.238 -102.937 91.2992 -107.897 -100.349 91.2992 -106.898 -247.937 91.2992 -107.897 -245.525 91.2992 -108.238 -242.937 91.2992 -121.405 -263.937 91.2992 -100.826 -252.597 91.2992 -103.238 -251.598 91.2992 -105.309 -250.008 91.2992 -123.276 -263.937 91.2992 -123.874 -265.581 91.2992 -98.2376 -252.937 91.2992 119.425 -265.581 91.2992 93.7886 -252.937 91.2992 116.956 -263.937 91.2992 96.3768 -252.597 91.2992 116.956 -261.937 91.2992 98.7886 -251.598 91.2992 100.86 -250.008 91.2992 102.449 -247.937 91.2992 116.956 -261.937 91.2992 103.448 -245.525 91.2992 103.789 -242.937 91.2992 103.789 -102.937 91.2992 116.956 -83.9373 91.2992 103.448 -100.349 91.2992 102.449 -97.9373 91.2992 116.956 -83.9373 91.2992 100.86 -95.8662 91.2992 98.7886 -94.27701 91.2992 96.3768 -93.27801 91.2992 116.956 -81.9373 91.2992 93.7886 -92.9373 91.2992 119.425 -80.2934 91.2992 -123.874 -80.2934 91.2992 118.827 -263.937 91.2992 118.827 -81.9373 91.2992 -123.276 -81.9373 91.2992 -121.405 -81.9373 91.2992 -98.2376 -92.9373 91.2992 -100.826 -93.27801 91.2992 -108.238 -102.937 89.2992 -108.238 -242.937 89.2992 -107.897 -245.525 89.2992 -106.898 -97.9373 89.2992 -107.897 -100.349 89.2992 -121.405 -81.9373 89.2992 -100.826 -93.27801 89.2992 -103.238 -94.27701 89.2992 -105.309 -95.8662 89.2992 -123.276 -81.9373 89.2992 -123.874 -80.2934 89.2992 -98.2376 -92.9373 89.2992 119.425 -80.2934 89.2992 93.7886 -92.9373 89.2992 116.956 -81.9373 89.2992 96.3768 -93.27801 89.2992 116.956 -83.9373 89.2992 98.7886 -94.27701 89.2992 100.86 -95.8662 89.2992 102.449 -97.9373 89.2992 116.956 -83.9373 89.2992 103.448 -100.349 89.2992 103.789 -102.937 89.2992 116.956 -261.937 89.2992 103.789 -242.937 89.2992 103.448 -245.525 89.2992 102.449 -247.937 89.2992 116.956 -261.937 89.2992 100.86 -250.008 89.2992 98.7886 -251.598 89.2992 96.3768 -252.597 89.2992 116.956 -263.937 89.2992 93.7886 -252.937 89.2992 119.425 -265.581 89.2992 -123.874 -265.581 89.2992 118.827 -81.9373 89.2992 118.827 -263.937 89.2992 -123.276 -263.937 89.2992 -121.405 -263.937 89.2992 -98.2376 -252.937 89.2992 -100.826 -252.597 89.2992 -103.238 -251.598 89.2992 -105.309 -250.008 89.2992 -106.898 -247.937 89.2992 -125.589 -267.581 93.2992 -125.589 -268.581 93.2992 -129.214 -267.581 103.259 -129.214 -269.581 103.259 -125.589 -269.581 93.2992 121.14 -269.581 93.2992 121.14 -268.581 93.2992 124.765 -269.581 103.259 124.765 -267.581 103.259 121.14 -267.581 93.2992 124.874 -267.581 103.725 -129.323 -267.581 103.725 124.869 -267.581 104.204 -129.318 -267.581 104.204 124.75 -267.581 104.668 -129.199 -267.581 104.668 124.524 -267.581 105.09 -128.973 -267.581 105.09 124.205 -267.581 105.447 122.886 -267.581 105.943 123.809 -267.581 105.717 123.361 -267.581 105.886 -128.654 -267.581 105.447 -127.335 -267.581 105.943 -128.258 -267.581 105.717 -127.81 -267.581 105.886 -129.323 -269.581 103.725 124.874 -269.581 103.725 -129.318 -269.581 104.204 124.869 -269.581 104.204 -129.199 -269.581 104.668 124.75 -269.581 104.668 -128.973 -269.581 105.09 124.524 -269.581 105.09 -128.654 -269.581 105.447 -127.335 -269.581 105.943 -128.258 -269.581 105.717 -127.81 -269.581 105.886 124.205 -269.581 105.447 122.886 -269.581 105.943 123.809 -269.581 105.717 123.361 -269.581 105.886 119.425 -80.2934 90.2992 -123.874 -80.2934 90.2992 -123.874 -265.581 90.2992 119.425 -265.581 90.2992 119.639 -266.361 89.3763 119.854 -266.729 90.5276 119.854 -267.112 89.6037 120.068 -267.803 89.9735 120.283 -267.702 91.1779 120.283 -268.409 90.4707 120.497 -268.907 91.07701 120.711 -268.353 92.1511 120.711 -269.277 91.7684 120.926 -269.504 92.5189 119.639 -265.971 91.3376 119.854 -266.346 91.4514 120.068 -266.692 91.6361 120.283 -266.995 91.885 120.497 -267.244 92.1882 120.711 -267.429 92.5338 120.926 -267.543 92.9091 -125.375 -267.543 92.9091 -125.16 -268.353 92.1511 -125.375 -269.504 92.5189 -125.16 -269.277 91.7684 -124.946 -268.907 91.07701 -124.732 -267.702 91.1779 -124.732 -268.409 90.4707 -124.517 -267.803 89.9735 -124.303 -266.729 90.5276 -124.303 -267.112 89.6037 -124.088 -266.361 89.3763 -125.16 -267.429 92.5338 -124.946 -267.244 92.1882 -124.732 -266.995 91.885 -124.517 -266.692 91.6361 -124.303 -266.346 91.4514 -124.088 -265.971 91.3376 31.4204 -269.445 92.2639 53.8503 -269.445 92.2639 53.8503 -269.045 91.2992 76.2803 -269.045 91.2992 76.2803 -268.409 90.4707 98.7102 -268.409 90.4707 98.7102 -267.581 89.8351 98.7102 -266.616 89.4355 76.2803 -266.616 89.4355 53.8503 -266.616 89.4355 53.8503 -267.581 89.8351 31.4204 -267.581 89.8351 31.4204 -268.409 90.4707 8.99047 -268.409 90.4707 8.99047 -269.045 91.2992 -13.4395 -269.045 91.2992 -13.4395 -269.445 92.2639 -35.8694 -269.445 92.2639 -58.2993 -269.445 92.2639 -80.7293 -269.445 92.2639 -58.2993 -269.045 91.2992 -80.7293 -269.045 91.2992 -58.2993 -268.409 90.4707 -80.7293 -268.409 90.4707 -58.2993 -267.581 89.8351 -80.7293 -267.581 89.8351 -58.2993 -266.616 89.4355 -80.7293 -266.616 89.4355 -103.159 -266.616 89.4355 -103.159 -267.581 89.8351 -103.159 -268.409 90.4707 -103.159 -269.045 91.2992 -103.159 -269.445 92.2639 -35.8694 -266.616 89.4355 98.7102 -269.045 91.2992 98.7102 -269.445 92.2639 76.2803 -269.445 92.2639 -35.8694 -269.045 91.2992 -35.8694 -268.409 90.4707 -35.8694 -267.581 89.8351 8.99047 -269.445 92.2639 31.4204 -269.045 91.2992 -13.4395 -268.409 90.4707 8.99047 -267.581 89.8351 31.4204 -266.616 89.4355 53.8503 -268.409 90.4707 76.2803 -267.581 89.8351 -13.4395 -267.581 89.8351 -13.4395 -266.616 89.4355 8.99047 -266.616 89.4355 -47.0844 -267.513 92.7815 -58.2993 -267.513 92.7815 -58.2993 -267.313 92.2992 -69.5143 -267.313 92.2992 -69.5143 -266.995 91.885 -80.7293 -266.995 91.885 -80.7293 -266.581 91.5671 -91.9442 -266.581 91.5671 -91.9442 -266.099 91.3673 -103.159 -266.099 91.3673 -114.374 -266.099 91.3673 109.925 -267.513 92.7815 98.7102 -267.513 92.7815 87.4952 -267.513 92.7815 87.4952 -267.313 92.2992 76.2803 -267.313 92.2992 76.2803 -266.995 91.885 65.0653 -266.995 91.885 65.0653 -266.581 91.5671 53.8503 -266.581 91.5671 53.8503 -266.099 91.3673 42.6354 -266.099 91.3673 109.925 -267.313 92.2992 98.7102 -267.313 92.2992 98.7102 -266.995 91.885 87.4952 -266.995 91.885 87.4952 -266.581 91.5671 76.2803 -266.581 91.5671 76.2803 -266.099 91.3673 65.0653 -266.099 91.3673 109.925 -266.995 91.885 98.7102 -266.581 91.5671 87.4952 -266.099 91.3673 109.925 -266.581 91.5671 109.925 -266.099 91.3673 98.7102 -266.099 91.3673 -114.374 -266.581 91.5671 -114.374 -266.995 91.885 -114.374 -267.313 92.2992 -114.374 -267.513 92.7815 -103.159 -267.513 92.7815 -91.9442 -267.513 92.7815 -103.159 -267.313 92.2992 -91.9442 -267.313 92.2992 -103.159 -266.995 91.885 -91.9442 -266.995 91.885 -103.159 -266.581 91.5671 76.2803 -267.513 92.7815 65.0653 -267.513 92.7815 53.8503 -267.513 92.7815 53.8503 -267.313 92.2992 42.6354 -267.313 92.2992 42.6354 -266.995 91.885 31.4204 -266.995 91.885 31.4204 -266.581 91.5671 20.2054 -266.581 91.5671 20.2054 -266.099 91.3673 8.99047 -266.099 91.3673 -2.2245 -266.099 91.3673 -13.4395 -266.099 91.3673 -2.2245 -266.581 91.5671 -13.4395 -266.581 91.5671 -2.2245 -266.995 91.885 -13.4395 -266.995 91.885 -2.2245 -267.313 92.2992 -13.4395 -267.313 92.2992 -2.2245 -267.513 92.7815 -13.4395 -267.513 92.7815 -24.6544 -267.513 92.7815 -35.8694 -267.513 92.7815 -35.8694 -267.313 92.2992 -47.0844 -267.313 92.2992 -47.0844 -266.995 91.885 -58.2993 -266.995 91.885 -58.2993 -266.581 91.5671 -69.5143 -266.581 91.5671 -69.5143 -266.099 91.3673 -80.7293 -266.099 91.3673 65.0653 -267.313 92.2992 42.6354 -267.513 92.7815 31.4204 -267.513 92.7815 20.2054 -267.513 92.7815 20.2054 -267.313 92.2992 8.99047 -267.313 92.2992 8.99047 -266.995 91.885 31.4204 -267.313 92.2992 8.99047 -267.513 92.7815 -24.6544 -267.313 92.2992 -24.6544 -266.995 91.885 -24.6544 -266.581 91.5671 -24.6544 -266.099 91.3673 -69.5143 -267.513 92.7815 -80.7293 -267.513 92.7815 -80.7293 -267.313 92.2992 53.8503 -266.995 91.885 20.2054 -266.995 91.885 -35.8694 -266.995 91.885 -47.0844 -266.581 91.5671 -58.2993 -266.099 91.3673 42.6354 -266.581 91.5671 8.99047 -266.581 91.5671 -35.8694 -266.581 91.5671 -35.8694 -266.099 91.3673 31.4204 -266.099 91.3673 -47.0844 -266.099 91.3673 148.624 -217.437 166.034 148.141 -217.437 167.975 148.169 -217.437 165.86 147.23 -217.437 167.626 147.77 -217.437 165.58 146.432 -217.437 167.066 147.45 -217.437 165.212 145.792 -217.437 166.331 147.229 -217.437 164.778 145.349 -217.437 165.462 145.349 -128.437 165.462 145.792 -128.437 166.331 147.229 -128.437 164.778 147.45 -128.437 165.212 146.432 -128.437 167.066 147.77 -128.437 165.58 147.23 -128.437 167.626 148.169 -128.437 165.86 148.141 -128.437 167.975 148.624 -128.437 166.034 145.792 -164.037 166.331 145.792 -146.237 166.331 146.432 -146.237 167.066 147.23 -146.237 167.626 148.141 -146.237 167.975 148.141 -164.037 167.975 148.141 -181.837 167.975 147.23 -181.837 167.626 147.23 -199.637 167.626 146.432 -199.637 167.066 145.792 -199.637 166.331 145.792 -181.837 166.331 146.432 -164.037 167.066 148.141 -199.637 167.975 146.432 -181.837 167.066 147.23 -164.037 167.626 140.56 -151.13 152.304 142.44 -151.13 151.62 140.759 -150.999 152.85 142.639 -150.999 152.166 140.963 -151.01 153.41 142.842 -151.01 152.726 141.16 -151.161 153.952 143.04 -151.161 153.268 141.339 -151.444 154.444 143.219 -151.444 153.76 141.491 -151.844 154.86 143.37 -151.844 154.176 141.605 -152.337 155.175 143.485 -152.337 154.491 141.677 -152.895 155.371 143.556 -152.895 154.687 141.701 -153.486 155.438 143.58 -153.486 154.754 143.58 -192.388 154.754 141.701 -192.388 155.438 141.677 -192.98 155.371 143.556 -192.98 154.687 141.605 -193.538 155.175 143.485 -193.538 154.491 141.491 -194.031 154.86 143.37 -194.031 154.176 141.339 -194.43 154.444 143.219 -194.43 153.76 141.16 -194.714 153.952 143.04 -194.714 153.268 140.963 -194.865 153.41 142.842 -194.865 152.726 140.759 -194.876 152.85 142.639 -194.876 152.166 140.56 -194.745 152.304 142.44 -194.745 151.62 137.707 -191.789 144.464 139.586 -191.789 143.78 139.586 -154.085 143.78 137.707 -154.085 144.464 138.084 -156.28 139.654 136.205 -156.28 140.338 136.811 -159.478 136.154 134.931 -159.478 136.838 135.842 -163.487 133.492 133.962 -163.487 134.176 135.236 -168.065 131.827 133.357 -168.065 132.512 135.03 -172.937 131.261 133.15 -172.937 131.945 135.236 -177.809 131.827 133.357 -177.809 132.512 135.842 -182.388 133.492 133.962 -182.388 134.176 136.811 -186.397 136.154 134.931 -186.397 136.838 138.084 -189.595 139.654 136.205 -189.595 140.338 121.285 -267.601 93.4979 125.453 -267.601 104.95 119.406 -267.601 94.18201 123.574 -267.601 105.634 123.574 -227.437 105.634 125.453 -227.437 104.95 128.873 -217.437 114.347 126.994 -217.437 115.031 127.988 -217.778 111.915 126.109 -217.778 112.599 127.163 -218.777 109.648 125.284 -218.777 110.332 126.455 -220.366 107.702 124.576 -220.366 108.386 125.912 -222.437 106.209 124.032 -222.437 106.893 125.57 -224.849 105.27 123.69 -224.849 105.954 147.45 -177.882 165.212 147.45 -187.771 165.212 147.45 -197.659 165.212 147.77 -197.659 165.58 147.77 -207.548 165.58 148.169 -207.548 165.86 148.624 -207.548 166.034 148.624 -197.659 166.034 148.624 -187.771 166.034 148.169 -187.771 165.86 148.169 -177.882 165.86 147.77 -177.882 165.58 147.77 -167.993 165.58 147.45 -167.993 165.212 147.45 -158.104 165.212 147.45 -148.215 165.212 147.45 -138.326 165.212 147.77 -148.215 165.58 147.77 -138.326 165.58 148.169 -148.215 165.86 148.169 -138.326 165.86 148.624 -148.215 166.034 148.624 -138.326 166.034 148.624 -167.993 166.034 148.624 -158.104 166.034 147.45 -207.548 165.212 147.77 -158.104 165.58 148.169 -158.104 165.86 147.77 -187.771 165.58 148.169 -167.993 165.86 148.624 -177.882 166.034 148.169 -197.659 165.86 126.994 -128.437 115.031 128.873 -128.437 114.347 125.453 -118.437 104.95 123.574 -118.437 105.634 125.57 -121.025 105.27 123.69 -121.025 105.954 125.912 -123.437 106.209 124.032 -123.437 106.893 126.455 -125.508 107.702 124.576 -125.508 108.386 127.163 -127.098 109.648 125.284 -127.098 110.332 127.988 -128.097 111.915 126.109 -128.097 112.599 123.574 -78.2733 105.634 125.453 -78.2733 104.95 119.406 -78.2733 94.18201 121.285 -78.2733 93.4979 120.715 -82.8544 91.9311 120.715 -263.02 91.9311 119.775 -82.8544 92.2731 118.835 -82.8544 92.6151 118.835 -263.02 92.6151 119.775 -263.02 92.2731 117.389 -83.9373 91.3465 117.821 -83.9373 89.3939 117.801 -83.9373 91.4864 118.646 -83.9373 89.6736 118.173 -83.9373 91.7121 119.39 -83.9373 90.1251 118.488 -83.9373 92.01301 120.019 -83.9373 90.7269 118.73 -83.9373 92.3748 120.503 -83.9373 91.4505 119.702 -83.39601 92.0902 119.702 -262.479 92.0903 118.73 -261.937 92.3748 120.503 -261.937 91.4505 120.019 -261.937 90.7269 118.488 -261.937 92.01301 119.39 -261.937 90.1251 118.173 -261.937 91.7121 118.646 -261.937 89.6736 117.801 -261.937 91.4864 117.821 -261.937 89.3939 117.389 -261.937 91.3465 120.272 -243.002 91.0624 120.272 -222.983 91.0624 120.272 -202.965 91.0624 119.633 -202.965 90.3266 119.633 -182.946 90.3266 118.834 -182.946 89.7674 118.834 -162.928 89.7674 117.924 -162.928 89.41801 117.924 -142.91 89.41801 117.924 -122.891 89.41801 117.924 -102.873 89.41801 118.834 -122.891 89.7674 118.834 -102.873 89.7674 119.633 -122.891 90.3266 119.633 -102.873 90.3266 120.272 -122.891 91.0624 120.272 -102.873 91.0624 119.633 -243.002 90.3266 119.633 -222.983 90.3266 118.834 -222.983 89.7674 118.834 -202.965 89.7674 117.924 -202.965 89.41801 117.924 -182.946 89.41801 118.834 -243.002 89.7674 117.924 -222.983 89.41801 117.924 -243.002 89.41801 120.272 -162.928 91.0624 120.272 -142.91 91.0624 119.633 -142.91 90.3266 120.272 -182.946 91.0624 119.633 -162.928 90.3266 118.834 -142.91 89.7674 118.614 -192.956 92.1808 118.614 -202.965 92.1808 118.294 -202.965 91.8129 118.294 -212.974 91.8129 117.895 -212.974 91.5333 117.895 -222.983 91.5333 117.44 -222.983 91.3586 117.44 -232.992 91.3586 117.44 -243.002 91.3586 117.44 -253.011 91.3586 117.895 -243.002 91.5333 117.895 -253.011 91.5333 118.294 -243.002 91.8129 118.294 -253.011 91.8129 118.614 -243.002 92.1808 118.614 -253.011 92.1808 118.614 -92.8636 92.1808 118.614 -102.873 92.1808 118.614 -112.882 92.1808 118.294 -112.882 91.8129 118.294 -122.891 91.8129 117.895 -122.891 91.5333 117.895 -132.9 91.5333 117.44 -132.9 91.3586 117.44 -142.91 91.3586 117.44 -152.919 91.3586 117.44 -162.928 91.3586 117.895 -152.919 91.5333 117.895 -162.928 91.5333 118.294 -152.919 91.8129 118.294 -162.928 91.8129 118.614 -152.919 92.1808 118.614 -162.928 92.1808 118.614 -172.937 92.1808 118.614 -182.946 92.1808 118.294 -182.946 91.8129 118.294 -192.956 91.8129 117.895 -192.956 91.5333 117.895 -202.965 91.5333 117.44 -202.965 91.3586 117.44 -212.974 91.3586 118.294 -92.8636 91.8129 118.294 -102.873 91.8129 117.895 -102.873 91.5333 117.895 -112.882 91.5333 117.44 -112.882 91.3586 117.44 -122.891 91.3586 117.895 -92.8636 91.5333 117.44 -102.873 91.3586 117.44 -92.8636 91.3586 118.614 -122.891 92.1808 118.614 -132.9 92.1808 118.614 -142.91 92.1808 118.294 -142.91 91.8129 118.294 -132.9 91.8129 118.294 -172.937 91.8129 117.895 -172.937 91.5333 117.44 -172.937 91.3586 118.614 -212.974 92.1808 118.614 -222.983 92.1808 118.614 -232.992 92.1808 118.294 -232.992 91.8129 118.294 -222.983 91.8129 117.895 -142.91 91.5333 117.895 -182.946 91.5333 117.44 -192.956 91.3586 117.895 -232.992 91.5333 117.44 -182.946 91.3586 -124.088 -79.5131 89.3763 -124.303 -79.1454 90.5276 -124.303 -78.7627 89.6037 -124.517 -78.0713 89.9735 -124.732 -78.1721 91.1779 -124.732 -77.46501 90.4707 -124.946 -76.9678 91.07701 -125.16 -77.5218 92.1511 -125.16 -76.5979 91.7684 -125.375 -76.3706 92.5189 -125.589 -77.2935 93.2992 -125.589 -76.2934 93.2992 -124.088 -79.9034 91.3376 -124.303 -79.5281 91.4514 -124.517 -79.1825 91.6361 -124.732 -78.8792 91.885 -124.946 -78.6304 92.1882 -125.16 -78.4457 92.5338 -125.375 -78.3319 92.9091 -125.589 -78.2934 93.2992 121.14 -78.2934 93.2992 120.926 -78.3319 92.9091 121.14 -77.2935 93.2992 120.711 -77.5218 92.1511 120.926 -76.3706 92.5189 120.711 -76.5979 91.7684 120.497 -76.9678 91.07701 120.283 -78.1721 91.1779 120.283 -77.46501 90.4707 120.068 -78.0713 89.9735 119.854 -79.1454 90.5276 119.854 -78.7627 89.6037 119.639 -79.5131 89.3763 120.711 -78.4457 92.5338 120.497 -78.6304 92.1882 120.283 -78.8792 91.885 120.068 -79.1825 91.6361 119.854 -79.5281 91.4514 119.639 -79.9034 91.3376 121.14 -76.2934 93.2992 -35.8694 -76.4297 92.2639 -58.2993 -76.4297 92.2639 -58.2993 -76.8294 91.2992 -80.7293 -76.8294 91.2992 -80.7293 -77.46501 90.4707 -103.159 -77.46501 90.4707 -103.159 -78.2934 89.8351 -103.159 -79.2582 89.4355 -80.7293 -79.2582 89.4355 -58.2993 -79.2582 89.4355 -58.2993 -78.2934 89.8351 -35.8694 -78.2934 89.8351 -35.8694 -77.46501 90.4707 -13.4395 -77.46501 90.4707 -13.4395 -76.8294 91.2992 8.99047 -76.8294 91.2992 8.99047 -76.4297 92.2639 31.4204 -76.4297 92.2639 53.8503 -76.4297 92.2639 76.2803 -76.4297 92.2639 53.8503 -76.8294 91.2992 76.2803 -76.8294 91.2992 53.8503 -77.46501 90.4707 76.2803 -77.46501 90.4707 53.8503 -78.2934 89.8351 76.2803 -78.2934 89.8351 53.8503 -79.2582 89.4355 76.2803 -79.2582 89.4355 98.7102 -79.2582 89.4355 98.7102 -78.2934 89.8351 98.7102 -77.46501 90.4707 98.7102 -76.8294 91.2992 98.7102 -76.4297 92.2639 31.4204 -79.2582 89.4355 -103.159 -76.8294 91.2992 -103.159 -76.4297 92.2639 -80.7293 -76.4297 92.2639 31.4204 -76.8294 91.2992 31.4204 -77.46501 90.4707 31.4204 -78.2934 89.8351 -13.4395 -76.4297 92.2639 -35.8694 -76.8294 91.2992 8.99047 -77.46501 90.4707 -13.4395 -78.2934 89.8351 -35.8694 -79.2582 89.4355 -58.2993 -77.46501 90.4707 -80.7293 -78.2934 89.8351 8.99047 -78.2934 89.8351 8.99047 -79.2582 89.4355 -13.4395 -79.2582 89.4355 42.6354 -78.3616 92.7815 53.8503 -78.3616 92.7815 53.8503 -78.5614 92.2992 65.0653 -78.5614 92.2992 65.0653 -78.8792 91.885 76.2803 -78.8792 91.885 76.2803 -79.2934 91.5671 87.4952 -79.2934 91.5671 87.4952 -79.7758 91.3673 98.7102 -79.7758 91.3673 109.925 -79.7758 91.3673 -114.374 -78.3616 92.7815 -103.159 -78.3616 92.7815 -91.9442 -78.3616 92.7815 -91.9442 -78.5614 92.2992 -80.7293 -78.5614 92.2992 -80.7293 -78.8792 91.885 -69.5143 -78.8792 91.885 -69.5143 -79.2934 91.5671 -58.2993 -79.2934 91.5671 -58.2993 -79.7758 91.3673 -47.0844 -79.7758 91.3673 -114.374 -78.5614 92.2992 -103.159 -78.5614 92.2992 -103.159 -78.8792 91.885 -91.9442 -78.8792 91.885 -91.9442 -79.2934 91.5671 -80.7293 -79.2934 91.5671 -80.7293 -79.7758 91.3673 -69.5143 -79.7758 91.3673 -114.374 -78.8792 91.885 -103.159 -79.2934 91.5671 -91.9442 -79.7758 91.3673 -114.374 -79.2934 91.5671 -114.374 -79.7758 91.3673 -103.159 -79.7758 91.3673 109.925 -79.2934 91.5671 109.925 -78.8792 91.885 109.925 -78.5614 92.2992 109.925 -78.3616 92.7815 98.7102 -78.3616 92.7815 87.4952 -78.3616 92.7815 98.7102 -78.5614 92.2992 87.4952 -78.5614 92.2992 98.7102 -78.8792 91.885 87.4952 -78.8792 91.885 98.7102 -79.2934 91.5671 -80.7293 -78.3616 92.7815 -69.5143 -78.3616 92.7815 -58.2993 -78.3616 92.7815 -58.2993 -78.5614 92.2992 -47.0844 -78.5614 92.2992 -47.0844 -78.8792 91.885 -35.8694 -78.8792 91.885 -35.8694 -79.2934 91.5671 -24.6544 -79.2934 91.5671 -24.6544 -79.7758 91.3673 -13.4395 -79.7758 91.3673 -2.2245 -79.7758 91.3673 8.99047 -79.7758 91.3673 -2.2245 -79.2934 91.5671 8.99047 -79.2934 91.5671 -2.2245 -78.8792 91.885 8.99047 -78.8792 91.885 -2.2245 -78.5614 92.2992 8.99047 -78.5614 92.2992 -2.2245 -78.3616 92.7815 8.99047 -78.3616 92.7815 20.2054 -78.3616 92.7815 31.4204 -78.3616 92.7815 31.4204 -78.5614 92.2992 42.6354 -78.5614 92.2992 42.6354 -78.8792 91.885 53.8503 -78.8792 91.885 53.8503 -79.2934 91.5671 65.0653 -79.2934 91.5671 65.0653 -79.7758 91.3673 76.2803 -79.7758 91.3673 -69.5143 -78.5614 92.2992 -47.0844 -78.3616 92.7815 -35.8694 -78.3616 92.7815 -24.6544 -78.3616 92.7815 -24.6544 -78.5614 92.2992 -13.4395 -78.5614 92.2992 -13.4395 -78.8792 91.885 -35.8694 -78.5614 92.2992 -13.4395 -78.3616 92.7815 20.2054 -78.5614 92.2992 20.2054 -78.8792 91.885 20.2054 -79.2934 91.5671 20.2054 -79.7758 91.3673 65.0653 -78.3616 92.7815 76.2803 -78.3616 92.7815 76.2803 -78.5614 92.2992 -58.2993 -78.8792 91.885 -24.6544 -78.8792 91.885 31.4204 -78.8792 91.885 42.6354 -79.2934 91.5671 53.8503 -79.7758 91.3673 -47.0844 -79.2934 91.5671 -13.4395 -79.2934 91.5671 31.4204 -79.2934 91.5671 31.4204 -79.7758 91.3673 -35.8694 -79.7758 91.3673 42.6354 -79.7758 91.3673 -124.952 -83.9373 91.4505 -125.164 -82.8544 91.9311 -124.151 -83.3957 92.0903 -124.224 -82.8544 92.2731 -123.284 -82.8544 92.6151 -123.179 -83.9373 92.3748 -122.937 -83.9373 92.01301 -122.622 -83.9373 91.7121 -124.468 -83.9373 90.7269 -122.25 -83.9373 91.4864 -123.839 -83.9373 90.1251 -123.095 -83.9373 89.6736 -122.27 -83.9373 89.3939 -121.838 -83.9373 91.3465 -121.838 -261.937 91.3465 -122.27 -261.937 89.3939 -122.25 -261.937 91.4864 -123.095 -261.937 89.6736 -123.839 -261.937 90.1251 -124.468 -261.937 90.7269 -122.622 -261.937 91.7121 -124.952 -261.937 91.4505 -122.937 -261.937 92.01301 -123.179 -261.937 92.3748 -124.151 -262.479 92.0902 -123.284 -263.02 92.6151 -124.224 -263.02 92.2731 -125.164 -263.02 91.9311 -122.373 -243.002 89.41801 -122.373 -222.983 89.41801 -122.373 -202.965 89.41801 -123.283 -202.965 89.7674 -123.283 -182.946 89.7674 -124.082 -182.946 90.3266 -124.082 -162.928 90.3266 -124.721 -162.928 91.0624 -124.721 -142.91 91.0624 -124.721 -122.891 91.0624 -124.721 -102.873 91.0624 -124.082 -122.891 90.3266 -124.082 -102.873 90.3266 -123.283 -122.891 89.7674 -123.283 -102.873 89.7674 -122.373 -122.891 89.41801 -122.373 -102.873 89.41801 -123.283 -243.002 89.7674 -123.283 -222.983 89.7674 -124.082 -222.983 90.3266 -124.082 -202.965 90.3266 -124.721 -202.965 91.0624 -124.721 -182.946 91.0624 -124.082 -243.002 90.3266 -124.721 -222.983 91.0624 -124.721 -243.002 91.0624 -122.373 -182.946 89.41801 -122.373 -162.928 89.41801 -122.373 -142.91 89.41801 -123.283 -142.91 89.7674 -123.283 -162.928 89.7674 -124.082 -142.91 90.3266 -123.063 -253.011 92.1808 -122.743 -253.011 91.8129 -122.344 -253.011 91.5333 -121.889 -253.011 91.3586 -121.889 -243.002 91.3586 -121.889 -232.992 91.3586 -122.344 -243.002 91.5333 -122.344 -232.992 91.5333 -122.743 -243.002 91.8129 -122.743 -232.992 91.8129 -123.063 -243.002 92.1808 -123.063 -232.992 92.1808 -123.063 -222.983 92.1808 -123.063 -212.974 92.1808 -122.743 -212.974 91.8129 -122.743 -202.965 91.8129 -122.344 -202.965 91.5333 -122.344 -192.956 91.5333 -121.889 -192.956 91.3586 -121.889 -182.946 91.3586 -121.889 -172.937 91.3586 -121.889 -162.928 91.3586 -122.344 -172.937 91.5333 -122.344 -162.928 91.5333 -122.743 -172.937 91.8129 -122.743 -162.928 91.8129 -123.063 -172.937 92.1808 -123.063 -162.928 92.1808 -123.063 -152.919 92.1808 -123.063 -142.91 92.1808 -123.063 -132.9 92.1808 -122.743 -132.9 91.8129 -122.743 -122.891 91.8129 -122.344 -122.891 91.5333 -122.344 -112.882 91.5333 -121.889 -112.882 91.3586 -121.889 -102.873 91.3586 -121.889 -92.8636 91.3586 -121.889 -222.983 91.3586 -122.344 -92.8636 91.5333 -122.743 -92.8636 91.8129 -123.063 -92.8636 92.1808 -123.063 -102.873 92.1808 -123.063 -112.882 92.1808 -122.743 -102.873 91.8129 -122.743 -112.882 91.8129 -122.344 -102.873 91.5333 -122.743 -222.983 91.8129 -122.344 -222.983 91.5333 -123.063 -202.965 92.1808 -123.063 -192.956 92.1808 -123.063 -182.946 92.1808 -122.743 -182.946 91.8129 -122.743 -192.956 91.8129 -122.743 -152.919 91.8129 -122.344 -152.919 91.5333 -121.889 -152.919 91.3586 -122.743 -142.91 91.8129 -122.344 -142.91 91.5333 -121.889 -142.91 91.3586 -123.063 -122.891 92.1808 -122.344 -212.974 91.5333 -121.889 -202.965 91.3586 -122.344 -182.946 91.5333 -122.344 -132.9 91.5333 -121.889 -122.891 91.3586 -121.889 -212.974 91.3586 -121.889 -132.9 91.3586 -153.557 -144.871 167.094 -153.557 -201.003 167.094 -153.073 -128.437 166.034 -152.59 -128.437 167.975 -152.618 -128.437 165.86 -151.679 -128.437 167.626 -152.219 -128.437 165.58 -150.881 -128.437 167.066 -151.899 -128.437 165.212 -150.241 -128.437 166.331 -151.678 -128.437 164.778 -149.798 -128.437 165.462 -151.678 -146.169 164.778 -150.738 -146.169 165.12 -151.805 -146.007 165.054 -151.177 -145.845 165.919 -151.974 -145.845 165.307 -152.415 -145.52 165.726 -151.837 -145.52 166.551 -152.676 -145.358 165.882 -152.656 -145.196 166.955 -152.958 -145.196 165.999 -153.253 -145.033 166.07 -149.798 -146.169 165.462 -150.05 -146.007 166.018 -150.384 -145.845 166.529 -150.791 -145.683 166.983 -151.263 -145.52 167.37 -151.788 -145.358 167.681 -152.354 -145.196 167.909 -152.949 -145.033 168.047 -152.949 -200.841 168.047 -152.656 -200.679 166.955 -153.254 -200.841 166.069 -152.958 -200.679 165.997 -152.414 -200.354 165.725 -151.836 -200.354 166.551 -152.178 -200.192 165.533 -151.177 -200.029 165.92 -151.972 -200.03 165.309 -151.804 -199.867 165.055 -150.738 -199.705 165.12 -151.678 -199.705 164.778 -152.354 -200.679 167.909 -151.788 -200.517 167.681 -151.263 -200.354 167.37 -150.791 -200.192 166.983 -150.384 -200.03 166.529 -150.05 -199.867 166.018 -149.798 -199.705 165.462 -149.798 -217.437 165.462 -150.241 -217.437 166.331 -151.678 -217.437 164.778 -151.899 -217.437 165.212 -150.881 -217.437 167.066 -152.219 -217.437 165.58 -151.679 -217.437 167.626 -152.618 -217.437 165.86 -152.59 -217.437 167.975 -153.073 -217.437 166.034 -125.734 -78.2733 93.4979 -129.902 -78.2733 104.95 -123.855 -78.2733 94.18201 -128.023 -78.2733 105.634 -128.023 -118.437 105.634 -129.902 -118.437 104.95 -133.322 -128.437 114.347 -131.443 -128.437 115.031 -132.437 -128.097 111.915 -130.558 -128.097 112.599 -131.612 -127.098 109.648 -129.733 -127.098 110.332 -130.904 -125.508 107.702 -129.025 -125.508 108.386 -130.361 -123.437 106.209 -128.481 -123.437 106.893 -130.019 -121.025 105.27 -128.139 -121.025 105.954 -153.073 -137.303 166.034 -152.618 -137.303 165.86 -152.219 -137.303 165.58 -151.899 -137.303 165.212 -153.073 -208.571 166.034 -152.618 -208.571 165.86 -152.219 -208.571 165.58 -151.899 -208.571 165.212 -131.443 -217.437 115.031 -133.322 -217.437 114.347 -129.902 -227.437 104.95 -128.023 -227.437 105.634 -130.019 -224.849 105.27 -128.139 -224.849 105.954 -130.361 -222.437 106.209 -128.481 -222.437 106.893 -130.904 -220.366 107.702 -129.025 -220.366 108.386 -131.612 -218.777 109.648 -129.733 -218.777 110.332 -132.437 -217.778 111.915 -130.558 -217.778 112.599 -128.023 -267.601 105.634 -129.902 -267.601 104.95 -123.855 -267.601 94.18201 -125.734 -267.601 93.4979 -226 -263.939 169.147 -226 -263.939 469.147 -226 -63.9386 169.147 -226 -63.9386 469.147 205.224 -110.191 182.647 205.224 -115.986 182.647 206 -110.089 182.647 206 -116.089 182.647 206.776 -110.191 182.647 206.776 -115.986 182.647 207.5 -110.491 182.647 207.5 -115.687 182.647 208.121 -110.967 182.647 208.121 -115.21 182.647 208.598 -111.589 182.647 208.598 -114.589 182.647 208.898 -112.312 182.647 208.898 -113.865 182.647 209 -113.089 182.647 204.5 -115.687 182.647 204.5 -110.491 182.647 203.879 -115.21 182.647 203.879 -110.967 182.647 203.402 -114.589 182.647 203.402 -111.589 182.647 203.102 -113.865 182.647 203.102 -112.312 182.647 203 -113.089 182.647 175.224 -110.191 182.647 175.224 -115.986 182.647 176 -110.089 182.647 176 -116.089 182.647 176.776 -110.191 182.647 176.776 -115.986 182.647 177.5 -110.491 182.647 177.5 -115.687 182.647 178.121 -110.967 182.647 178.121 -115.21 182.647 178.598 -111.589 182.647 178.598 -114.589 182.647 178.898 -112.312 182.647 178.898 -113.865 182.647 179 -113.089 182.647 174.5 -115.687 182.647 174.5 -110.491 182.647 173.879 -115.21 182.647 173.879 -110.967 182.647 173.402 -114.589 182.647 173.402 -111.589 182.647 173.102 -113.865 182.647 173.102 -112.312 182.647 173 -113.089 182.647 187.724 -207.541 182.647 187.724 -213.336 182.647 188.5 -207.439 182.647 188.5 -213.439 182.647 189.276 -207.541 182.647 189.276 -213.336 182.647 190 -207.841 182.647 190 -213.037 182.647 190.621 -208.317 182.647 190.621 -212.56 182.647 191.098 -208.939 182.647 191.098 -211.939 182.647 191.398 -209.662 182.647 191.398 -211.215 182.647 191.5 -210.439 182.647 187 -213.037 182.647 187 -207.841 182.647 186.379 -212.56 182.647 186.379 -208.317 182.647 185.902 -211.939 182.647 185.902 -208.939 182.647 185.602 -211.215 182.647 185.602 -209.662 182.647 185.5 -210.439 182.647 -150.776 -191.041 182.647 -150.776 -196.836 182.647 -150 -190.939 182.647 -150 -196.939 182.647 -149.224 -191.041 182.647 -149.224 -196.836 182.647 -148.5 -191.341 182.647 -148.5 -196.537 182.647 -147.879 -191.817 182.647 -147.879 -196.06 182.647 -147.402 -192.439 182.647 -147.402 -195.439 182.647 -147.102 -193.162 182.647 -147.102 -194.715 182.647 -147 -193.939 182.647 -151.5 -196.537 182.647 -151.5 -191.341 182.647 -152.121 -196.06 182.647 -152.121 -191.817 182.647 -152.598 -195.439 182.647 -152.598 -192.439 182.647 -152.898 -194.715 182.647 -152.898 -193.162 182.647 -153 -193.939 182.647 -150.776 -161.041 182.647 -150.776 -166.836 182.647 -150 -160.939 182.647 -150 -166.939 182.647 -149.224 -161.041 182.647 -149.224 -166.836 182.647 -148.5 -161.341 182.647 -148.5 -166.537 182.647 -147.879 -161.817 182.647 -147.879 -166.06 182.647 -147.402 -162.439 182.647 -147.402 -165.439 182.647 -147.102 -163.162 182.647 -147.102 -164.715 182.647 -147 -163.939 182.647 -151.5 -166.537 182.647 -151.5 -161.341 182.647 -152.121 -166.06 182.647 -152.121 -161.817 182.647 -152.598 -165.439 182.647 -152.598 -162.439 182.647 -152.898 -164.715 182.647 -152.898 -163.162 182.647 -153 -163.939 182.647 186.5 -262.439 452.647 186.5 -262.439 185.647 186.5 -283.939 452.647 186.5 -283.939 185.647 -209.5 -283.939 452.647 -209.5 -262.439 452.647 -209.5 -283.939 185.647 -209.5 -262.439 185.647 206.776 -110.191 170.647 206 -110.089 170.647 205.224 -110.191 170.647 204.5 -110.491 170.647 203.879 -110.967 170.647 203.402 -111.589 170.647 203.102 -112.312 170.647 203 -113.089 170.647 203.102 -113.865 170.647 203.402 -114.589 170.647 203.879 -115.21 170.647 204.5 -115.687 170.647 205.224 -115.986 170.647 206 -116.089 170.647 206.776 -115.986 170.647 207.5 -115.687 170.647 208.121 -115.21 170.647 208.598 -114.589 170.647 208.898 -113.865 170.647 209 -113.089 170.647 208.898 -112.312 170.647 208.598 -111.589 170.647 208.121 -110.967 170.647 207.5 -110.491 170.647 176.776 -110.191 170.647 176 -110.089 170.647 175.224 -110.191 170.647 174.5 -110.491 170.647 173.879 -110.967 170.647 173.402 -111.589 170.647 173.102 -112.312 170.647 173 -113.089 170.647 173.102 -113.865 170.647 173.402 -114.589 170.647 173.879 -115.21 170.647 174.5 -115.687 170.647 175.224 -115.986 170.647 176 -116.089 170.647 176.776 -115.986 170.647 177.5 -115.687 170.647 178.121 -115.21 170.647 178.598 -114.589 170.647 178.898 -113.865 170.647 179 -113.089 170.647 178.898 -112.312 170.647 178.598 -111.589 170.647 178.121 -110.967 170.647 177.5 -110.491 170.647 189.276 -207.541 170.647 188.5 -207.439 170.647 187.724 -207.541 170.647 187 -207.841 170.647 186.379 -208.317 170.647 185.902 -208.939 170.647 185.602 -209.662 170.647 185.5 -210.439 170.647 185.602 -211.215 170.647 185.902 -211.939 170.647 186.379 -212.56 170.647 187 -213.037 170.647 187.724 -213.336 170.647 188.5 -213.439 170.647 189.276 -213.336 170.647 190 -213.037 170.647 190.621 -212.56 170.647 191.098 -211.939 170.647 191.398 -211.215 170.647 191.5 -210.439 170.647 191.398 -209.662 170.647 191.098 -208.939 170.647 190.621 -208.317 170.647 190 -207.841 170.647 -149.224 -191.041 170.647 -150 -190.939 170.647 -150.776 -191.041 170.647 -151.5 -191.341 170.647 -152.121 -191.817 170.647 -152.598 -192.439 170.647 -152.898 -193.162 170.647 -153 -193.939 170.647 -152.898 -194.715 170.647 -152.598 -195.439 170.647 -152.121 -196.06 170.647 -151.5 -196.537 170.647 -150.776 -196.836 170.647 -150 -196.939 170.647 -149.224 -196.836 170.647 -148.5 -196.537 170.647 -147.879 -196.06 170.647 -147.402 -195.439 170.647 -147.102 -194.715 170.647 -147 -193.939 170.647 -147.102 -193.162 170.647 -147.402 -192.439 170.647 -147.879 -191.817 170.647 -148.5 -191.341 170.647 222.5 -65.4386 170.647 222.5 -65.4386 467.647 -224.5 -65.4386 170.647 -224.5 -65.4386 467.647 222.5 -262.439 467.647 -224.5 -262.439 467.647 222.5 -262.439 170.647 -224.5 -262.439 170.647 -149.224 -161.041 170.647 -150 -160.939 170.647 -150.776 -161.041 170.647 -151.5 -161.341 170.647 -152.121 -161.817 170.647 -152.598 -162.439 170.647 -152.898 -163.162 170.647 -153 -163.939 170.647 -152.898 -164.715 170.647 -152.598 -165.439 170.647 -152.121 -166.06 170.647 -151.5 -166.537 170.647 -150.776 -166.836 170.647 -150 -166.939 170.647 -149.224 -166.836 170.647 -148.5 -166.537 170.647 -147.879 -166.06 170.647 -147.402 -165.439 170.647 -147.102 -164.715 170.647 -147 -163.939 170.647 -147.102 -163.162 170.647 -147.402 -162.439 170.647 -147.879 -161.817 170.647 -148.5 -161.341 170.647 67.7706 -159.35 467.647 -69.7706 -159.35 467.647 -71 -159.189 467.647 73.75 -163.939 467.647 73.5882 -162.709 467.647 73.1136 -161.564 467.647 67.7706 -168.527 467.647 69 -168.689 467.647 70.2294 -168.527 467.647 -75.75 -163.939 467.647 -75.5882 -165.168 467.647 -75.1136 -166.314 467.647 71.375 -168.052 467.647 72.3588 -167.297 467.647 73.1136 -166.314 467.647 73.5882 -165.168 467.647 72.3588 -160.58 467.647 71.375 -159.825 467.647 70.2294 -159.35 467.647 69 -159.189 467.647 -68.625 -159.825 467.647 66.625 -159.825 467.647 65.6412 -160.58 467.647 -67.6412 -160.58 467.647 64.8864 -161.564 467.647 -66.8864 -161.564 467.647 64.4118 -162.709 467.647 -66.4118 -162.709 467.647 64.25 -163.939 467.647 -66.25 -163.939 467.647 -66.4118 -165.168 467.647 64.4118 -165.168 467.647 -66.8864 -166.314 467.647 64.8864 -166.314 467.647 -67.6412 -167.297 467.647 65.6412 -167.297 467.647 -68.625 -168.052 467.647 66.625 -168.052 467.647 -72.2294 -168.527 467.647 -71 -168.689 467.647 -69.7706 -168.527 467.647 -72.2294 -159.35 467.647 -73.375 -159.825 467.647 -74.3588 -160.58 467.647 -75.1136 -161.564 467.647 -75.5882 -162.709 467.647 -74.3588 -167.297 467.647 -73.375 -168.052 467.647 -211 -283.939 184.147 -211 -283.939 454.147 188 -283.939 454.147 188 -283.939 184.147 -157.606 -210.866 170.647 -157.55 -210.439 170.647 -157.606 -210.012 170.647 -157.771 -209.614 170.647 -158.033 -209.272 170.647 -158.375 -209.01 170.647 -158.773 -208.845 170.647 -159.2 -208.789 170.647 -159.627 -208.845 170.647 -160.025 -209.01 170.647 -160.629 -209.614 170.647 -160.794 -210.012 170.647 -160.85 -210.439 170.647 -160.794 -210.866 170.647 -160.629 -211.264 170.647 -160.367 -211.605 170.647 -160.025 -211.868 170.647 -159.627 -212.032 170.647 -159.2 -212.089 170.647 -158.773 -212.032 170.647 -158.375 -211.868 170.647 -160.367 -209.272 170.647 -157.771 -211.264 170.647 -158.033 -211.605 170.647 -72.2294 -168.527 469.147 -71 -168.689 469.147 -69.7706 -168.527 469.147 -68.625 -168.052 469.147 -67.6412 -167.297 469.147 -66.8864 -166.314 469.147 -66.4118 -165.168 469.147 -66.25 -163.939 469.147 -66.4118 -162.709 469.147 -66.8864 -161.564 469.147 -67.6412 -160.58 469.147 -68.625 -159.825 469.147 -69.7706 -159.35 469.147 -71 -159.189 469.147 -72.2294 -159.35 469.147 -73.375 -159.825 469.147 -74.3588 -160.58 469.147 -75.1136 -161.564 469.147 -75.5882 -162.709 469.147 -75.75 -163.939 469.147 -75.5882 -165.168 469.147 -75.1136 -166.314 469.147 -74.3588 -167.297 469.147 -73.375 -168.052 469.147 67.7706 -168.527 469.147 69 -168.689 469.147 70.2294 -168.527 469.147 71.375 -168.052 469.147 72.3588 -167.297 469.147 73.1136 -166.314 469.147 73.5882 -165.168 469.147 73.75 -163.939 469.147 73.5882 -162.709 469.147 73.1136 -161.564 469.147 72.3588 -160.58 469.147 71.375 -159.825 469.147 70.2294 -159.35 469.147 69 -159.189 469.147 67.7706 -159.35 469.147 66.625 -159.825 469.147 65.6412 -160.58 469.147 64.8864 -161.564 469.147 64.4118 -162.709 469.147 64.25 -163.939 469.147 64.4118 -165.168 469.147 64.8864 -166.314 469.147 65.6412 -167.297 469.147 66.625 -168.052 469.147 -211 -263.939 184.147 188 -263.939 184.147 188 -263.939 454.147 -211 -263.939 454.147 -157.606 -210.012 169.147 -157.55 -210.439 169.147 -157.606 -210.866 169.147 -157.771 -211.264 169.147 -158.033 -211.605 169.147 -158.375 -211.868 169.147 -158.773 -212.032 169.147 -159.2 -212.089 169.147 -159.627 -212.032 169.147 -160.025 -211.868 169.147 -160.367 -211.605 169.147 -160.629 -211.264 169.147 -160.794 -210.866 169.147 -160.85 -210.439 169.147 -160.794 -210.012 169.147 -160.629 -209.614 169.147 -160.367 -209.272 169.147 -160.025 -209.01 169.147 -159.627 -208.845 169.147 -159.2 -208.789 169.147 -158.773 -208.845 169.147 -158.375 -209.01 169.147 -158.033 -209.272 169.147 -157.771 -209.614 169.147 224 -63.9386 169.147 224 -63.9386 469.147 224 -263.939 169.147 224 -263.939 469.147 220 -275.439 172.147 -223 -275.439 172.147 220 -275.439 465.147 -223 -275.439 465.147 221.5 -285.439 466.647 221.5 -263.439 466.647 -224.5 -285.439 466.647 -224.5 -263.439 466.647 221.5 -285.439 170.647 221.5 -263.439 170.647 -223 -263.439 465.147 -223 -263.439 172.147 220 -263.439 172.147 -224.5 -285.439 170.647 -224.5 -263.439 170.647 220 -263.439 465.147 -86 -173.954 487.631 -85.5856 -173.954 488.455 -86 -153.924 487.631 -85.5856 -153.924 488.455 83.5856 -173.954 488.455 84 -173.954 487.631 83.5856 -153.924 488.455 84 -153.924 487.631 83.5778 -153.709 488.461 83.7401 -153.386 488.077 83.5438 -153.497 488.486 83.4858 -153.294 488.529 83.5658 -152.885 488.182 83.4065 -153.102 488.588 83.1956 -152.758 488.745 83.2838 -152.431 488.351 82.9319 -152.474 488.941 82.9146 -152.047 488.571 82.6308 -152.253 489.164 82.1679 -151.611 489.013 82.3041 -152.097 489.407 81.9619 -152.007 489.661 81.6889 -151.03 488.791 81.6121 -151.988 489.921 81 -150.962 489.124 83.9548 -153.377 487.661 83.7938 -152.827 487.744 83.5134 -152.298 487.884 83.11701 -151.818 488.081 82.7955 -151.542 488.241 82.4201 -151.301 488.427 82.1923 -151.192 488.54 50.3277 -175.281 513.161 50.3277 -152.596 513.161 81.6121 -175.889 489.921 83.5778 -174.169 488.461 83.5438 -174.38 488.486 83.4858 -174.583 488.529 83.4065 -174.775 488.588 83.1956 -175.119 488.745 82.9319 -175.403 488.941 82.6308 -175.624 489.164 82.3041 -175.781 489.407 81.9619 -175.87 489.661 81.88101 -176.35 489.183 81 -176.915 489.124 81.6915 -176.847 488.79 82.4171 -176.578 488.428 82.42301 -176.155 488.862 82.9013 -175.841 488.579 83.2996 -175.426 488.342 83.6703 -174.738 488.119 83.9548 -174.5 487.661 83.0158 -176.154 488.132 83.5136 -175.579 487.883 83.7938 -175.051 487.744 84 -153.44 469.147 84 -174.438 469.147 54 -175.176 479.147 54 -152.701 479.147 54 -175.438 469.147 54 -152.439 469.147 34 -174.6 499.147 34 -153.277 499.147 37.9018 -174.611 498.763 37.9018 -153.266 498.763 40.7378 -153.244 497.978 40.7378 -174.634 497.978 43.4279 -153.209 496.785 43.4279 -174.668 496.785 45.914 -174.713 495.211 45.914 -153.164 495.211 48.1421 -153.108 493.289 48.1421 -174.769 493.289 50.0641 -153.044 491.061 50.0641 -174.833 491.061 51.6384 -174.904 488.575 51.6384 -152.973 488.575 52.8308 -152.895 485.885 52.8308 -174.982 485.885 53.6157 -152.814 483.049 53.6157 -175.064 483.049 -36 -153.277 499.147 -36 -174.6 499.147 -39.9018 -153.266 498.763 -39.9018 -174.611 498.763 -42.7378 -174.634 497.978 -42.7378 -153.244 497.978 -45.4279 -174.668 496.785 -45.4279 -153.209 496.785 -47.914 -153.164 495.211 -47.914 -174.713 495.211 -50.1421 -174.769 493.289 -50.1421 -153.108 493.289 -52.0641 -174.833 491.061 -52.0641 -153.044 491.061 -53.6384 -152.973 488.575 -53.6384 -174.904 488.575 -54.8308 -174.982 485.885 -54.8308 -152.895 485.885 -55.6157 -175.064 483.049 -55.6157 -152.814 483.049 -56 -152.701 479.147 -56 -175.176 479.147 -40.292 -151.267 500.777 -36 -151.278 501.199 -40.22 -151.292 500.414 -36 -151.318 500.746 -40.1463 -151.392 500.041 -36 -151.459 500.313 -40.0754 -151.574 499.68 -36 -151.695 499.924 -40.0125 -151.834 499.357 -36 -152.013 499.598 -39.9618 -152.157 499.093 -36 -152.396 499.352 -39.9263 -152.52 498.905 -36 -152.825 499.199 -39.9067 -152.897 498.797 -43.6634 -152.865 497.658 -43.702 -152.487 497.761 -43.7718 -152.125 497.939 -43.8712 -151.802 498.187 -43.9946 -151.543 498.492 -44.1335 -151.36 498.832 -44.2779 -151.259 499.183 -43.4116 -151.244 499.913 -46.3707 -151.21 498.602 -48.018 -151.207 497.185 -49.1054 -151.165 496.87 -51.2964 -151.136 494.495 -51.5564 -151.109 494.756 -53.6705 -151.045 492.305 -53.9874 -151.05 491.217 -55.4022 -150.973 489.57 -55.9873 -150.952 487.478 -56.7139 -150.896 486.611 -57.2194 -150.846 483.419 -57.5773 -150.814 483.491 -58 -150.702 479.199 -57.4824 -150.77 479.198 -56.8532 -150.952 483.344 -57 -150.97 479.192 -56.5009 -151.136 483.269 -56.5858 -151.287 479.184 -56.1867 -151.396 483.2 -55.9319 -151.716 483.141 -55.0122 -151.501 487.059 -54.7722 -151.822 486.952 -53.1078 -151.597 490.615 -52.8918 -151.918 490.463 -50.547 -151.682 493.731 -50.3633 -152.003 493.539 -47.4282 -151.751 496.288 -47.2839 -152.073 496.064 -47.1259 -152.812 495.808 -47.1824 -152.435 495.902 -50.1614 -152.741 493.318 -50.2338 -152.365 493.4 -52.6532 -152.655 490.284 -54.5054 -152.556 486.822 -55.6468 -152.449 483.065 -56.0681 -152.184 479.161 -55.7505 -152.076 483.095 -54.602 -152.182 486.872 -56.2679 -151.701 479.173 -47.8085 -151.309 496.869 -47.6072 -151.491 496.563 -51.0304 -151.239 494.226 -50.7746 -151.422 493.966 -53.6752 -151.154 491.006 -53.3751 -151.337 490.801 -55.6414 -151.057 487.332 -55.3087 -151.241 487.189 -52.7391 -152.279 490.351 34 -151.318 500.746 25.25 -151.318 500.746 34 -151.278 501.199 16.5 -151.318 500.746 7.75 -151.318 500.746 7.75 -151.459 500.313 -1 -151.459 500.313 -1 -151.695 499.924 -9.75 -151.695 499.924 -9.75 -152.013 499.598 -18.5 -152.013 499.598 -18.5 -152.396 499.352 -27.25 -152.396 499.352 -27.25 -152.825 499.199 -18.5 -152.825 499.199 -9.75 -152.825 499.199 -9.75 -152.396 499.352 -1 -152.396 499.352 -1 -152.013 499.598 7.75 -152.013 499.598 7.75 -151.695 499.924 16.5 -151.695 499.924 16.5 -151.459 500.313 25.25 -151.459 500.313 34 -151.459 500.313 25.25 -151.695 499.924 16.5 -152.013 499.598 7.75 -152.396 499.352 -1 -152.825 499.199 34 -151.695 499.924 25.25 -152.013 499.598 16.5 -152.396 499.352 7.75 -152.825 499.199 34 -152.013 499.598 25.25 -152.396 499.352 16.5 -152.825 499.199 34 -152.396 499.352 25.25 -152.825 499.199 34 -152.825 499.199 -27.25 -152.013 499.598 -18.5 -151.695 499.924 -9.75 -151.459 500.313 -1 -151.318 500.746 -27.25 -151.695 499.924 -18.5 -151.459 500.313 -9.75 -151.318 500.746 -27.25 -151.459 500.313 -18.5 -151.318 500.746 -27.25 -151.318 500.746 55.5773 -150.814 483.491 56 -150.702 479.199 55.2194 -150.846 483.419 55.4824 -150.77 479.198 54.8532 -150.952 483.344 55 -150.97 479.192 54.5009 -151.136 483.269 54.5858 -151.287 479.184 54.1867 -151.396 483.2 53.9319 -151.716 483.141 52.7722 -151.822 486.952 52.602 -152.182 486.872 50.7391 -152.279 490.351 50.6532 -152.655 490.284 48.1614 -152.741 493.318 54.2679 -151.701 479.173 53.7505 -152.076 483.095 52.5054 -152.556 486.822 54.0681 -152.184 479.161 53.6468 -152.449 483.065 45.1259 -152.812 495.808 48.2338 -152.365 493.4 45.1824 -152.435 495.902 48.3633 -152.003 493.539 45.2839 -152.073 496.064 48.547 -151.682 493.731 45.4282 -151.751 496.288 48.7746 -151.422 493.966 45.6072 -151.491 496.563 49.0304 -151.239 494.226 45.8085 -151.309 496.869 49.2964 -151.136 494.495 46.018 -151.207 497.185 47.1054 -151.165 496.87 44.3707 -151.21 498.602 42.2779 -151.259 499.183 41.4116 -151.244 499.913 38.22 -151.292 500.414 38.292 -151.267 500.777 38.1463 -151.392 500.041 38.0754 -151.574 499.68 38.0125 -151.834 499.357 37.9618 -152.157 499.093 37.9263 -152.52 498.905 37.9067 -152.897 498.797 41.6634 -152.865 497.658 49.5564 -151.109 494.756 51.6705 -151.045 492.305 51.9874 -151.05 491.217 53.4022 -150.973 489.57 53.9873 -150.952 487.478 54.7139 -150.896 486.611 53.6414 -151.057 487.332 53.3087 -151.241 487.189 53.0122 -151.501 487.059 51.6752 -151.154 491.006 51.3751 -151.337 490.801 51.1078 -151.597 490.615 50.8918 -151.918 490.463 42.1335 -151.36 498.832 41.9946 -151.543 498.492 41.8712 -151.802 498.187 41.7718 -152.125 497.939 41.702 -152.487 497.761 56 -150.439 469.147 55.4824 -150.507 469.147 55 -150.707 469.147 54.5858 -151.025 469.147 54.2679 -151.439 469.147 54.0681 -151.921 469.147 81.7765 -150.541 469.147 81 -150.439 469.147 81.7765 -150.802 479.133 82.5 -151.102 479.125 82.5 -150.841 469.147 83.1213 -151.318 469.147 83.1215 -151.579 479.112 83.5981 -151.939 469.147 83.5981 -152.2 479.096 83.8978 -152.663 469.147 83.8978 -152.923 479.077 49.7155 -151.57 512.364 49.6506 -152.603 513.582 48.707 -152.099 513.436 48.9155 -152.609 513.892 48.141 -152.614 514.082 47.3461 -152.617 514.147 47.978 -151.589 513.0971 47.3461 -151.591 513.147 49.1782 -151.579 512.7 48.5939 -151.586 512.9461 -49.3461 -152.617 514.147 -49.3461 -151.591 513.147 47.3461 -175.26 514.147 48.141 -175.264 514.082 48.9155 -175.268 513.892 49.6506 -175.274 513.582 49.7155 -176.307 512.364 49.1782 -176.298 512.7 48.8028 -175.779 513.4041 48.5939 -176.292 512.9461 47.978 -176.288 513.0971 47.3461 -176.286 513.147 83.8978 -175.214 469.147 83.8978 -174.954 479.077 83.5981 -175.678 479.096 83.5981 -175.938 469.147 83.1213 -176.299 479.112 83.1213 -176.56 469.147 82.5 -176.775 479.125 82.5 -177.037 469.147 81.7765 -177.075 479.133 81.7765 -177.336 469.147 81 -177.439 469.147 56 -177.439 469.147 55.4824 -177.37 469.147 55 -177.171 469.147 54.5858 -176.853 469.147 54.2679 -176.438 469.147 54.0681 -175.956 469.147 54.0681 -175.694 479.161 54.2679 -176.176 479.173 54.5858 -176.59 479.184 55 -176.908 479.192 55.4824 -177.107 479.198 56 -177.175 479.199 53.6468 -175.428 483.065 53.7505 -175.802 483.095 53.9319 -176.161 483.141 54.1867 -176.481 483.2 54.5009 -176.741 483.269 53.3087 -176.636 487.189 53.6414 -176.82 487.332 51.6752 -176.723 491.006 51.9874 -176.827 491.217 49.2964 -176.741 494.495 51.6705 -176.832 492.305 49.5564 -176.768 494.756 54.8532 -176.926 483.344 53.9873 -176.925 487.478 53.4022 -176.904 489.57 55.2194 -177.031 483.419 54.7139 -176.981 486.611 55.5773 -177.063 483.491 47.1054 -176.713 496.87 46.018 -176.67 497.185 49.0304 -176.638 494.226 45.8085 -176.569 496.869 48.7746 -176.455 493.966 45.6072 -176.386 496.563 48.547 -176.196 493.731 45.4282 -176.126 496.288 48.3633 -175.874 493.539 45.2839 -175.804 496.064 48.2338 -175.512 493.4 45.1824 -175.442 495.902 48.1614 -175.136 493.318 45.1259 -175.065 495.808 41.6634 -175.012 497.658 37.9067 -174.98 498.797 34 -175.052 499.199 37.9263 -175.358 498.905 34 -175.481 499.352 37.9618 -175.721 499.093 34 -175.864 499.598 38.0125 -176.043 499.357 34 -176.182 499.924 38.0754 -176.303 499.68 34 -176.418 500.313 38.1463 -176.485 500.041 34 -176.559 500.746 38.22 -176.586 500.414 34 -176.599 501.199 38.292 -176.61 500.777 41.4116 -176.633 499.913 42.2779 -176.618 499.183 44.3707 -176.667 498.602 50.6532 -175.223 490.284 52.5054 -175.321 486.822 52.602 -175.696 486.872 52.7722 -176.056 486.952 53.0122 -176.376 487.059 50.7391 -175.598 490.351 50.8918 -175.959 490.463 51.1078 -176.28 490.615 51.3751 -176.54 490.801 41.702 -175.39 497.761 41.7718 -175.753 497.939 41.8712 -176.075 498.187 41.9946 -176.335 498.492 42.1335 -176.517 498.832 25.25 -175.052 499.199 16.5 -175.052 499.199 7.75 -175.052 499.199 7.75 -175.481 499.352 -1 -175.481 499.352 -1 -175.864 499.598 -9.75 -175.864 499.598 -9.75 -176.182 499.924 -18.5 -176.182 499.924 -18.5 -176.418 500.313 -27.25 -176.418 500.313 -27.25 -176.559 500.746 -36 -176.559 500.746 -36 -176.599 501.199 -18.5 -176.559 500.746 -9.75 -176.559 500.746 -9.75 -176.418 500.313 -1 -176.418 500.313 -1 -176.182 499.924 7.75 -176.182 499.924 7.75 -175.864 499.598 16.5 -175.864 499.598 16.5 -175.481 499.352 25.25 -175.481 499.352 25.25 -175.864 499.598 16.5 -176.182 499.924 7.75 -176.418 500.313 -1 -176.559 500.746 25.25 -176.182 499.924 16.5 -176.418 500.313 7.75 -176.559 500.746 25.25 -176.418 500.313 16.5 -176.559 500.746 25.25 -176.559 500.746 -36 -176.418 500.313 -27.25 -176.182 499.924 -18.5 -175.864 499.598 -9.75 -175.481 499.352 -1 -175.052 499.199 -36 -176.182 499.924 -27.25 -175.864 499.598 -18.5 -175.481 499.352 -9.75 -175.052 499.199 -36 -175.864 499.598 -27.25 -175.481 499.352 -18.5 -175.052 499.199 -36 -175.481 499.352 -27.25 -175.052 499.199 -36 -175.052 499.199 -39.9067 -174.98 498.797 -39.9263 -175.358 498.905 -39.9618 -175.721 499.093 -40.0125 -176.043 499.357 -40.0754 -176.303 499.68 -40.1463 -176.485 500.041 -40.22 -176.586 500.414 -40.292 -176.61 500.777 -43.4116 -176.633 499.913 -44.2779 -176.618 499.183 -44.1335 -176.517 498.832 -43.9946 -176.335 498.492 -43.8712 -176.075 498.187 -43.7718 -175.753 497.939 -43.702 -175.39 497.761 -43.6634 -175.012 497.658 -47.1259 -175.065 495.808 -50.1614 -175.136 493.318 -52.6532 -175.223 490.284 -54.5054 -175.321 486.822 -55.6468 -175.428 483.065 -56.0681 -175.694 479.161 -55.7505 -175.802 483.095 -56.2679 -176.176 479.173 -55.9319 -176.161 483.141 -56.5858 -176.59 479.184 -56.1867 -176.481 483.2 -56.5009 -176.741 483.269 -55.0122 -176.376 487.059 -55.3087 -176.636 487.189 -53.1078 -176.28 490.615 -53.3751 -176.54 490.801 -50.547 -176.196 493.731 -50.7746 -176.455 493.966 -47.4282 -176.126 496.288 -47.6072 -176.386 496.563 -46.3707 -176.667 498.602 -48.018 -176.67 497.185 -47.8085 -176.569 496.869 -49.1054 -176.713 496.87 -51.2964 -176.741 494.495 -51.0304 -176.638 494.226 -51.5564 -176.768 494.756 -53.6705 -176.832 492.305 -53.9874 -176.827 491.217 -55.4022 -176.904 489.57 -55.9873 -176.925 487.478 -56.7139 -176.981 486.611 -57.2194 -177.031 483.419 -57.5773 -177.063 483.491 -58 -177.175 479.199 -57.4824 -177.107 479.198 -56.8532 -176.926 483.344 -55.6414 -176.82 487.332 -57 -176.908 479.192 -47.1824 -175.442 495.902 -47.2839 -175.804 496.064 -50.2338 -175.512 493.4 -50.3633 -175.874 493.539 -52.7391 -175.598 490.351 -52.8918 -175.959 490.463 -54.602 -175.696 486.872 -54.7722 -176.056 486.952 -53.6752 -176.723 491.006 -49.3461 -176.286 513.147 -49.3461 -175.26 514.147 -58 -177.439 469.147 -57.4824 -177.37 469.147 -57 -177.171 469.147 -56.5858 -176.853 469.147 -56.2679 -176.438 469.147 -56.0681 -175.956 469.147 -56 -175.438 469.147 -56 -152.439 469.147 -56.0681 -151.921 469.147 -56.2679 -151.439 469.147 -56.5858 -151.025 469.147 -57 -150.707 469.147 -57.4824 -150.507 469.147 -58 -150.439 469.147 -83 -150.439 469.147 -83 -150.962 489.124 -51.7155 -151.57 512.364 -51.1782 -151.579 512.7 -50.5939 -151.586 512.9461 -49.978 -151.589 513.0971 -52.3277 -152.596 513.161 -50.8028 -152.098 513.4041 -50.141 -152.614 514.082 -51.6506 -152.603 513.582 -50.9155 -152.609 513.892 -49.978 -176.288 513.0971 -50.5939 -176.292 512.9461 -51.1782 -176.298 512.7 -51.7155 -176.307 512.364 -83 -176.915 489.124 -83 -177.439 469.147 -50.707 -175.778 513.436 -51.6506 -175.274 513.582 -52.3277 -175.281 513.161 -50.141 -175.264 514.082 -50.9155 -175.268 513.892 -83.7765 -177.336 469.147 -84.5 -177.037 469.147 -85.1213 -176.56 469.147 -85.5981 -175.938 469.147 -85.8978 -175.214 469.147 -86 -174.438 469.147 -86 -153.44 469.147 -85.8978 -152.663 469.147 -85.5981 -151.939 469.147 -85.1213 -151.318 469.147 -84.5 -150.841 469.147 -83.7765 -150.541 469.147 -85.8978 -152.923 479.077 -85.9548 -153.377 487.661 -85.7938 -152.827 487.744 -85.5981 -152.2 479.096 -85.1213 -151.579 479.112 -84.5 -151.102 479.125 -83.7765 -150.802 479.133 -83.6915 -151.03 488.79 -85.5136 -152.298 487.883 -85.0158 -151.723 488.132 -84.4171 -151.3 488.428 -83.6121 -151.988 489.921 -83.7765 -177.075 479.133 -83.6889 -176.848 488.791 -84.1923 -176.685 488.54 -84.5 -176.775 479.125 -85.1215 -176.299 479.112 -85.5981 -175.678 479.096 -85.8978 -174.954 479.077 -85.9548 -174.5 487.661 -84.4201 -176.576 488.427 -84.7955 -176.336 488.241 -85.11701 -176.059 488.081 -85.5134 -175.579 487.884 -85.7938 -175.051 487.744 -83.6121 -175.889 489.921 -85.5778 -153.709 488.461 -85.6703 -153.14 488.119 -85.2996 -152.451 488.342 -84.9013 -152.036 488.579 -84.42301 -151.722 488.862 -83.88101 -151.527 489.183 -83.9619 -152.007 489.661 -85.5438 -153.497 488.486 -85.4858 -153.294 488.529 -85.4065 -153.102 488.588 -85.1956 -152.758 488.745 -84.9319 -152.474 488.941 -84.6308 -152.253 489.164 -84.3041 -152.097 489.407 -85.5778 -174.169 488.461 -85.5438 -174.38 488.486 -85.4858 -174.583 488.529 -85.4065 -174.775 488.588 -85.1956 -175.119 488.745 -84.9319 -175.403 488.941 -84.6308 -175.624 489.164 -84.3041 -175.781 489.407 -83.9619 -175.87 489.661 -84.1679 -176.266 489.013 -84.9146 -175.83 488.571 -85.2838 -175.447 488.351 -85.5658 -174.992 488.182 -85.7401 -174.491 488.077 509.489 28.8823 -27 509.489 28.8823 0 510 25 -27 510 25 0 509.489 21.1177 -27 509.489 21.1177 0 507.99 17.5 -27 507.99 17.5 0 505.607 14.3934 -27 505.607 14.3934 0 502.5 12.0096 -27 502.5 12.0096 0 498.882 10.5111 -27 498.882 10.5111 0 495 10 -27 495 10 0 491.118 10.5111 -27 491.118 10.5111 0 487.5 12.0096 -27 487.5 12.0096 0 484.393 14.3934 -27 484.393 14.3934 0 482.01 17.5 -27 482.01 17.5 0 480.511 21.1177 -27 480.511 21.1177 0 480 25 -27 480 25 0 480.511 28.8823 -27 480.511 28.8823 0 482.01 32.5 -27 482.01 32.5 0 484.393 35.6066 -27 484.393 35.6066 0 487.5 37.9904 -27 487.5 37.9904 0 491.118 39.4889 -27 491.118 39.4889 0 495 40 -27 495 40 0 498.882 39.4889 -27 498.882 39.4889 0 502.5 37.9904 -27 502.5 37.9904 0 505.607 35.6066 -27 505.607 35.6066 0 507.99 32.5 -27 507.99 32.5 0 509.489 -21.1177 -27 509.489 -21.1177 0 510 -25 -27 510 -25 0 509.489 -28.8823 -27 509.489 -28.8823 0 507.99 -32.5 -27 507.99 -32.5 0 505.607 -35.6066 -27 505.607 -35.6066 0 502.5 -37.9904 -27 502.5 -37.9904 0 498.882 -39.4889 -27 498.882 -39.4889 0 495 -40 -27 495 -40 0 491.118 -39.4889 -27 491.118 -39.4889 0 487.5 -37.9904 -27 487.5 -37.9904 0 484.393 -35.6066 -27 484.393 -35.6066 0 482.01 -32.5 -27 482.01 -32.5 0 480.511 -28.8823 -27 480.511 -28.8823 0 480 -25 -27 480 -25 0 480.511 -21.1177 -27 480.511 -21.1177 0 482.01 -17.5 -27 482.01 -17.5 0 484.393 -14.3934 -27 484.393 -14.3934 0 487.5 -12.0096 -27 487.5 -12.0096 0 491.118 -10.5111 -27 491.118 -10.5111 0 495 -10 -27 495 -10 0 498.882 -10.5111 -27 498.882 -10.5111 0 502.5 -12.0096 -27 502.5 -12.0096 0 505.607 -14.3934 -27 505.607 -14.3934 0 507.99 -17.5 -27 507.99 -17.5 0 -509.489 -28.8823 -27 -509.489 -28.8823 0 -510 -25 -27 -510 -25 0 -509.489 -21.1177 -27 -509.489 -21.1177 0 -507.99 -17.5 -27 -507.99 -17.5 0 -505.607 -14.3934 -27 -505.607 -14.3934 0 -502.5 -12.0096 -27 -502.5 -12.0096 0 -498.882 -10.5111 -27 -498.882 -10.5111 0 -495 -10 -27 -495 -10 0 -491.118 -10.5111 -27 -491.118 -10.5111 0 -487.5 -12.0096 -27 -487.5 -12.0096 0 -484.393 -14.3934 -27 -484.393 -14.3934 0 -482.01 -17.5 -27 -482.01 -17.5 0 -480.511 -21.1177 -27 -480.511 -21.1177 0 -480 -25 -27 -480 -25 0 -480.511 -28.8823 -27 -480.511 -28.8823 0 -482.01 -32.5 -27 -482.01 -32.5 0 -484.393 -35.6066 -27 -484.393 -35.6066 0 -487.5 -37.9904 -27 -487.5 -37.9904 0 -491.118 -39.4889 -27 -491.118 -39.4889 0 -495 -40 -27 -495 -40 0 -498.882 -39.4889 -27 -498.882 -39.4889 0 -502.5 -37.9904 -27 -502.5 -37.9904 0 -505.607 -35.6066 -27 -505.607 -35.6066 0 -507.99 -32.5 -27 -507.99 -32.5 0 -509.489 21.1177 -27 -509.489 21.1177 0 -510 25 -27 -510 25 0 -509.489 28.8823 -27 -509.489 28.8823 0 -507.99 32.5 -27 -507.99 32.5 0 -505.607 35.6066 -27 -505.607 35.6066 0 -502.5 37.9904 -27 -502.5 37.9904 0 -498.882 39.4889 -27 -498.882 39.4889 0 -495 40 -27 -495 40 0 -491.118 39.4889 -27 -491.118 39.4889 0 -487.5 37.9904 -27 -487.5 37.9904 0 -484.393 35.6066 -27 -484.393 35.6066 0 -482.01 32.5 -27 -482.01 32.5 0 -480.511 28.8823 -27 -480.511 28.8823 0 -480 25 -27 -480 25 0 -480.511 21.1177 -27 -480.511 21.1177 0 -482.01 17.5 -27 -482.01 17.5 0 -484.393 14.3934 -27 -484.393 14.3934 0 -487.5 12.0096 -27 -487.5 12.0096 0 -491.118 10.5111 -27 -491.118 10.5111 0 -495 10 -27 -495 10 0 -498.882 10.5111 -27 -498.882 10.5111 0 -502.5 12.0096 -27 -502.5 12.0096 0 -505.607 14.3934 -27 -505.607 14.3934 0 -507.99 17.5 -27 -507.99 17.5 0 -39.4889 451.118 -27 -39.4889 451.118 0 -40 455 -27 -40 455 0 -39.4889 458.882 -27 -39.4889 458.882 0 -37.9904 462.5 -27 -37.9904 462.5 0 -35.6066 465.607 -27 -35.6066 465.607 0 -32.5 467.99 -27 -32.5 467.99 0 -28.8823 469.489 -27 -28.8823 469.489 0 -25 470 -27 -25 470 0 -21.1177 469.489 -27 -21.1177 469.489 0 -17.5 467.99 -27 -17.5 467.99 0 -14.3934 465.607 -27 -14.3934 465.607 0 -12.0096 462.5 -27 -12.0096 462.5 0 -10.5111 458.882 -27 -10.5111 458.882 0 -10 455 -27 -10 455 0 -10.5111 451.118 -27 -10.5111 451.118 0 -12.0096 447.5 -27 -12.0096 447.5 0 -14.3934 444.393 -27 -14.3934 444.393 0 -17.5 442.01 -27 -17.5 442.01 0 -21.1177 440.511 -27 -21.1177 440.511 0 -25 440 -27 -25 440 0 -28.8823 440.511 -27 -28.8823 440.511 0 -32.5 442.01 -27 -32.5 442.01 0 -35.6066 444.393 -27 -35.6066 444.393 0 -37.9904 447.5 -27 -37.9904 447.5 0 10.5111 451.118 -27 10.5111 451.118 0 10 455 -27 10 455 0 10.5111 458.882 -27 10.5111 458.882 0 12.0096 462.5 -27 12.0096 462.5 0 14.3934 465.607 -27 14.3934 465.607 0 17.5 467.99 -27 17.5 467.99 0 21.1177 469.489 -27 21.1177 469.489 0 25 470 -27 25 470 0 28.8823 469.489 -27 28.8823 469.489 0 32.5 467.99 -27 32.5 467.99 0 35.6066 465.607 -27 35.6066 465.607 0 37.9904 462.5 -27 37.9904 462.5 0 39.4889 458.882 -27 39.4889 458.882 0 40 455 -27 40 455 0 39.4889 451.118 -27 39.4889 451.118 0 37.9904 447.5 -27 37.9904 447.5 0 35.6066 444.393 -27 35.6066 444.393 0 32.5 442.01 -27 32.5 442.01 0 28.8823 440.511 -27 28.8823 440.511 0 25 440 -27 25 440 0 21.1177 440.511 -27 21.1177 440.511 0 17.5 442.01 -27 17.5 442.01 0 14.3934 444.393 -27 14.3934 444.393 0 12.0096 447.5 -27 12.0096 447.5 0 87 -87 818 90 -90 815 87 87 818 90 90 815 -87 -87 818 -90 -90 815 -87 87 818 -90 90 815 -90 90 806 90 90 806 90 -90 806 -35.0272 -39.9261 818 35.0272 -39.9261 818 -34.8909 -38.8909 818 34.8909 -38.8909 818 -35.0272 -37.8556 818 35.0272 -37.8556 818 -35.4268 -36.8909 818 35.4268 -36.8909 818 -36.0624 -36.0624 818 36.0624 -36.0624 818 -36.0624 36.0624 818 36.0624 36.0624 818 -35.4268 36.8909 818 35.4268 36.8909 818 -35.0272 37.8556 818 35.0272 37.8556 818 -34.8909 38.8909 818 34.8909 38.8909 818 -35.0272 39.9261 818 35.0272 39.9261 818 -35.4268 40.8909 818 35.4268 40.8909 818 -36.0624 41.7193 818 36.0624 41.7193 818 -36.8909 42.355 818 36.8909 42.355 818 -37.8556 42.7546 818 37.8556 42.7546 818 38.8909 42.8909 818 39.9261 42.7546 818 35.4268 -40.8909 818 -35.4268 -40.8909 818 36.0624 -41.7193 818 -36.0624 -41.7193 818 36.8909 -42.355 818 -36.8909 -42.355 818 37.8556 -42.7546 818 -37.8556 -42.7546 818 -38.8909 -42.8909 818 -39.9261 -42.7546 818 -40.8909 -42.355 818 -41.7193 -41.7193 818 -42.355 -40.8909 818 -42.7546 -39.9261 818 -42.8909 -38.8909 818 -42.7546 -37.8556 818 -42.7546 37.8556 818 -42.355 -36.8909 818 -42.355 36.8909 818 -41.7193 -36.0624 818 -41.7193 36.0624 818 -40.8909 35.4268 818 -40.8909 -35.4268 818 -39.9261 35.0272 818 -39.9261 -35.0272 818 -38.8909 34.8909 818 -38.8909 -34.8909 818 -37.8556 -35.0272 818 -37.8556 35.0272 818 -36.8909 -35.4268 818 -36.8909 35.4268 818 -42.8909 38.8909 818 -42.7546 39.9261 818 -42.355 40.8909 818 -41.7193 41.7193 818 -40.8909 42.355 818 -39.9261 42.7546 818 -38.8909 42.8909 818 42.7546 -37.8556 818 42.8909 -38.8909 818 42.7546 -39.9261 818 42.355 -40.8909 818 41.7193 -41.7193 818 40.8909 -42.355 818 39.9261 -42.7546 818 38.8909 -42.8909 818 36.8909 35.4268 818 36.8909 -35.4268 818 37.8556 35.0272 818 37.8556 -35.0272 818 38.8909 34.8909 818 38.8909 -34.8909 818 39.9261 -35.0272 818 39.9261 35.0272 818 40.8909 -35.4268 818 40.8909 35.4268 818 41.7193 -36.0624 818 41.7193 36.0624 818 42.355 36.8909 818 42.355 -36.8909 818 42.7546 37.8556 818 42.7546 39.9261 818 42.8909 38.8909 818 40.8909 42.355 818 41.7193 41.7193 818 42.355 40.8909 818 42.7546 37.8556 806 42.8909 38.8909 806 42.7546 39.9261 806 42.355 40.8909 806 41.7193 41.7193 806 40.8909 42.355 806 39.9261 42.7546 806 38.8909 42.8909 806 37.8556 42.7546 806 36.8909 42.355 806 36.0624 41.7193 806 35.4268 40.8909 806 35.0272 39.9261 806 34.8909 38.8909 806 35.0272 37.8556 806 35.4268 36.8909 806 36.0624 36.0624 806 36.8909 35.4268 806 37.8556 35.0272 806 38.8909 34.8909 806 39.9261 35.0272 806 40.8909 35.4268 806 41.7193 36.0624 806 42.355 36.8909 806 42.7546 -39.9261 806 42.8909 -38.8909 806 42.7546 -37.8556 806 42.355 -36.8909 806 41.7193 -36.0624 806 40.8909 -35.4268 806 39.9261 -35.0272 806 38.8909 -34.8909 806 37.8556 -35.0272 806 36.8909 -35.4268 806 36.0624 -36.0624 806 35.4268 -36.8909 806 35.0272 -37.8556 806 34.8909 -38.8909 806 35.0272 -39.9261 806 35.4268 -40.8909 806 36.0624 -41.7193 806 36.8909 -42.355 806 37.8556 -42.7546 806 38.8909 -42.8909 806 39.9261 -42.7546 806 40.8909 -42.355 806 41.7193 -41.7193 806 42.355 -40.8909 806 -35.0272 37.8556 806 -34.8909 38.8909 806 -35.0272 39.9261 806 -35.4268 40.8909 806 -36.0624 41.7193 806 -36.8909 42.355 806 -37.8556 42.7546 806 -38.8909 42.8909 806 -39.9261 42.7546 806 -40.8909 42.355 806 -41.7193 41.7193 806 -42.355 40.8909 806 -42.7546 39.9261 806 -42.8909 38.8909 806 -42.7546 37.8556 806 -42.355 36.8909 806 -41.7193 36.0624 806 -40.8909 35.4268 806 -39.9261 35.0272 806 -38.8909 34.8909 806 -37.8556 35.0272 806 -36.8909 35.4268 806 -36.0624 36.0624 806 -35.4268 36.8909 806 -35.0272 -39.9261 806 -34.8909 -38.8909 806 -35.0272 -37.8556 806 -35.4268 -36.8909 806 -36.0624 -36.0624 806 -36.8909 -35.4268 806 -37.8556 -35.0272 806 -38.8909 -34.8909 806 -39.9261 -35.0272 806 -40.8909 -35.4268 806 -41.7193 -36.0624 806 -42.355 -36.8909 806 -42.7546 -37.8556 806 -42.8909 -38.8909 806 -42.7546 -39.9261 806 -42.355 -40.8909 806 -41.7193 -41.7193 806 -40.8909 -42.355 806 -39.9261 -42.7546 806 -38.8909 -42.8909 806 -37.8556 -42.7546 806 -36.8909 -42.355 806 -36.0624 -41.7193 806 -35.4268 -40.8909 806 -43 -43 806 -90 -90 806 43 -43 806 43 43 806 -43 43 806 43 43 86 -43 43 86 43 -43 86 -43 -43 86 -43 475 86 43 475 86 525 -43 86 525 43 86 43 -475 86 -43 -475 86 -525 43 86 -525 -43 86 -43 43 0 -43 475 0 -43 -43 0 -43 -475 0 43 43 0 43 475 0 43 -43 0 43 -475 0 525 -43 0 525 43 0 -525 -43 0 -525 43 0 39.4889 -458.882 0 40 -455 0 39.4889 -451.118 0 37.9904 -447.5 0 35.6066 -444.393 0 32.5 -442.01 0 28.8823 -440.511 0 25 -440 0 21.1177 -440.511 0 -21.1177 -440.511 0 -25 -440 0 -17.5 -442.01 0 17.5 -442.01 0 -14.3934 -444.393 0 14.3934 -444.393 0 -12.0096 -447.5 0 12.0096 -447.5 0 -10.5111 -451.118 0 10.5111 -451.118 0 -10 -455 0 10 -455 0 -10.5111 -458.882 0 10.5111 -458.882 0 -12.0096 -462.5 0 12.0096 -462.5 0 -14.3934 -465.607 0 14.3934 -465.607 0 -17.5 -467.99 0 17.5 -467.99 0 -21.1177 -469.489 0 21.1177 -469.489 0 25 -470 0 28.8823 -469.489 0 32.5 -467.99 0 35.6066 -465.607 0 37.9904 -462.5 0 -28.8823 -440.511 0 -32.5 -442.01 0 -35.6066 -444.393 0 -37.9904 -447.5 0 -39.4889 -451.118 0 -40 -455 0 -39.4889 -458.882 0 -37.9904 -462.5 0 -35.6066 -465.607 0 -32.5 -467.99 0 -28.8823 -469.489 0 -25 -470 0 -10.5111 -451.118 -27 -10 -455 -27 -10.5111 -458.882 -27 -12.0096 -462.5 -27 -14.3934 -465.607 -27 -17.5 -467.99 -27 -21.1177 -469.489 -27 -25 -470 -27 -28.8823 -469.489 -27 -32.5 -467.99 -27 -35.6066 -465.607 -27 -37.9904 -462.5 -27 -39.4889 -458.882 -27 -40 -455 -27 -39.4889 -451.118 -27 -37.9904 -447.5 -27 -35.6066 -444.393 -27 -32.5 -442.01 -27 -28.8823 -440.511 -27 -25 -440 -27 -21.1177 -440.511 -27 -17.5 -442.01 -27 -14.3934 -444.393 -27 -12.0096 -447.5 -27 39.4889 -451.118 -27 40 -455 -27 39.4889 -458.882 -27 37.9904 -462.5 -27 35.6066 -465.607 -27 32.5 -467.99 -27 28.8823 -469.489 -27 25 -470 -27 21.1177 -469.489 -27 17.5 -467.99 -27 14.3934 -465.607 -27 12.0096 -462.5 -27 10.5111 -458.882 -27 10 -455 -27 10.5111 -451.118 -27 12.0096 -447.5 -27 14.3934 -444.393 -27 17.5 -442.01 -27 21.1177 -440.511 -27 25 -440 -27 28.8823 -440.511 -27 32.5 -442.01 -27 35.6066 -444.393 -27 37.9904 -447.5 -27</float_array>
          <technique_common>
            <accessor source="#shape0-mesh-positions-array" count="3414" stride="3">
              <param name="X" type="float"/>
              <param name="Y" type="float"/>
              <param name="Z" type="float"/>
            </accessor>
          </technique_common>
        </source>
        <source id="shape0-mesh-normals">
          <float_array id="shape0-mesh-normals-array" count="19917">-0.7071068 0 -0.7071068 0 1 0 -0.7071069 0 -0.7071068 0 -1 0 0 0.9914509 -0.1304803 0 0.9914509 0.1304803 0 0.9238897 0.382659 0 0.7934683 0.6086117 0 0.6084544 0.7935889 0 0.3830097 0.9237444 0 0.3827011 0.9238723 0 0.3827011 0.9238723 0 0.3827011 0.9238723 0 0.1302792 0.9914774 0 0.1302797 0.9914773 0 -0.1302797 0.9914773 0 -0.1302792 0.9914774 0 -0.3827011 0.9238723 0 -0.3827011 0.9238723 0 -0.3827011 0.9238723 0 -0.3825668 0.9239279 0 -0.3825668 0.9239279 0 -0.3825668 0.9239279 0 -0.6084911 0.7935607 0 -0.7934683 0.6086117 0 -0.7934703 0.6086092 0 -0.9238897 0.382659 0 -0.9914411 0.130555 0 -0.9914406 0.1305588 0 -0.9914406 -0.1305588 0 -0.9914411 -0.130555 0 -0.9238897 -0.382659 0 -0.7932276 -0.6089254 0 -0.7932258 -0.6089279 0 -0.6089326 -0.793222 0 -0.3823711 -0.9240089 0 -0.3829039 -0.9237882 0 -0.3829039 -0.9237882 0 -0.3829039 -0.9237882 0 -0.1309686 -0.9913865 0 -0.1303988 -0.9914616 -3.20439e-7 -0.1303988 -0.9914616 0 -0.1303988 -0.9914616 0 0.1303988 -0.9914616 0 0.1303988 -0.9914616 3.20439e-7 0.1303988 -0.9914616 0 0.1309686 -0.9913865 0 0.3829039 -0.9237882 0 0.3829039 -0.9237882 0 0.3829039 -0.9237882 0 0.3823711 -0.9240089 0 0.608896 -0.7932502 0 0.7932258 -0.6089279 0 0.9238897 -0.382659 0.1304712 0.9914521 0 0.1304789 0.9914512 0 -0.1304712 0.9914521 0 -0.1304779 0.9914513 0 -0.3826799 0.923881 0 -0.3826771 0.9238822 0 -0.6087748 0.7933431 0 -0.6087785 0.7933403 0 -0.7933682 0.608742 0 -0.793372 0.6087371 0 -0.9238829 0.3826755 0 -0.9238783 0.3826866 0 -0.9914411 0.1305549 0 -0.9914422 0.1305468 0 -0.9914411 -0.1305549 0 -0.9914422 -0.1305468 0 -0.9238829 -0.3826755 0 -0.9238783 -0.3826866 0 -0.7933489 -0.6087672 0 -0.7933337 -0.6087872 0 -0.6087785 -0.7933403 0 -0.6087944 -0.7933282 0 -0.3826771 -0.9238822 0 -0.3826799 -0.923881 0 -0.1305468 -0.9914422 0 -0.1305478 -0.991442 0 0.1305478 -0.991442 0 0.3826771 -0.9238822 0 0.6087409 -0.7933691 0 0.6087568 -0.793357 0 0.7933489 -0.6087672 0 0.7933337 -0.6087872 0 0.9238829 -0.3826755 0 0.923881 -0.3826799 0 0.9914502 -0.130486 0 0.9914522 -0.1304702 0 0.9914512 0.1304783 0 0.9914513 0.1304779 0 0.9238857 0.3826689 0 0.9238783 0.3826866 0 0.7933682 0.608742 0 0.793372 0.6087371 0 0.6087371 0.793372 0 0.6087409 0.7933691 0 0.3826771 0.9238822 0 0 0 -1 -7.12241e-5 0 -1 2.16809e-5 0 -1 -3.82966e-6 0 -1 -3.28343e-5 0 -1 4.20306e-5 0 -1 -1.28921e-5 0 -1 6.09847e-5 0 -1 4.78708e-6 0 -1 -6.6249e-5 0 -1 3.79413e-5 0 -1 7.92625e-5 0 -1 -2.47681e-5 0 -1 -4.87816e-5 0 -1 1.48617e-5 0 -1 -6.50425e-5 0 -1 -2.19964e-5 0 -1 -3.26904e-5 0 -1 8.7558e-5 0 -1 -4.06505e-5 0 -1 -2.03283e-5 0 -1 1.03147e-4 0 -1 -1 0 0 0 0 1 -3.25521e-5 0 -1 -4.78708e-6 0 -1 -1 -4.02903e-7 0 -1 -3.1763e-7 0 -1 2.63807e-6 0 -1 -3.38886e-6 0 -1 4.1408e-7 0 -1 3.38753e-7 0 -1 4.06233e-6 0 -1 -1.75067e-6 0 -1 2.47528e-6 0 -1 1.7508e-6 0 -1 -5.47333e-6 0 -1 -4.4011e-6 0 -1 1.69336e-6 0 -1 3.1763e-7 0 -1 4.9552e-6 0 -1 -3.71453e-6 0 -1 3.38886e-6 0 -1 4.95246e-6 0 -1 -3.09706e-6 0 -1 -3.38753e-7 0 1 0 0 1 -4.05265e-6 0 1 5.35103e-6 0 1 -5.35057e-6 0 1 4.05291e-6 0 1 -5.34645e-6 0 1 5.34645e-6 0 0 -0.7071068 -0.7071068 0 -0.7071068 -0.7071069 -0.9914501 0 -0.1304873 -0.9914521 0 -0.1304712 -0.9914521 0 0.1304712 -0.9914501 0 0.1304873 -0.9238969 0 0.3826416 -0.9238786 0 0.3826857 -0.7934741 0 0.6086041 -0.6084249 0 0.7936114 -0.6085035 0 0.7935513 -0.3830104 0 0.9237441 -0.1305202 0 0.9914457 -0.1305202 0 0.9914457 -0.1305202 1.79955e-7 0.9914457 -0.1303101 0 0.9914733 0.1303101 0 0.9914733 0.1305202 0 0.9914457 0.1305202 -1.79955e-7 0.9914457 0.1305202 0 0.9914457 0.3830104 0 0.9237441 0.6085402 0 0.7935231 0.6084617 0 0.7935834 0.793475 0 0.6086029 0.7934741 0 0.6086041 0.9238786 0 0.3826857 0.9238969 0 0.3826416 0.99144 0 0.1305634 0.9914421 0 0.1305473 0.9914421 0 -0.1305473 0.99144 0 -0.1305634 0.9238969 0 -0.3826416 0.9238786 0 -0.3826857 0.7931978 0 -0.6089643 0.793243 0 -0.6089052 0.6089326 0 -0.793222 0.3823718 0 -0.9240087 0.1304476 0 -0.9914553 0.1304476 0 -0.9914553 0.1304476 0 -0.9914553 0.1310455 0 -0.9913764 -0.1310455 0 -0.9913764 -0.1304476 0 -0.9914553 -0.1304476 0 -0.9914553 -0.1304476 0 -0.9914553 -0.3826819 0 -0.9238803 -0.3826819 0 -0.9238803 -0.3826819 0 -0.9238803 -0.3826819 0 -0.9238803 -0.3826819 0 -0.9238803 -0.3826819 0 -0.9238803 -0.608896 0 -0.7932502 -0.793243 0 -0.6089052 -0.7931967 0 -0.6089655 -0.9238786 0 -0.3826857 -0.9238969 0 -0.3826416 -0.9914522 0.1304702 0 -0.9914522 -0.1304702 0 -0.7933471 -0.6087697 0 -0.7933354 -0.6087847 0 -0.608739 -0.7933706 0 -0.3826905 -0.9238767 0 -0.3826786 -0.9238817 0 -0.1305473 -0.9914421 0 -0.1305401 -0.991443 0 0.1305397 -0.9914432 0 0.3826918 -0.9238761 0 0.6087757 -0.7933425 0 0.7933471 -0.6087697 0 0.7933374 -0.6087823 0 0.9238783 -0.3826866 0 0.9914424 -0.1305449 0 0.991442 -0.1305487 0 0.991442 0.1305487 0 0.9914424 0.1305449 0 0.9238829 0.3826755 0 0.7933701 0.6087396 0 0.6087757 0.7933425 0 0.3826918 0.9238761 0 0.1304784 0.9914512 0 -0.1304789 0.9914512 0 -0.1304707 0.9914522 0 -0.3826786 0.9238817 0 -0.3826905 0.9238767 0 -0.608739 0.7933706 0 -0.7933701 0.6087396 0 -1.3251e-5 0 -1 1.64171e-5 0 -1 -4.43653e-5 0 -1 1.01641e-5 0 -1 3.31245e-5 0 -1 -1.08403e-5 0 -1 -1.98146e-5 0 -1 1.08403e-5 0 -1 -2.47694e-5 0 -1 -3.95935e-5 0 -1 4.43657e-5 0 -1 7.03847e-5 0 -1 -2.25835e-5 0 -1 -1.01641e-5 0 -1 0 -1 8.97577e-6 8.55981e-5 0 1 8.55977e-5 0 1 -8.55903e-5 0 1 -8.55908e-5 0 1 1 0 0 0 -1 7.55521e-7 0 -1 1.58807e-7 0 -1 -5.98385e-7 0 -1 4.55227e-6 0 -1 -3.04978e-6 0 -1 1.86337e-6 0 -1 -1.69372e-7 0 -1 4.78708e-7 0 -1 1.71045e-6 0 -1 -2.04256e-6 0 -1 -5.50044e-7 0 -1 2.62615e-6 0 -1 -5.47347e-6 0 -1 1.41124e-6 0 -1 1.58807e-7 0 -1 9.28674e-7 0 -1 2.37206e-6 0 -1 6.19366e-7 0 -1 -1.69374e-7 0 1 4.05029e-6 0 1 -4.05241e-6 0 1 4.06901e-7 0 1 -4.05261e-6 0 1 4.05046e-6 0 1 -4.06901e-7 0 1 4.05024e-6 0 1 -4.05211e-6 0.7071068 0 -0.7071068 0.7071069 0 -0.7071068 0 -0.9914509 -0.1304803 0 -0.9914509 0.1304803 0 -0.6084544 0.7935889 0 -0.3830097 0.9237444 0 0.3825668 0.9239279 0 0.3825668 0.9239279 0 0.3825668 0.9239279 0 0.6084911 0.7935607 0 0.7934703 0.6086092 0 0.9914411 0.130555 0 0.9914406 0.1305588 0 0.9914406 -0.1305588 0 0.9914411 -0.130555 0 0.7932276 -0.6089254 0 0.6089326 -0.793222 0 -0.608896 -0.7932502 -0.1304712 -0.9914521 0 -0.1304789 -0.9914512 0 0.1304712 -0.9914521 0 0.1304779 -0.9914513 0 0.3826799 -0.923881 0 0.6087748 -0.7933431 0 0.6087785 -0.7933403 0 0.7933682 -0.608742 0 0.793372 -0.6087371 0 0.9914411 -0.1305549 0 0.9914422 -0.1305468 0 0.9914411 0.1305549 0 0.9914422 0.1305468 0 0.7933489 0.6087672 0 0.7933337 0.6087872 0 0.6087785 0.7933403 0 0.6087944 0.7933282 0 0.3826799 0.923881 0 0.1305468 0.9914422 0 0.1305478 0.991442 0 -0.1305478 0.991442 0 -0.6087409 0.7933691 0 -0.6087568 0.793357 0 -0.7933489 0.6087672 0 -0.7933337 0.6087872 0 -0.923881 0.3826799 0 -0.9914502 0.130486 0 -0.9914512 -0.1304783 0 -0.9914513 -0.1304779 0 -0.9238857 -0.3826689 0 -0.7933682 -0.608742 0 -0.793372 -0.6087371 0 -0.6087371 -0.793372 0 -0.6087409 -0.7933691 0 7.12241e-5 0 -1 -2.16809e-5 0 -1 3.82966e-6 0 -1 3.28343e-5 0 -1 -4.20306e-5 0 -1 1.28921e-5 0 -1 -6.09847e-5 0 -1 6.6249e-5 0 -1 -3.79413e-5 0 -1 -7.92625e-5 0 -1 2.47681e-5 0 -1 4.87816e-5 0 -1 -1.48617e-5 0 -1 6.50425e-5 0 -1 2.19964e-5 0 -1 3.26904e-5 0 -1 -8.7558e-5 0 -1 4.06505e-5 0 -1 2.03283e-5 0 -1 -1.03147e-4 0 -1 3.25521e-5 0 -1 1 4.02903e-7 0 1 3.1763e-7 0 1 -2.63807e-6 0 1 3.38886e-6 0 1 -4.1408e-7 0 1 -3.38753e-7 0 1 -4.06233e-6 0 1 1.75067e-6 0 1 -2.47528e-6 0 1 -1.7508e-6 0 1 5.47333e-6 0 1 4.4011e-6 0 1 -1.69336e-6 0 1 -3.1763e-7 0 1 -4.9552e-6 0 1 3.71453e-6 0 1 -3.38886e-6 0 1 -4.95246e-6 0 1 3.09706e-6 0 1 3.38753e-7 0 -1 4.05265e-6 0 -1 -5.35103e-6 0 -1 5.35057e-6 0 -1 -4.05291e-6 0 -1 5.34645e-6 0 -1 -5.34645e-6 0 0 0.7071068 -0.7071068 0 0.7071068 -0.7071069 0.9914501 0 -0.1304873 0.9914521 0 -0.1304712 0.9914521 0 0.1304712 0.9914501 0 0.1304873 0.6084249 0 0.7936114 0.6085035 0 0.7935513 -0.6085402 0 0.7935231 -0.6084617 0 0.7935834 -0.793475 0 0.6086029 -0.99144 0 0.1305634 -0.9914421 0 0.1305473 -0.9914421 0 -0.1305473 -0.99144 0 -0.1305634 -0.7931978 0 -0.6089643 -0.6089326 0 -0.793222 -0.3823718 0 -0.9240087 0.3826819 0 -0.9238803 0.3826819 0 -0.9238803 0.3826819 0 -0.9238803 0.3826819 0 -0.9238803 0.3826819 0 -0.9238803 0.3826819 0 -0.9238803 0.608896 0 -0.7932502 0.7931967 0 -0.6089655 0.9914522 0.1304702 0 0.7933471 0.6087697 0 0.7933354 0.6087847 0 0.608739 0.7933706 0 0.3826905 0.9238767 0 0.3826786 0.9238817 0 0.1305473 0.9914421 0 0.1305401 0.991443 0 -0.1305397 0.9914432 0 -0.3826918 0.9238761 0 -0.6087757 0.7933425 0 -0.7933471 0.6087697 0 -0.7933374 0.6087823 0 -0.9914424 0.1305449 0 -0.991442 0.1305487 0 -0.991442 -0.1305487 0 -0.9914424 -0.1305449 0 -0.7933701 -0.6087396 0 -0.6087757 -0.7933425 0 -0.3826918 -0.9238761 0 -0.1304784 -0.9914512 0 0.1304789 -0.9914512 0 0.1304707 -0.9914522 0 0.3826786 -0.9238817 0 0.3826905 -0.9238767 0 0.608739 -0.7933706 0 0.7933701 -0.6087396 0 1.3251e-5 0 -1 -1.64171e-5 0 -1 4.43653e-5 0 -1 -1.01641e-5 0 -1 -3.31245e-5 0 -1 1.98146e-5 0 -1 2.47694e-5 0 -1 3.95935e-5 0 -1 -4.43657e-5 0 -1 -7.03847e-5 0 -1 2.25835e-5 0 -1 1.01641e-5 0 -1 0 1 8.97577e-6 -8.55981e-5 0 1 -8.55977e-5 0 1 8.55903e-5 0 1 8.55908e-5 0 1 -1 0 0 0 1 7.55521e-7 0 1 1.58807e-7 0 1 -5.98385e-7 0 1 4.55227e-6 0 1 -3.04978e-6 0 1 1.86337e-6 0 1 -1.69372e-7 0 1 4.78708e-7 0 1 1.71045e-6 0 1 -2.04256e-6 0 1 -5.50044e-7 0 1 2.62615e-6 0 1 -5.47347e-6 0 1 1.41124e-6 0 1 1.58807e-7 0 1 9.28674e-7 0 1 2.37206e-6 0 1 6.19366e-7 0 1 -1.69374e-7 0 -1 4.05029e-6 0 -1 -4.05241e-6 0 -1 4.06901e-7 0 -1 -4.05261e-6 0 -1 4.05046e-6 0 -1 -4.06901e-7 0 -1 4.05024e-6 0 -1 -4.05211e-6 2.39368e-6 0 1 -2.25413e-6 0 1 -7.28229e-6 0 1 -4.10425e-6 0 1 2.5396e-6 0 1 -1.2729e-5 0 1 5.85048e-6 0 1 -3.44588e-7 0 1 2.29432e-5 0 1 8.38986e-5 0 1 -9.55986e-5 0 1 -2.34025e-6 0 1 2.85258e-6 0 1 -2.46466e-7 0 1 -5.47312e-7 0 1 8.38467e-7 0 1 -7.45465e-6 0 1 5.89646e-5 0 1 -7.59763e-5 0 1 2.23545e-4 0 1 8.19632e-6 0 1 9.58819e-5 0 1 -7.64789e-5 0 1 -1.88158e-4 0 1 -1.88184e-4 0 1 -1.88179e-4 0 1 2.26651e-5 0 1 -1.88158e-4 0 1 -1.88179e-4 0 1 -1.88184e-4 0 1 9.58865e-5 0 1 -2.08716e-5 0 1 3.0544e-6 0 1 -7.26764e-6 0 1 -4.24907e-6 0 -1 -4.92581e-6 0 -1 -1.19684e-6 0 -1 -2.83313e-6 0 -1 -8.55774e-6 0 -1 -2.60894e-6 0 -1 -3.02689e-6 0 -1 6.67748e-6 0 -1 -1.09447e-5 0 -1 3.09195e-6 0 -1 1.01584e-5 0 -1 -7.95564e-7 0 -1 6.71955e-6 0 -1 -1.10268e-5 0 -1 6.59892e-6 0 -1 7.36001e-6 0 -1 -3.90292e-6 0 -1 -7.26764e-6 0 -1 -5.49508e-6 0 -1 8.83658e-6 0 -1 -1.01606e-4 0 -1 3.02498e-6 0 -1 -3.17845e-5 0 -1 -8.39007e-5 0 -1 9.55986e-5 0 -1 1.88189e-4 0 -1 1.88168e-4 0 -1 1.88164e-4 0 -1 -7.36974e-5 0 -1 -9.58819e-5 0 -1 3.60661e-5 0 -1 6.24068e-6 0 -1 -7.86194e-5 0 -1 -2.23545e-4 0 -1 2.73211e-6 0 -1 2.97361e-5 0 -1 -8.38966e-5 0 -1 7.64789e-5 0 -1 2.11414e-6 0 -1 -4.7419e-6 0 -1 -2.27977e-6 0 -1 1.26849e-5 0 -1 1.07387e-5 0 1 -1.61855e-5 0 1 1.26451e-5 0 1 -1.11128e-5 0 1 1.82381e-5 0 1 2.98193e-6 0 1 -3.38264e-5 0 1 7.66923e-5 0 1 -4.74178e-6 0 1 -2.27986e-6 0 1 -2.96011e-5 0 1 2.6983e-5 0 1 2.61306e-5 0 1 -4.22829e-6 0 -1 1.26899e-5 0 -1 -7.03662e-7 0 -1 -1.26447e-5 0 -1 -2.98192e-6 0 -1 1.34915e-5 0 -1 -0.1529453 -0.8944675 0.4201614 -0.1529486 -0.8944613 0.4201734 -0.2228381 -0.7587067 0.6121334 -0.2227305 -0.758681 0.6122045 -0.2792273 -0.5770872 0.7674649 -0.2792435 -0.5770825 0.7674628 -0.3188757 -0.3607195 0.87647 -0.3191374 -0.3608388 0.8763258 -0.3191373 -0.3608388 0.8763258 -0.3394984 -0.1227557 0.932562 -0.3394984 -0.1227557 0.9325621 -0.3394984 -0.1227557 0.932562 -0.3393357 -0.1226939 0.9326294 -0.3394698 0.1226546 0.9325857 -0.3394698 0.1226546 0.9325857 -0.3394698 0.1226546 0.9325857 -0.3392933 0.1227315 0.9326399 -0.3392933 0.1227314 0.9326399 -0.3392932 0.1227316 0.9326399 -0.3191375 0.3607364 0.8763679 -0.3191375 0.3607364 0.8763679 -0.3191375 0.3607364 0.8763679 -0.3188692 0.3608779 0.8764073 -0.2792313 0.5770831 0.7674666 -0.2792294 0.5770913 0.7674612 -0.2227327 0.7587081 0.6121701 -0.2228356 0.7586782 0.6121699 -0.152891 0.8945499 0.4200058 -0.1528939 0.894542 0.4200215 -0.9737141 0 -0.2277739 -0.9999455 0 0.01044791 -0.9999455 0 0.01044827 -0.96865 0 0.2484297 -0.8818522 0 0.4715262 -0.8818522 0 0.4715262 -0.8818522 0 0.4715262 -0.8818593 0 0.4715129 -0.8818593 0 0.4715129 -0.8818593 0 0.4715129 -0.7446961 0 0.6674037 -0.7447282 0 0.6673681 -0.7446961 0 0.6674037 -0.7446961 0 0.6674037 -0.7446961 0 0.6674037 -0.7446961 0 0.6674037 -0.5645918 0 0.8253704 -0.5645918 -1.40019e-7 0.8253704 -0.5645918 0 0.8253703 -0.5646135 0 0.8253555 -0.5646135 0 0.8253555 -0.5646135 0 0.8253555 -0.3524798 0 0.9358195 -0.3524797 0 0.9358195 -0.3524798 -1.42224e-7 0.9358195 -0.3521487 0 0.9359441 -0.3521487 0 0.9359441 -0.3521487 0 0.9359441 -0.1196375 0 0.9928176 -0.1196375 0 0.9928177 -0.1196375 0 0.9928176 -0.1196375 0 0.9928177 -0.1196375 0 0.9928176 -0.1196375 0 0.9928176 0.9739139 0 -0.2269184 0.9739138 0 -0.2269184 0.9739139 0 -0.2269184 0.9739138 0 -0.2269184 0.9739139 0 -0.2269184 0.9739139 0 -0.2269184 0.9999455 0 0.01044791 0.9999455 0 0.01044827 0.96865 0 0.2484297 0.8818588 0 0.4715138 0.8818588 0 0.4715138 0.8818588 0 0.4715138 0.8818206 0 0.471585 0.8818206 0 0.471585 0.8818206 0 0.471585 0.7446961 0 0.6674037 0.7447282 0 0.6673681 0.7446961 0 0.6674037 0.7446961 0 0.6674037 0.7446961 0 0.6674037 0.7446961 0 0.6674037 0.5645844 0 0.8253753 0.5645844 1.39116e-7 0.8253754 0.5645844 0 0.8253753 0.5645269 0 0.8254146 0.5645665 0 0.8253876 0.5645665 0 0.8253876 0.3524006 0 0.9358493 0.3524006 0 0.9358493 0.3524006 0 0.9358493 0.3525182 0 0.935805 0.3525182 0 0.935805 0.3525182 0 0.935805 0.1197308 0 0.9928065 0.1197308 0 0.9928065 0.1197308 0 0.9928065 0.1197308 0 0.9928065 0.1197308 0 0.9928065 0.1197308 0 0.9928065 0.9859319 -0.1671477 0 0.9859319 -0.1671477 0 0.9859319 -0.1671477 0 0.9859916 -0.1667954 0 0.9979751 0.06360667 0 0.9565746 0.2914878 0 0.9565798 0.2914706 0 0.8640697 0.5033723 0 0.7250938 0.6886502 0 0.7250844 0.6886601 0 0.5476925 0.8366797 0 0.5477012 0.8366742 0 0.3407238 0.9401634 0 0.3407238 0.9401634 0 0.3407238 0.9401634 0 0.3407238 0.9401634 0 0.3407238 0.9401634 0 0.3407238 0.9401634 0 0.1161172 0.9932355 0 0 0 0 -5.83605e-7 0 1 6.25007e-7 0 1 -4.51501e-6 0 1 3.11578e-6 0 1 -1.2462e-6 0 1 1.50498e-6 0 1 1.77068e-6 0 1 -1.82023e-6 0 1 -5.24734e-7 0 1 5.58484e-6 0 1 -2.83325e-6 0 1 -1.05953e-6 0 1 -8.33343e-7 0 1 6.02003e-6 0 1 -4.98524e-6 0 1 2.83313e-6 0 1 -8.37914e-6 0 1 1.11719e-5 0 1 -2.83301e-6 0 1 1.05953e-6 0 1 -1.05953e-6 0 -1 3.31733e-5 3.43746e-5 -1 -3.31716e-5 -3.43762e-5 -1 -6.23156e-7 0 -1 -7.08253e-7 0 -1 1.2138e-6 0 -1 1.46858e-6 0 -1 -8.37914e-6 0 -1 -3.31749e-5 3.43731e-5 -1 3.31733e-5 -3.43746e-5 -1 9.27092e-7 0 -1 3.31716e-5 3.43762e-5 -1 -3.31733e-5 -3.43746e-5 -1 -2.42671e-6 0 -1 5.58484e-6 0 -1 3.31749e-5 -3.4373e-5 -1 -3.31733e-5 3.43746e-5 -1 -0.939695 0 -0.342014 0.939695 0 -0.342014 0 1 -3.66754e-6 0 1 1.32018e-4 0 1 -7.80286e-5 0 1 -7.45483e-5 0 1 -2.03077e-4 0 1 -2.0309e-4 0 1 -2.03104e-4 0 1 -1.23344e-5 0 1 -7.11781e-5 0 1 -2.9647e-4 0 1 -2.96518e-4 0 1 -2.96512e-4 0 1 -9.49139e-5 0 1 9.55429e-5 0 -1 6.35841e-6 0 -1 -8.68628e-7 0 -1 -1.0099e-4 0 -1 3.84549e-5 0 -1 -4.93374e-5 0 -1 1.45805e-4 0 -1 -1.5334e-5 0 -1 -1.743e-4 0 -1 1.1311e-5 0 -1 -9.55429e-5 0.968649 0 0.2484335 0.8817754 0 0.4716696 0.8817754 0 0.4716696 0.8817754 0 0.4716696 0.3526248 0 0.9357648 0.3526248 0 0.9357648 0.3526248 0 0.9357648 0.1196375 0 0.9928176 0.1196375 0 0.9928177 0.1196375 0 0.9928176 -0.968649 0 0.2484335 -0.564574 0 0.8253826 -0.564574 0 0.8253826 -0.564574 0 0.8253826 -0.3522384 0 0.9359104 -0.3522384 0 0.9359104 -0.3522384 0 0.9359104 -0.1197308 0 0.9928065 -0.1197308 0 0.9928065 -0.1197308 0 0.9928065 0.9397563 -0.3418453 0 0.9397525 -0.3418558 0 0.9397542 -0.3418509 0 -0.9397542 -0.3418509 0 -0.9397525 -0.3418558 0 -0.9397563 -0.3418453 0 0.9914306 0.1306343 0 0.9238919 0.3826536 0 0.9238899 0.3826586 0 0.7933772 0.6087303 0 0.79338 0.6087266 0 0.6089695 0.7931938 0 0.6085891 0.7934857 0 0.6085892 0.7934856 0 0.3826586 0.9238899 0 0.1302347 0.9914832 0 0.1305047 -0.9914478 0 0.3826561 -0.9238909 0 0.6087745 -0.7933434 0 0.793393 -0.6087097 0 0.7933924 -0.6087106 0 0.9238736 -0.3826979 0 0.9238757 -0.3826929 0 0.9914306 -0.1306343 0 -0.9914306 -0.1306343 0 -0.9914315 -0.1306285 0 -0.9238736 -0.3826979 0 -0.9238757 -0.3826929 0 -0.7933903 -0.6087134 0 -0.7933924 -0.6087106 0 -0.6086983 -0.7934019 0 -0.6087011 -0.7933996 0 -0.3826851 -0.923879 0 -0.382683 -0.9238798 0 -0.1305153 -0.9914463 0 -0.1305145 -0.9914465 0 -0.1302444 0.991482 0 -0.1302452 0.9914819 0 -0.3826855 0.9238787 0 -0.3826875 0.9238778 0 -0.6086298 0.7934544 0 -0.6086298 0.7934544 0 -0.6086298 0.7934544 3.02131e-7 -0.6088932 0.7932522 0 -0.7933772 0.6087303 0 -0.9238919 0.3826536 0 -0.9238899 0.3826586 0 -0.9914315 0.1306285 0 -0.9914306 0.1306343 0 -0.9397624 0.3418285 0 -0.9397596 0.3418362 0 0.9397624 0.3418285 0 0.9397596 0.3418362 0 0.9643618 0.2645873 0 0.9389259 0.3374388 -0.06747788 0.9642447 0.2448371 -0.1014248 0.9642447 0.2448371 -0.1014248 0.9642447 0.2448371 -0.1014248 0.9643546 0.2444369 -0.1013457 0.9390385 0.2860619 -0.1907231 0.9390386 0.2860619 -0.1907231 0.9390242 0.2860466 -0.1908167 0.9642076 0.187496 -0.1874806 0.9642077 0.187496 -0.1874806 0.9642077 0.1874959 -0.1874806 0.9644377 0.1869157 -0.1868757 0.9389248 0.191196 -0.2861195 0.9389906 0.1910853 -0.2859774 0.9389906 0.1910853 -0.2859775 0.9642661 0.1013875 -0.2447683 0.9642661 0.1013875 -0.2447683 0.9642497 0.1014091 -0.2448239 0.9642243 0.1014437 -0.2449097 0.9642497 0.1014091 -0.2448239 0.9389238 0.06756192 -0.3374276 0.9642384 0 -0.265037 0.9642637 0 -0.2649446 0.9642637 0 -0.2649446 0.8766776 0.4810785 0 0.9389203 0.3376045 -0.06672334 0.8763893 0.4449442 -0.1842998 0.8763664 0.4449808 -0.1843207 0.8763664 0.4449808 -0.1843208 0.8764672 0.444808 -0.1842584 0.8764672 0.4448079 -0.1842585 0.8764672 0.444808 -0.1842584 0.9390105 0.2858662 -0.1911543 0.9390105 0.2858662 -0.1911543 0.9390105 0.2858662 -0.1911543 0.8764343 0.340484 -0.3404903 0.8764343 0.340484 -0.3404902 0.8764343 0.340484 -0.3404902 0.8764451 0.3404731 -0.3404736 0.8764451 0.3404731 -0.3404736 0.8764451 0.3404731 -0.3404736 0.9389591 0.1910875 -0.2860797 0.9389917 0.1910498 -0.2859978 0.9389916 0.1910498 -0.2859978 0.8765742 0.1841685 -0.4446343 0.8765743 0.1841685 -0.4446343 0.8765051 0.1842185 -0.44475 0.8762657 0.1843839 -0.4451529 0.8763118 0.1843531 -0.4450747 0.8762657 0.1843839 -0.4451529 0.8763099 0 -0.4817479 0.8763099 1.19704e-7 -0.4817479 0.8762868 0 -0.4817899 0.9389198 0.06672352 -0.3376059 -0.8762868 0 -0.4817899 -0.8763099 0 -0.4817479 -0.8763099 0 -0.4817479 -0.9389621 0.06696593 -0.3374403 -0.9389621 0.06696593 -0.3374403 -0.9389621 0.06696593 -0.3374403 -0.9389199 0.06759077 -0.337433 -0.9643092 0.1013258 -0.2446243 -0.9643092 0.1013258 -0.2446243 -0.9643092 0.1013258 -0.2446243 -0.9643945 0.1012175 -0.2443323 -0.9389906 0.1910843 -0.2859782 -0.9390235 0.1910291 -0.285907 -0.9390235 0.1910291 -0.285907 -0.9643068 0.18724 -0.1872261 -0.9643068 0.18724 -0.1872261 -0.9643069 0.18724 -0.1872261 -0.964262 0.1873489 -0.1873482 -0.964262 0.1873489 -0.1873483 -0.9642873 0.1872811 -0.1872854 -0.9389072 0.285923 -0.1915761 -0.9643593 0.2444217 -0.1013377 -0.964253 0.2448107 -0.1014109 -0.9642529 0.2448106 -0.1014109 -0.9642529 0.2448106 -0.1014109 -0.9389149 0.3374695 -0.0674771 -0.9643666 0.2645698 0 -0.8763583 0.1843237 -0.4449954 -0.8763815 0.1843074 -0.4449567 -0.8763815 0.1843074 -0.4449567 -0.8765145 0.1842092 -0.4447351 -0.8767451 0.1840364 -0.4443519 -0.8765145 0.1842092 -0.4447351 -0.9390248 0.1910103 -0.2859153 -0.9389595 0.1910877 -0.2860782 -0.9389595 0.1910876 -0.2860782 -0.8764451 0.3404731 -0.3404736 -0.8764451 0.3404731 -0.3404735 -0.8764681 0.3404448 -0.3404426 -0.8764343 0.340484 -0.3404903 -0.8764574 0.3404536 -0.3404613 -0.8764343 0.340484 -0.3404903 -0.9389833 0.2860147 -0.1910659 -0.9389833 0.2860147 -0.1910659 -0.9389976 0.2859342 -0.191116 -0.8764198 0.4448943 -0.1842759 -0.8764425 0.4448532 -0.1842665 -0.8764425 0.4448532 -0.1842665 -0.8763076 0.4450743 -0.1843745 -0.8762846 0.4451108 -0.1843954 -0.8762846 0.4451108 -0.1843954 -0.8764614 0.4814723 0 -0.8764614 0.4814723 0 -0.8764614 0.4814723 0 -0.9389655 0.3374246 -0.06699651 -0.9389861 0.3373439 -0.06711375 -0.9389862 0.3373438 -0.06711369 -0.9642637 0 -0.2649446 -0.9642637 0 -0.2649446 -0.9642384 0 -0.265037 0 -0.9951575 -0.098293 -1.97805e-4 -0.9871156 -0.160009 -1.9777e-4 -0.9871156 -0.160009 -1.9782e-4 -0.9871156 -0.160009 0 -0.9742297 -0.225558 0 -0.9237317 -0.3830403 0 -0.9237618 -0.3829675 0 -0.7934295 -0.6086623 0 -0.7935171 -0.6085482 0 -0.7934295 -0.6086623 0 -0.7934283 -0.6086639 0 -0.7934283 -0.6086639 0 -0.7934283 -0.6086639 0 -0.6089264 -0.7932268 -0.001188516 -0.6089052 -0.7932422 8.1219e-4 -0.4716423 -0.8817896 -0.001624405 -0.382593 -0.9239156 8.20649e-4 -0.2895871 -0.9571514 -0.001610159 -0.09880298 -0.9951058 0 -0.1305704 -0.9914391 0 -0.1305764 -0.9914383 0 -0.3826074 -0.923911 0 -0.3825765 -0.923924 0 -0.6089061 -0.7932423 0 -0.6089066 -0.793242 0 -0.7932243 -0.6089295 0 -0.793245 -0.6089026 0 -0.9237469 -0.3830036 0 -0.9914802 -0.130258 0 -0.9914587 -0.1304218 0 -0.9914268 -0.1306638 0 -0.9914393 -0.1305688 0 -0.9914394 -0.1305688 0 -0.9237323 -0.3830387 0 -0.9237471 -0.3830031 0 -0.7932454 -0.6089021 0 -0.7932254 -0.6089282 0 -0.6089079 -0.793241 0 -0.6089081 -0.7932409 0 -0.3825778 -0.9239234 0 -0.3826075 -0.923911 0 -0.2262647 -0.9740659 0 -0.2261518 -0.9740921 -8.26218e-4 -0.2900485 -0.9570116 -8.2624e-4 -0.2900485 -0.9570116 -8.26214e-4 -0.2900485 -0.9570116 0.001624464 -0.3826116 -0.9239079 -8.12104e-4 -0.4715971 -0.8818138 0.001188814 -0.608909 -0.7932393 0 -0.6342931 -0.7730926 0 -0.7733378 -0.6339944 0 -0.7733377 -0.6339944 0 -0.7733377 -0.6339944 0.001185834 -0.7932296 -0.6089215 -7.69839e-4 -0.8816056 -0.4719862 0.001537621 -0.9240284 -0.3823207 0.001537561 -0.9240285 -0.3823208 0.00153768 -0.9240285 -0.3823208 -7.83857e-4 -0.9571291 -0.2896608 0.00151968 -0.9951991 -0.09785944 0 -0.9913924 -0.1309244 0 -0.9913924 -0.1309244 0 -0.9913924 -0.1309244 0 -0.098378 -0.9951491 1.99849e-4 -0.1599944 -0.987118 0 -0.2260438 -0.9741172 0 -0.382591 -0.9239178 0 -0.6338909 -0.7734225 0 -0.6338167 -0.7734833 0 -0.6338167 -0.7734833 0 -0.7732047 -0.6341566 0 -0.7733263 -0.6340083 0 -0.7732047 -0.6341566 -0.001185953 -0.7932271 -0.6089247 7.70063e-4 -0.8815985 -0.4719997 -0.00157237 -0.923734 -0.3830314 -0.00155735 -0.9238623 -0.3827217 7.81722e-4 -0.9570313 -0.2899839 7.80742e-4 -0.9569895 -0.2901215 7.80784e-4 -0.9569895 -0.2901215 0 -0.9741082 -0.2260829 0 -0.9741081 -0.2260829 0 -0.9741081 -0.2260829 0 -0.974084 -0.2261865 0 -0.974084 -0.2261865 0 -0.974084 -0.2261865 0 -0.9237323 -0.383039 0 -0.9239158 -0.3825961 0 -0.9237453 -0.3830075 0 -0.9239152 -0.3825972 0 -0.9239152 -0.3825972 0 -0.9239153 -0.3825973 0 -0.9237465 -0.3830048 0 -0.7932443 -0.6089038 0 -0.7932239 -0.6089302 0 -0.6089059 -0.7932426 0 -0.9915017 -0.1300938 0 -0.9914581 -0.1304262 0 -0.9914581 -0.1304262 0 -0.9914581 -0.1304262 0 -0.9237322 -0.3830392 0 -0.9238751 -0.3826943 0 -0.9239302 -0.3825614 0 -0.9238751 -0.3826943 0 -0.9240036 -0.3823842 3.95051e-7 -0.9239669 -0.3824728 0 -0.9239669 -0.3824728 0 -0.7932444 -0.6089034 0 -0.9239152 -0.3825972 0 -0.9237465 -0.3830045 0 -0.7932415 -0.6089073 3.95051e-7 -0.9239666 -0.3824732 0 -0.9239666 -0.3824732 0 -0.92393 -0.3825618 0 -0.7932441 -0.6089038 0 -0.7935168 -0.6085485 0 -0.7935168 -0.6085485 0 -0.7935167 -0.6085485 0 -0.6089074 -0.7932415 0 -0.6085464 -0.7935183 0 -0.6085464 -0.7935183 0 -0.6085464 -0.7935183 0 -0.3825767 -0.9239237 0 -0.3825911 -0.9239178 0 -0.1305488 -0.991442 0 -0.9237465 -0.3830046 0 -0.7935359 -0.6085235 0 -0.7935943 -0.6084474 0 -0.7935359 -0.6085235 0 -0.6089076 -0.7932412 0 -0.6089062 -0.7932423 0 -0.3825765 -0.9239238 0 -0.7932241 -0.60893 0 -0.6089229 -0.7932295 0 -0.7935134 -0.6085528 0 -0.7935134 -0.6085528 0 -0.7935134 -0.6085529 0 -0.6089262 -0.7932268 0 -0.1305489 -0.991442 0 -0.3825882 -0.923919 0 -0.6089025 -0.7932451 0 -0.6089274 -0.793226 0 -0.3830203 -0.92374 0 -0.3830203 -0.92374 0 -0.3830203 -0.92374 0 -0.3825916 -0.9239176 0 -0.1305707 -0.991439 0 -0.3825922 -0.9239174 0 -0.3825777 -0.9239234 0 -0.1305708 -0.991439 0 0.9952058 0.09780395 0 0.9952058 0.09780395 0 0.9952058 0.09780395 -1.07319e-4 0.9863438 0.1647003 -1.07282e-4 0.9863438 0.1647003 -1.07321e-4 0.9863438 0.1647003 0 0.9738844 0.2270445 0 0.9738844 0.2270445 0 0.9738844 0.2270445 0 0.9238741 0.3826968 0 0.923874 0.3826968 0 0.9238741 0.3826968 0 0.9237173 0.3830749 0 0.7931846 0.6089813 0 0.7932249 0.6089289 0 0.6090323 0.7931455 0 0.6090282 0.7931486 0 0.3829561 0.9237667 0 0.3825132 0.92395 -1.79599e-7 0.3824519 0.9239755 0 0.382452 0.9239754 0 0.3824519 0.9239755 0 0.1306931 0.991423 0 0.1306931 0.991423 0 0.1306931 0.9914229 0 0.1303733 0.991465 -0.001739025 0.09895849 0.9950901 8.95226e-4 0.2899158 0.9570518 0.001567959 0.9952796 0.09703731 0.00156784 0.9952796 0.09703725 0.00156784 0.9952796 0.09703725 0 0.9914709 0.1303281 0 0.9914598 0.1304131 0 0.9914598 0.1304131 0 0.9914598 0.1304131 0 0.9237763 0.3829329 0 0.9237161 0.3830779 0 0.7931822 0.6089845 0 0.6090319 0.7931458 0 0.3824867 0.923961 0 0.3826196 0.923906 0 0.3824867 0.923961 0 0.382897 0.9237911 0 0.2267334 0.9739569 0 0.2267333 0.9739569 0 0.2267333 0.9739569 1.0797e-4 0.1645165 0.9863743 1.07948e-4 0.1645165 0.9863743 1.07979e-4 0.1645165 0.9863743 0 0.09802031 0.9951844 -7.86653e-4 0.9568543 0.2905674 -7.86645e-4 0.9568542 0.2905674 -7.86674e-4 0.9568542 0.2905674 0.001603364 0.9237552 0.3829802 0 0.9237151 0.3830802 0 0.7931793 0.6089883 0 0.6086886 0.7934092 0 0.6086886 0.7934092 0 0.6086886 0.7934092 0 0.3829268 0.9237787 -3.82298e-7 0.3823683 0.92401 0 0.382457 0.9239734 0 0.3823684 0.92401 0 0.2269101 0.9739158 0 0.2269101 0.9739158 0 0.2269101 0.9739158 0 0.2265954 0.973989 0 0.2265955 0.973989 0 0.2265955 0.973989 -8.02616e-4 0.881776 0.4716677 -8.0152e-4 0.8817308 0.4717523 -8.01443e-4 0.8817308 0.4717522 0.001206576 0.7936029 0.608435 0.001206636 0.7936029 0.608435 0.001206457 0.7936029 0.608435 0 0.7932201 0.6089352 0 0.6085686 0.7935014 0 0.6086446 0.793443 0 0.6085686 0.7935014 0 0.608806 0.7933192 0 0.608806 0.7933192 0 0.608806 0.7933193 0 0.3823979 0.9239978 0 0.3823978 0.9239978 0 0.3823979 0.9239978 0 0.2270953 0.9738726 0 0.2270953 0.9738726 0 0.2270953 0.9738726 0 0.7728536 0.6345846 0 0.634473 0.7729451 0 0.634473 0.7729451 0 0.634473 0.7729451 0.001261353 0.608547 0.7935169 0.001261293 0.608547 0.7935169 0.001269221 0.6086991 0.7934002 -8.48395e-4 0.4708458 0.8822152 -8.46382e-4 0.4710149 0.8821249 -8.48425e-4 0.4708458 0.8822152 0.001701653 0.3829459 0.9237693 -8.95192e-4 0.2899043 0.9570553 0 0.2268597 0.9739275 0 0.2268596 0.9739275 0 0.2268597 0.9739275 0 0.2269101 0.9739158 0 0.2269101 0.9739158 -0.001701653 0.3829459 0.9237693 8.45601e-4 0.4710819 0.8820891 8.466e-4 0.4709973 0.8821343 8.446e-4 0.4711665 0.8820439 -0.001269698 0.6091241 0.7930739 0 0.6346728 0.7727811 0 0.773154 0.6342185 0 0.773154 0.6342185 0 0.773154 0.6342185 -0.001216828 0.7931938 0.6089682 8.00867e-4 0.8817077 0.4717955 8.00875e-4 0.8817077 0.4717955 8.00928e-4 0.8817077 0.4717954 -0.001603364 0.9237547 0.3829814 7.79345e-4 0.9567997 0.2907472 7.79353e-4 0.9567996 0.2907472 7.79337e-4 0.9567996 0.2907472 0 0.973847 0.2272049 0 0.973847 0.2272048 0 0.973847 0.2272049 0 0.9738622 0.2271397 0 0.9738622 0.2271397 0 0.9738622 0.2271397 0 0.9237737 0.3829388 0 0.6085689 0.793501 0 0.6087591 0.7933552 0 0.6085689 0.793501 0 0.6090257 0.7931506 0 0.3825104 0.9239513 0 0.3825104 0.9239513 0 0.3825104 0.9239513 0 0.9237174 0.3830747 0 0.9914603 0.1304091 0 0.991441 0.1305555 0 0.991441 0.1305555 0 0.991441 0.1305555 0 0.9914281 0.130654 0 0.923747 0.3830035 0 0.7932224 0.608932 0 0.3829295 0.9237776 -3.18582e-7 0.3824549 0.9239742 0 0.3822778 0.9240475 0 0.3824549 0.9239742 0 0.1304481 0.9914551 0 0.1306089 0.991434 0 0.1306089 0.991434 0 0.1306089 0.991434 0 0.1306954 0.9914227 0 0.1306954 0.9914227 0 0.1306954 0.9914227 0 0.3829 0.9237899 0 0.6086518 0.7934376 0 0.6086517 0.7934376 0 0.6086518 0.7934376 0 0.6090319 0.7931458 0 0.793225 0.6089288 0 0.7931846 0.6089813 0 0.9237173 0.3830749 0 0.9237469 0.3830038 0 0.991446 0.1305176 0 0.991446 0.1305176 0 0.991446 0.1305176 0 0.9914509 0.1304814 0 0.9914509 0.1304814 0 0.9914509 0.1304814 0 0.9914519 0.1304736 0 0.9914519 0.1304736 0 0.9914519 0.1304736 0 0.9238458 0.3827652 0 0.9238458 0.3827652 0 0.9238458 0.3827652 0 0.7931849 0.608981 0 0.7931819 0.6089848 0 0.3823978 0.9239978 0 0.3824571 0.9239732 0 0.3824571 0.9239732 0 0.3825901 0.9239182 0 0.1304058 0.9914608 0 0.1303185 0.9914722 0 0.9237752 0.3829351 0 0.9238458 0.3827652 0 0.9914283 0.1306517 0 0.9914283 0.1306517 0 0.9914283 0.1306517 0 0.9914394 0.1305686 0 0.9914394 0.1305686 0 0.9914394 0.1305686 0 0.9237164 0.383077 0 0.7931828 0.6089837 0 0.7931839 0.6089823 0 0.609031 0.7931465 0 0.9237456 0.3830065 0 0.9239304 0.3825608 2.58119e-7 0.9239304 0.3825608 0 0.9239304 0.3825608 0 0.9237173 0.383075 0 0.9914597 0.1304132 0 0.9914597 0.1304132 0 0.9914597 0.1304132 0 0.9914284 0.1306514 0 0.9914284 0.1306514 0 0.9914284 0.1306514 0 0.9237755 0.3829347 0 0.9237759 0.3829335 0 0.9238454 0.3827658 0 0.9238454 0.3827658 0 0.9238454 0.3827658 0 0.991446 0.1305176 0 0.991446 0.1305176 0 0.991446 0.1305176 0 0.923874 0.3826968 0 0.9237161 0.3830779 0 0.7932223 0.6089321 0 0.7931821 0.6089847 0 0.6090286 0.7931483 0 0.1303616 0.9914665 1.8968e-7 0.9738531 0.2271792 0 0.9738531 0.2271792 -3.36515e-7 0.9738531 0.2271792 0 0.9737841 0.2274745 0 0.9737841 0.2274745 0 0.9737841 0.2274745 2.21785e-7 0.9738413 0.2272298 1.25692e-7 0.9738411 0.2272298 0 0.9738413 0.2272298 0 0.9237457 0.3830062 0 0.9238458 0.3827652 0 0.9237159 0.3830783 0 0.7931847 0.6089812 0 0.7932248 0.608929 0 0.6086518 0.7934374 0 0.6087659 0.79335 0 0.6086518 0.7934374 0 0.3829558 0.9237667 0 0.3825901 0.9239182 0 0.1308378 0.9914039 0 0.1308378 0.9914039 0 0.1308378 0.9914039 0 0.7932251 0.6089286 0 0.7932222 0.6089323 0 0.7931817 0.6089851 0 0.7932254 0.6089283 0 0.6086481 0.7934403 0 0.6086481 0.7934403 0 0.6086481 0.7934404 0 0.6086485 0.79344 0 0.6086485 0.7934401 0 0.6086485 0.7934401 0 0.6086514 0.7934378 0 0.6086514 0.7934378 0 0.6085753 0.7934963 0 0.6086517 0.7934376 0 0.6086518 0.7934376 0 0.6086518 0.7934376 0 0.6090698 0.7931166 0 0.6090296 0.7931476 0 0.1308378 0.9914039 0 0.1308378 0.9914039 0 0.1308378 0.9914039 0 0.6086512 0.7934379 0 0.6086512 0.7934379 0 0.6086512 0.793438 0 0.3823684 0.92401 0 0.3829582 0.9237658 0 0.3825891 0.9239186 0 0.3824562 0.9239737 0 0.3824562 0.9239737 0 0.3824846 0.923962 0 0.3824846 0.923962 0 0.3824846 0.923962 0 0.3828964 0.9237913 0 0.382487 0.9239609 0 0.382487 0.9239609 0 0.3829299 0.9237774 0 0.3823978 0.9239978 0 0.3829004 0.9237897 0 0.1306307 0.9914311 0 0.1306307 0.9914311 0 0.1306307 0.9914311 0 0.1302766 0.9914777 0 0.1306308 0.9914311 0 0.1306308 0.9914311 0 0.1306308 0.9914311 0.08885151 -0.9960449 0 0.2638276 -0.9645699 0 0.4306659 -0.9025115 0 0.616086 -0.787679 0 0.616086 -0.787679 0 0.616086 -0.787679 0 0.6156796 -0.7879967 0 0.7971852 -0.6037349 0 0.9255075 -0.3787293 0 0.9255282 -0.3786787 0 0.9916166 -0.1292159 0 0.9916165 -0.129216 0 0.9916166 -0.129216 0 0.9915496 -0.1297283 0 0.9914509 0.1304805 0 0.9914509 0.1304805 -1.2829e-7 0.9914509 0.1304805 0 0.9914509 0.1304805 1.21276e-7 0.9914509 0.1304805 9.10487e-7 0.9914509 0.1304805 0 0.9238961 0.3826435 0 0.9238778 0.3826878 0 0.9238961 0.3826435 0 0.9238961 0.3826435 0 0.9238961 0.3826435 0 0.9238961 0.3826435 0 0.7930302 0.6091824 0 0.7934088 0.6086893 0 0.7934088 0.6086893 0 0.7934088 0.6086893 0 0.6088978 0.7932487 0 0.6088978 0.7932487 0 0.6088978 0.7932487 0 0.6091922 0.7930226 0 0.3830138 0.9237427 0 0.382881 0.9237977 0 0.3830138 0.9237427 0 0.3830138 0.9237427 0 0.3830138 0.9237427 8.42274e-7 0.3830138 0.9237427 0 0.1310578 0.9913747 0 0.1310578 0.9913747 0 0.1310578 0.9913747 0 0.1310578 0.9913747 0 0.1310578 0.9913747 1.42528e-6 0.1310578 0.9913747 0 0.1305154 -0.9914463 0 0.1305167 -0.9914462 0 0.3828314 -0.9238184 0 0.3828346 -0.9238169 0 0.6091763 -0.7930349 0 0.6091002 -0.7930933 0 0.6091763 -0.7930349 0 0.6091002 -0.7930933 0 0.6091763 -0.7930349 -1.19134e-6 0.6091763 -0.7930349 0 0.793298 -0.6088337 0 0.79329 -0.6088441 0 0.9239729 -0.3824581 0 0.9239743 -0.3824548 0 0.9914408 -0.1305566 0 0.9914401 -0.1305634 0 0.9914451 0.1305246 0 0.991446 0.1305178 0 0.9239291 0.3825639 0 0.7932934 0.6088396 0 0.7932945 0.6088383 0 0.6088383 0.7932945 0 0.3825712 0.9239261 0 0.3825678 0.9239274 0 0.1305167 0.9914462 0 0.1305154 0.9914463 0 0.1304212 -0.9914588 0 0.3830138 -0.9237427 0 0.3830138 -0.9237427 0 0.3830138 -0.9237427 -8.42274e-7 0.382881 -0.9237977 0 0.3830138 -0.9237427 0 0.3830138 -0.9237427 0 0.6087937 -0.7933287 0 0.6087936 -0.7933287 0 0.6087937 -0.7933287 0 0.6086893 -0.7934088 0 0.6086893 -0.7934088 0 0.6086893 -0.7934088 0 0.7934088 -0.6086893 0 0.7934088 -0.6086893 0 0.7934088 -0.6086893 0 0.7930302 -0.6091824 0 0.9238799 -0.3826826 0 0.9238799 -0.3826826 0 0.9238799 -0.3826826 0 0.9238799 -0.3826826 0 0.9238799 -0.3826826 0 0.9238799 -0.3826826 0 0.9914457 -0.1305205 0 0.9914457 -0.1305205 0 0.9914457 -0.1305205 0 0.9914457 -0.1305205 0 0.9914457 -0.1305205 0 0.9914457 -0.1305205 0 0.9859333 -0.1671401 0 0.9859314 -0.1671507 0 0.9979646 0.06376981 0 0.9565797 0.291471 0 0.9565758 0.2914841 0 0.8639061 0.5036529 0 0.8639137 0.5036399 0 0.7252407 0.6884955 0 0.7252404 0.6884957 0 0.5476934 0.8366792 0 0.5476984 0.8366758 0 0.3407623 0.9401496 0 0.3407658 0.9401482 0 0.1156498 0.9932901 0 0.9600009 -0.2799971 0 0 -1 1.28179e-5 0 -1 1.57709e-5 0 -1 1.57708e-5 0 -1 -3.15298e-5 0 -1 -1.57729e-5 0 -1 7.87873e-6 0 1 -7.88644e-6 0 1 7.88538e-6 0 1 -7.88801e-6 -0.8909214 0 0.4541577 -0.8909123 0 0.4541755 -0.8909122 0 0.4541758 -0.7545419 0 0.6562519 -0.7544789 0 0.6563243 -0.7545419 0 0.6562519 -0.7544789 0 0.6563243 -0.7545419 0 0.6562519 -0.7545419 0 0.6562519 -0.5736376 0 0.8191093 -0.5736376 0 0.8191093 -0.5736376 0 0.8191093 -0.5735779 0 0.8191511 -0.5735779 0 0.8191511 -0.5735779 0 0.8191511 -0.3581723 0 0.9336556 -0.3581723 0 0.9336556 -0.3582618 0 0.9336212 -0.358465 0 0.9335432 -0.358465 0 0.9335432 -0.358465 0 0.9335432 -0.1221382 0 0.9925132 -0.1216228 0 0.9925764 -0.1216228 0 0.9925765 -0.1216228 0 0.9925764 -0.1216621 0 0.9925717 -0.1216621 0 0.9925716 -0.1216621 0 0.9925716 -0.3584402 0 0.9335528 -0.3584402 0 0.9335527 -0.3585298 0 0.9335184 -0.3581968 0 0.9336462 -0.3581968 0 0.9336462 -0.3581969 0 0.9336462 -0.5737153 0 0.8190548 -0.5737153 0 0.8190548 -0.5737153 0 0.8190548 -0.5735779 0 0.8191511 -0.5735779 0 0.8191511 -0.5735779 0 0.8191511 -0.754372 0 0.6564472 -0.754372 0 0.6564472 -0.7544664 0 0.6563388 -0.7548052 0 0.6559491 -0.7547738 0 0.6559852 -0.7547738 0 0.6559852 -0.8909119 0 0.4541761 -0.8909236 0 0.4541534 -0.5736376 0 0.8191093 -0.5736376 0 0.8191093 -0.5736376 0 0.8191093 -0.3577486 0 0.933818 -0.1221659 0 0.9925097 -0.1221271 0 0.9925146 -0.3581723 0 0.9336556 -0.3582618 0 0.9336212 -0.3582618 0 0.9336212 -0.7546169 0 0.6561656 -0.7544911 0 0.6563104 -0.7546169 0 0.6561656 -0.7547186 0 0.6560488 -0.7547186 0 0.6560488 -0.7546556 0 0.6561212 -0.5735378 0 0.8191792 -0.5735378 0 0.8191791 -0.5735378 -4.59339e-7 0.8191792 -0.5736371 0 0.8191096 -0.5736371 0 0.8191096 -0.5736372 0 0.8191096 0.07517606 -0.9755282 0.2066237 0.07503318 -0.9756329 0.2061806 0.07503312 -0.975633 0.2061806 0.07503306 -0.975633 0.2061806 -0.006133258 -0.9998393 -0.01684999 -0.006133258 -0.9998393 -0.01684999 -0.006133258 -0.9998393 -0.01684999 -0.006140768 -0.9998389 -0.01687067 -0.006144106 -0.9998389 -0.01686942 -0.006140768 -0.9998389 -0.01687061 -0.08687686 -0.9672011 -0.2386936 -0.08687692 -0.9672011 -0.2386936 -0.08680695 -0.9672498 -0.2385217 -0.0868836 -0.9671958 -0.2387124 -0.08688354 -0.9671958 -0.2387124 -0.08688354 -0.9671958 -0.2387124 -0.1625729 -0.879701 -0.4468738 -0.1625792 -0.8797132 -0.4468478 -0.2291643 -0.7421131 -0.6298825 -0.2293643 -0.7418764 -0.6300884 -0.2829247 -0.5620341 -0.7772203 -0.2827017 -0.5624357 -0.7770109 -0.3202526 -0.3504547 -0.8801249 -0.3203158 -0.3506018 -0.8800433 -0.320306 -0.3506916 -0.8800111 -0.3203275 -0.350512 -0.8800749 -0.3395863 -0.1190923 -0.933005 -0.3395863 -0.1190923 -0.933005 -0.3395863 -0.1190923 -0.933005 -0.3395987 -0.119538 -0.9329435 -0.3420692 0 -0.9396749 -0.342058 0 -0.9396789 -0.3395209 0.1188899 -0.9330546 -0.3394764 0.1187076 -0.933094 -0.3394765 0.1187075 -0.933094 -0.3396092 0.1193736 -0.9329607 -0.3203781 0.3504627 -0.880076 -0.3202993 0.35078 -0.8799784 -0.3202992 0.35078 -0.8799784 -0.3202992 0.35078 -0.8799784 -0.2827898 0.5620478 -0.7772594 -0.2828358 0.5624208 -0.776973 -0.2292359 0.742145 -0.6298189 -0.2292359 0.742145 -0.6298189 -0.2292358 0.742145 -0.6298189 -0.2292205 0.7421554 -0.6298122 -0.2292203 0.7421554 -0.6298123 -0.2292203 0.7421554 -0.6298123 -0.1627449 0.879517 -0.4471732 -0.162745 0.879517 -0.4471732 -0.162709 0.8795825 -0.4470577 -0.1627336 0.8795369 -0.4471383 -0.1627335 0.8795369 -0.4471384 -0.08682751 0.9672324 -0.2385842 -0.08682757 0.9672324 -0.2385842 -0.08682763 0.9672324 -0.2385842 -0.08680337 0.9672621 -0.2384728 -0.08680337 0.9672621 -0.2384728 -0.08680343 0.9672621 -0.2384727 -0.006313264 0.9998286 -0.01740926 -0.0061149 0.9998402 -0.0168007 -0.0061149 0.9998402 -0.01680064 -0.0061149 0.9998402 -0.0168007 0.07491457 0.9757218 0.2058028 0.07491463 0.9757219 0.2058028 0.07492876 0.9757114 0.2058474 0.07518136 0.9755271 0.2066271 0.1142416 0.9425831 0.3138248 0.1141775 0.9425876 0.3138348 0.1529471 -0.894465 0.4201661 0.1529452 -0.8944664 0.420164 0.222835 -0.7586885 0.6121572 0.2227329 -0.7587026 0.6121768 0.2792378 -0.5770894 0.7674596 0.2792287 -0.57709 0.7674625 0.3188544 -0.3609486 0.8763835 0.319442 -0.3607137 0.8762662 0.3399146 -0.1226951 0.9324184 0.339324 -0.1229523 0.9325997 0.3393376 0.122696 0.9326285 0.3393431 0.1226796 0.9326286 0.339504 0.1227582 0.9325597 0.3393431 0.1226796 0.9326286 0.3190023 0.3607846 0.8763972 0.3190023 0.3607846 0.8763972 0.318916 0.3607679 0.8764355 0.3188868 0.3606508 0.8764943 0.2792264 0.5770914 0.7674623 0.27923 0.5770928 0.7674599 0.2227329 0.7586827 0.6122015 0.2228344 0.7587063 0.6121354 0.1528939 0.8945479 0.420009 0.1528909 0.8945494 0.4200071 0.1141983 -0.9426231 0.3137203 0.1141544 -0.9426186 0.3137497 0 -1 1.00181e-5 0 -1 -5.00917e-6 0.3420591 0 0.9396785 0.3420699 0 0.9396746 0.04468446 -0.9914309 0.1227523 0.044685 -0.9914308 0.1227537 0.130869 -0.9239186 0.3595108 0.130873 -0.9239144 0.3595196 0.2082393 -0.7933498 0.5720426 0.2082369 -0.7933467 0.5720478 0.2713988 -0.6086461 0.7455821 0.271266 -0.608737 0.7455563 0.3158672 -0.3827672 0.8681689 0.3158746 -0.3827679 0.8681659 0.3389714 -0.1305271 0.931698 0.3391557 -0.1303961 0.9316492 0.8909012 0 -0.4541971 0.8909013 0 -0.4541971 0.891119 0 -0.45377 0.8911312 0 -0.4537457 0.891097 0 -0.453813 0.7545883 0 -0.6561986 0.7545982 0 -0.6561871 0.5736958 0 -0.8190686 0.5736958 0 -0.8190686 0.5736958 0 -0.8190686 0.5737011 0 -0.8190648 0.5737011 0 -0.8190648 0.573701 0 -0.8190648 0.3582655 0 -0.9336198 0.3582654 0 -0.9336198 0.3582654 0 -0.9336198 0.3582212 0 -0.9336367 0.3582212 0 -0.9336367 0.3582212 0 -0.9336367 0.1219166 0 -0.9925404 0.1219166 0 -0.9925403 0.1219167 0 -0.9925404 0.1218234 0 -0.9925519 0.1218234 0 -0.9925519 0.1218234 0 -0.9925518 0.1218338 0 -0.9925506 0.1218338 0 -0.9925506 0.1218338 0 -0.9925506 0.3582982 0 -0.9336073 0.3582982 0 -0.9336072 0.3582982 0 -0.9336073 0.5736603 0 -0.8190934 0.5736603 0 -0.8190933 0.5736603 0 -0.8190934 0.5737336 0 -0.819042 0.5737336 0 -0.819042 0.5737336 0 -0.819042 0.7545999 0 -0.6561854 0.8911306 0 -0.453747 0.8911103 0 -0.4537867 0.8911195 0 -0.4537687 0.754599 0 -0.6561862 0.573695 0 -0.819069 0.573695 0 -0.819069 0.573695 0 -0.819069 0.5737003 0 -0.8190653 0.5737004 0 -0.8190653 0.5737004 0 -0.8190653 0.3583112 0 -0.9336022 0.3583112 0 -0.9336022 0.3583112 0 -0.9336022 0.3583543 0 -0.9335857 0.3583543 0 -0.9335857 0.3583543 0 -0.9335857 0.1218234 0 -0.9925519 0.1218234 0 -0.9925519 0.1218234 0 -0.9925518 0.1219166 0 -0.9925403 0.1219167 0 -0.9925404 0.1219166 -5.28479e-7 -0.9925404 0.3583118 0 -0.933602 0.3583118 0 -0.933602 0.3583118 0 -0.933602 0.3582212 0 -0.9336367 0.3582212 0 -0.9336367 0.3582212 0 -0.9336367 0.5736626 0 -0.8190919 0.5737018 0 -0.8190643 0.5736626 -4.10946e-7 -0.8190919 0.7545764 0 -0.6562122 0.8911209 0 -0.4537662 0.8909685 0 -0.4540652 0.1218339 0 -0.9925506 0.1218339 0 -0.9925506 0.1218338 0 -0.9925506 0.1218256 1.35144e-7 -0.9925515 0.1218256 0 -0.9925515 0.1218256 0 -0.9925516 0.1217244 0 -0.992564 0.1217244 0 -0.992564 0.1217244 0 -0.992564 0.3583112 0 -0.9336022 0.3583112 0 -0.9336022 0.3583112 0 -0.9336022 0.5737336 0 -0.819042 0.7545975 0 -0.6561881 0.7545787 0 -0.6562095 0.8911097 0 -0.453788 0.7545772 0 -0.6562113 0.5737358 0 -0.8190405 0.5737358 0 -0.8190405 0.5737358 0 -0.8190405 0.5736603 0 -0.8190933 0.7546101 0 -0.6561735 0.573624 0 -0.8191188 0.573624 0 -0.8191188 0.5736634 0 -0.8190913 0.1218645 0 -0.9925468 0.1218645 0 -0.9925467 0.1218645 0 -0.9925468 0.5736958 0 -0.8190686 0.5735812 0 -0.8191487 0.5735812 0 -0.8191487 0.5735812 0 -0.8191488 0.5737058 0 -0.8190615 0.5736666 0 -0.8190891 0.5736666 0 -0.8190891 0.3583434 0 -0.9335898 0.3583435 0 -0.9335898 0.3583434 0 -0.9335898 0.1219711 -1.25578e-7 -0.9925337 0.1219711 0 -0.9925337 0.1219711 0 -0.9925337 0 1 -4.54785e-6 0 1 4.55005e-6 0.3391395 0.130526 0.9316369 0.3393912 0.1308853 0.9314948 0.3393913 0.1308852 0.9314948 0.3393332 0.1308155 0.9315258 0.315872 0.3827702 0.8681659 0.3163332 0.3824369 0.8681448 0.3162553 0.3824927 0.8681486 0.2712762 0.6086548 0.7456196 0.2713891 0.6087328 0.7455148 0.2083191 0.793164 0.5722711 0.2080792 0.7935704 0.5717947 0.2080792 0.7935704 0.5717947 0.2080792 0.7935704 0.5717947 0.1308687 0.9239165 0.3595158 0.1308733 0.9239164 0.3595145 0.04455685 0.9914807 0.1223966 0.04455709 0.9914795 0.122406 0.3420722 0 0.9396737 0.3420614 0 0.9396777 0 1 1.25227e-6 0 1 -1.25229e-6 0.939692 0 -0.3420222 0.9396917 0 -0.3420227 0.9397523 -6.33667e-5 -0.3418562 0.9397523 -6.33259e-5 -0.3418562 0.9397523 -6.33341e-5 -0.3418563 0.9396989 4.81023e-5 -0.3420029 0.9397041 0 -0.3419889 0.939688 -5.2297e-6 -0.3420332 0.939688 -5.13926e-6 -0.3420332 0.9396879 -5.20534e-6 -0.3420332 0.9396188 0 -0.3422232 0.939617 0 -0.3422278 0.9397733 0 -0.3417986 0.9397737 0 -0.3417974 0.9397368 0 -0.341899 0.9397376 0 -0.3418967 0.93971 0 -0.3419727 0.939709 0 -0.3419752 0.9397158 0 -0.3419567 0.9397147 0 -0.3419593 0.9396781 0 -0.3420601 0.9396815 -4.13125e-6 -0.3420506 0.9396889 -2.83787e-6 -0.3420305 0.9396793 -3.97099e-5 -0.3420568 0.9397352 1.22184e-4 -0.3419033 0.9396756 0 -0.3420673 0.9397215 -3.55692e-5 -0.3419408 0.9397215 -3.55895e-5 -0.3419408 0.9397216 -3.56058e-5 -0.3419408 0.9397709 -9.65077e-5 -0.3418053 0.939816 -1.52754e-4 -0.341681 0.9397708 -9.64942e-5 -0.3418053 0.9396889 2.83787e-6 -0.3420305 0.9396687 -5.116e-5 -0.342086 0.939745 9.38062e-5 -0.3418765 0.9397171 4.3441e-5 -0.341953 0.9397171 4.34236e-5 -0.341953 0.9397042 0 -0.3419886 0.9396972 -4.8103e-5 -0.3420078 0.9397162 -4.03282e-5 -0.3419553 0.9397445 -8.90791e-5 -0.3418778 0.9397162 -4.03082e-5 -0.3419553 0.939669 5.11524e-5 -0.3420853 0.9396807 2.69812e-6 -0.3420532 0.9396855 8.05288e-6 -0.3420396 0.9396826 4.13121e-6 -0.3420478 0.9396868 -9.42659e-6 -0.3420361 0.93968 -1.68635e-6 -0.3420549 0.9396533 1.14119e-4 -0.3421283 0.9396533 1.14127e-4 -0.3421283 0.9396533 1.14133e-4 -0.3421283 0.9396797 4.03898e-5 -0.3420559 0.9396874 -9.40799e-6 -0.3420346 0.9396874 -9.38156e-6 -0.3420346 0.9396732 -3.34337e-5 -0.3420736 0.9397346 6.43541e-5 -0.3419051 0.9397056 1.96617e-5 -0.3419848 0.9397056 1.96786e-5 -0.3419848 0.9397256 2.28253e-5 -0.3419294 0.9399076 2.95723e-4 -0.3414291 0.9397594 9.15168e-5 -0.3418368 0.9396764 -2.12894e-5 -0.342065 0.9396764 -2.13417e-5 -0.342065 0.9396764 -2.12872e-5 -0.342065 0.9397696 9.54828e-5 -0.3418089 0.9397695 9.55647e-5 -0.3418089 0.9397695 9.54995e-5 -0.3418089 0.9397654 8.80761e-5 -0.3418201 0.9397654 8.80883e-5 -0.3418201 0.9397654 8.80283e-5 -0.3418202 0.9396759 0 -0.3420663 0.9396388 6.75344e-5 -0.342168 0.9396388 6.7542e-5 -0.342168 0.9396388 6.75103e-5 -0.342168 0.9398069 -1.57947e-4 -0.341706 0.9398069 -1.57947e-4 -0.341706 0.9398069 -1.57957e-4 -0.341706 0.9397242 -2.28431e-5 -0.3419335 0.9396767 2.50628e-5 -0.3420642 0.9396911 2.58209e-6 -0.3420243 0.9396911 2.69199e-6 -0.3420243 0.9396905 3.56522e-6 -0.3420263 0.9396904 3.49205e-6 -0.3420264 0.9396905 3.52814e-6 -0.3420263 -0.3212957 0.3419916 -0.883069 -0.3214784 0.3420423 -0.8829829 -0.3212835 0.342074 -0.8830416 -0.9396977 1.44308e-4 0.3420064 -0.9396809 0 0.3420525 -0.9395993 1.0944e-4 0.3422765 -0.9395537 1.62978e-4 0.3424019 -0.9395993 1.09435e-4 0.3422765 -0.9396921 0 0.3420217 -0.9396922 0 0.3420215 -0.9396942 1.74216e-6 0.3420159 -0.9396942 1.84521e-6 0.3420159 -0.9396942 1.81282e-6 0.3420159 -0.9396808 0 0.3420526 -0.9396973 -1.43217e-4 0.3420075 -0.9396163 0 0.3422299 -0.9396133 0 0.3422382 -0.9395728 0 0.3423493 -0.9395722 0 0.342351 -0.939737 0 0.3418981 -0.9397369 0 0.3418984 -0.9397089 0 0.3419755 -0.9397078 0 0.3419787 -0.9397147 0 0.3419594 -0.9397156 0 0.3419572 -0.9396962 0 0.3420104 -0.9396144 -9.80372e-5 0.3422352 -0.9397428 8.17217e-5 0.3418827 -0.9396873 -1.34909e-5 0.3420349 -0.9396874 -1.54334e-5 0.3420347 -0.9396799 -3.50047e-5 0.3420553 -0.9396948 1.77368e-5 0.3420144 -0.9397174 -4.45612e-5 0.3419523 -0.9396161 1.65457e-4 0.3422305 -0.9396161 1.65498e-4 0.3422305 -0.9396161 1.65423e-4 0.3422306 -0.9395927 1.43674e-4 0.3422946 -0.9398294 -1.79594e-4 0.3416441 -0.9397309 -4.7636e-5 0.3419152 -0.9396774 2.31375e-5 0.3420621 -0.9396775 2.3236e-5 0.342062 -0.9396774 2.3114e-5 0.3420621 -0.9397225 -3.77748e-5 0.341938 -0.9397225 -3.78625e-5 0.341938 -0.9397225 -3.77432e-5 0.341938 -0.9396604 4.08397e-5 0.3421088 -0.9396604 4.09483e-5 0.3421087 -0.9396604 4.09227e-5 0.3421088 -0.9396954 -3.22994e-6 0.3420127 -0.9396954 -3.14257e-6 0.3420127 -0.9396954 -3.13415e-6 0.3420127 -0.9397054 0 0.3419852 -0.9397054 0 0.3419851 -0.9397322 4.41464e-5 0.3419116 -0.9397322 4.42203e-5 0.3419116 -0.9397475 6.12025e-5 0.3418695 -0.939656 -4.59937e-5 0.342121 -0.9396257 -8.35101e-5 0.3422037 -0.9396409 -6.49315e-5 0.3421623 -0.9397061 1.72479e-5 0.3419831 -0.9397062 1.70887e-5 0.3419831 -0.9397062 1.72087e-5 0.3419831 -0.9395042 -2.87663e-4 0.3425377 -0.9395042 -2.87644e-4 0.3425377 -0.9395042 -2.87606e-4 0.3425377 -0.9397323 3.17821e-5 0.3419115 -0.9396487 -5.68949e-5 0.3421409 -0.9396487 -5.68026e-5 0.3421409 -0.9395889 -1.35524e-4 0.3423052 -0.9395941 -1.61627e-4 0.3422909 -0.9397049 2.65569e-5 0.3419865 -0.9397315 8.24948e-5 0.3419134 -0.9397049 2.65571e-5 0.3419865 -0.9397178 4.29044e-5 0.3419511 -0.9396948 -1.77368e-5 0.3420141 -0.9396794 3.49987e-5 0.3420568 -0.9396877 1.54331e-5 0.3420338 -0.9396876 1.34907e-5 0.3420341 -0.9397424 -8.17315e-5 0.3418836 -0.939615 9.80364e-5 0.3422334 -0.3217901 -0.341836 -0.8829493 -0.3218756 -0.3417956 -0.8829338 -0.3219611 -0.341755 -0.8829182 -0.3214751 -0.3420455 -0.8829829 -0.3213025 -0.3420019 -0.8830625 0 1 4.41026e-6 0 1 -8.82138e-6 0 1 -1.32129e-5 0 1 4.40956e-6 -0.3626691 0.4364362 -0.8234044 -0.4344063 0.3419581 -0.8332802 -0.3916338 0.2356591 -0.8894312 -0.3915235 0.235368 -0.8895567 -0.3213592 0.3415632 -0.8832117 -0.3213223 0.3415861 -0.8832162 -0.3213137 -0.3417851 -0.8831425 -0.3213288 -0.3418011 -0.8831307 -0.3915985 -0.2356622 -0.889446 -0.3915985 -0.2356622 -0.889446 -0.3915985 -0.2356622 -0.889446 -0.4340926 -0.3420161 -0.8334199 -0.4342018 -0.3419244 -0.8334007 -0.4342018 -0.3419244 -0.8334007 -0.362483 -0.4364084 -0.8235011 0 -1 -3.52746e-5 0 -1 3.52765e-5 0 -1 -1.7637e-5 0 -1 -1.76173e-5 0 -1 8.81912e-6 0 -1 -9.91172e-6 0 -1 -1.76428e-5 0.9177438 0.003056585 -0.3971614 0.9177438 0.003056704 -0.3971614 0.9177438 0.003056526 -0.3971614 0.891072 0 -0.4538622 0.891072 0 -0.4538622 0.891072 0 -0.4538622 0.8908531 0 -0.4542916 0.7547054 0 -0.656064 0.7547054 0 -0.656064 0.7547054 0 -0.656064 0.7550304 0 -0.6556898 0.5733943 0 -0.8192796 0.5733966 0 -0.8192781 0.3584457 0 -0.9335506 0.3584239 0 -0.933559 0.1218527 0 -0.9925482 0.1218467 0 -0.992549 0.121828 0 -0.9925513 0.5733962 0 -0.8192782 0.7548105 0 -0.655943 0.7547161 0 -0.6560515 0.754716 0 -0.6560516 0.8593176 0 -0.5114425 0.8312004 0.001255631 -0.5559716 0.7550293 -0.001530528 -0.6556894 0.691308 0.001183211 -0.7225592 0.5733959 -0.001359224 -0.8192775 0.5183836 9.19081e-4 -0.8551477 0.5183837 9.19064e-4 -0.8551478 0.5183836 9.1909e-4 -0.8551477 0.3584336 -0.001065552 -0.9335547 0.3210843 5.408e-4 -0.9470505 0.1088445 -6.73703e-4 -0.9940587 0.8312008 -0.001255631 -0.5559709 0.7546526 0.001546204 -0.6561229 0.7546526 0.001546263 -0.6561229 0.7546526 0.001546263 -0.6561229 0.5733959 0 -0.8192785 0.3584191 0 -0.9335608 0.1217481 0 -0.9925611 0.1218528 0 -0.9925482 0.6913142 -0.001183271 -0.7225534 0.5733921 0.001359224 -0.8192801 0.5734027 0 -0.8192738 0.3584409 0 -0.9335525 0.5187966 -9.15903e-4 -0.8548973 0.3584219 0.001065611 -0.9335592 0.3584196 0 -0.9335606 0.2290471 0 -0.9734153 0.2290471 0 -0.9734154 0.2290471 0 -0.9734153 0.1516132 2.10893e-4 -0.98844 0.1088227 0 -0.9940612 0.3210953 -5.40819e-4 -0.9470468 0.9152078 0 -0.4029824 0.9152078 0 -0.4029824 0.9152464 0 -0.4028947 0.879616 -2.35432e-4 -0.4756844 0.8593245 0 -0.5114309 0.7550308 0 -0.6556894 0.573394 0 -0.8192799 0.7550197 0 -0.6557022 0.8908505 0 -0.4542966 0.8909941 0 -0.4540151 0.8908416 0 -0.454314 0.7548 0 -0.6559551 0.7547056 0 -0.6560636 0.7548 0 -0.6559551 0.8593064 0 -0.5114612 0.5734019 0 -0.8192743 0.3584244 0 -0.9335588 0.3584414 0 -0.9335522 -0.9152252 -1.98819e-7 0.4029427 -0.9152252 -2.02535e-7 0.4029427 -0.9152252 -1.23866e-7 0.4029427 -0.8777101 -1.28279e-4 0.4791921 -0.8592818 -1.21121e-7 0.5115025 -0.8592819 0 0.5115025 -0.8592818 0 0.5115025 -0.7545234 0 0.6562732 -0.7545226 0 0.6562741 -0.5738666 0 0.8189489 -0.5738833 0 0.8189371 -0.3584301 0 0.9335566 -0.358429 0 0.933557 -0.1218557 0 0.9925479 -0.1217944 0 0.9925554 -0.1218311 0 0.9925509 -0.5738819 0 0.8189381 -0.8592156 0 0.5116139 -0.8592401 0 0.5115727 -0.8592156 -1.73937e-7 0.5116139 -0.8312064 0.001280307 0.5559626 -0.7545356 -0.001684486 0.656257 -0.6910747 0.001217544 0.7227823 -0.6910748 0.001217544 0.7227823 -0.6910748 0.001217663 0.7227823 -0.5734831 -0.001456975 0.8192162 -0.5734831 -0.001456975 0.8192161 -0.5734046 -0.001454591 0.8192711 -0.5187212 9.71139e-4 0.8549429 -0.3584279 -0.001131117 0.9335568 -0.3215418 5.53608e-4 0.9468953 -0.1091735 -7.01376e-4 0.9940226 -0.1090784 -7.05642e-4 0.994033 -0.1091735 -7.01325e-4 0.9940225 -0.9208509 0.003440976 0.3898999 -0.9208509 0.003440916 0.3898999 -0.9208508 0.003440558 0.3898999 -0.8912423 0 0.4535274 -0.8910902 0 0.4538265 -0.8912497 0 0.4535132 -0.5738658 0 0.8189494 -0.5738826 0 0.8189377 -0.3584296 0 0.9335568 -0.3584428 0 0.9335517 -0.1220411 0 0.9925251 -0.1216582 0 0.9925721 -0.1216586 0 0.992572 -0.8912757 0 0.453462 -0.8912187 0 0.4535738 -0.8912602 0 0.4534922 -0.7545225 0 0.6562743 -0.5738787 0 0.8189404 -0.1218553 0 0.9925479 -0.8312082 -0.001280248 0.5559599 -0.7545364 0.001684427 0.6562561 -0.7545202 0 0.6562768 -0.5738847 0 0.8189362 -0.2290958 -1.30262e-7 0.9734039 -0.2290958 0 0.9734039 -0.2290958 1.39523e-7 0.9734039 -0.1521677 1.07727e-4 0.9883547 -0.1090756 0 0.9940335 -0.1090756 0 0.9940335 -0.1090756 0 0.9940335 -0.6911484 -0.001221656 0.7227119 -0.6912176 -0.00122559 0.7226457 -0.6911484 -0.001221537 0.7227119 -0.5738825 0.0014683 0.8189364 -0.57349 0.001457154 0.8192114 -0.5738664 0 0.8189489 -0.3584388 0 0.9335533 -0.229267 0 0.9733636 -0.229267 0 0.9733636 -0.2291737 0 0.9733856 -0.518709 -9.71116e-4 0.8549503 -0.3584167 0.001131057 0.9335611 -0.229266 0 0.9733639 -0.229266 0 0.9733639 -0.229266 0 0.9733639 -0.3215329 -5.53592e-4 0.9468984 -0.7545207 0 0.6562764 -0.8912345 0 0.4535428 -0.8909554 0 0.454091 -0.8909554 0 0.454091 -0.8909554 0 0.454091 -0.8910794 0 0.4538475 -0.8912316 0 0.4535485 -0.7545232 0 0.6562734 -0.8910167 0 0.4539707 -0.8910167 0 0.4539707 -0.8910167 0 0.4539707 -0.8912571 0 0.4534986 -0.5734724 0 0.8192249 -0.5734724 0 0.819225 -0.5734724 0 0.8192249 -0.859227 0 0.5115947 -0.859227 0 0.5115947 -0.8592269 0 0.5115947 -0.8592735 -1.22006e-7 0.5115165 -0.8592735 0 0.5115166 -0.8592735 0 0.5115166 -0.8592194 -1.73226e-7 0.5116074 -0.8592194 0 0.5116074 -0.8592194 0 0.5116074 -0.7545242 0 0.6562723 -0.859221 0 0.5116048 -0.8592209 0 0.5116047 -0.8592209 0 0.5116048 -0.7545239 0 0.6562725 -0.573587 0 0.8191447 -0.573587 0 0.8191447 -0.573587 0 0.8191447 -0.5736023 0 0.819134 -0.5736023 0 0.819134 -0.5736023 0 0.819134 -0.3584433 0 0.9335515 -0.5736023 0 0.819134 -0.5736023 0 0.819134 -0.5736023 0 0.819134 -0.3584412 0 0.9335524 -0.1220529 0 0.9925236 -0.3584205 0 0.9335603 -0.3584311 0 0.9335562 -0.1217564 0 0.99256 -0.1218436 0 0.9925494 -0.964214 -0.2651255 0 -0.964214 -0.2651255 0 -0.964214 -0.2651255 0 -0.9389166 -0.3374452 -0.0675764 -0.964166 -0.2451018 -0.1015335 -0.964166 -0.2451018 -0.1015335 -0.964166 -0.2451018 -0.1015334 -0.9642638 -0.2447769 -0.1013888 -0.9642638 -0.2447769 -0.1013888 -0.9642637 -0.2447769 -0.1013888 -0.9389272 -0.2858832 -0.1915379 -0.9643047 -0.1872356 -0.1872411 -0.9643048 -0.1872357 -0.1872411 -0.9642794 -0.1873025 -0.1873049 -0.9643861 -0.1870489 -0.1870087 -0.9390192 -0.1910458 -0.2859103 -0.9390191 -0.1910458 -0.2859103 -0.9390191 -0.1910458 -0.2859103 -0.9643942 -0.1012199 -0.2443327 -0.964201 -0.1014796 -0.2449865 -0.964201 -0.1014796 -0.2449864 -0.964201 -0.1014797 -0.2449864 -0.9389269 -0.06757694 -0.3374161 -0.9642389 0 -0.2650349 -0.9642134 0 -0.2651274 -0.9642134 0 -0.2651274 -0.8764693 -0.4814578 0 -0.8764693 -0.4814578 0 -0.8764693 -0.4814578 0 -0.9389194 -0.3376125 -0.0666964 -0.8763419 -0.4450223 -0.1843371 -0.8763418 -0.4450224 -0.184337 -0.8763418 -0.4450223 -0.1843371 -0.8764441 -0.4448508 -0.1842655 -0.8764441 -0.4448508 -0.1842655 -0.9389347 -0.2863277 -0.1908354 -0.8764256 -0.3404989 -0.340498 -0.8764255 -0.340499 -0.3404979 -0.8764485 -0.3404697 -0.3404678 -0.8763803 -0.3405556 -0.3405578 -0.8764264 -0.340498 -0.3404967 -0.8764725 -0.3404405 -0.3404355 -0.93907 -0.1909642 -0.2857978 -0.93907 -0.1909642 -0.2857977 -0.9390699 -0.1909642 -0.2857977 -0.8766825 -0.1840953 -0.4444512 -0.8764521 -0.184257 -0.4448384 -0.8764522 -0.1842571 -0.4448383 -0.8764752 -0.1842404 -0.4447997 -0.8763388 0 -0.4816953 -0.8763158 0 -0.4817373 -0.8763388 0 -0.4816953 -0.9389286 -0.06665277 -0.3375954 0.8763388 0 -0.4816953 0.8763158 0 -0.4817373 0.8763388 0 -0.4816953 0.9389298 -0.06670457 -0.3375817 0.9389312 -0.06754851 -0.3374099 0.9642582 -0.1013968 -0.2447958 0.9642328 -0.1014322 -0.2448812 0.9642327 -0.1014323 -0.2448812 0.9643059 -0.1013218 -0.2446385 0.9643059 -0.1013218 -0.2446385 0.9643059 -0.1013218 -0.2446385 0.938983 -0.1910983 -0.2859938 0.93895 -0.1911436 -0.2860717 0.938983 -0.1910983 -0.2859937 0.9642376 -0.1874082 -0.1874138 0.9642377 -0.1874082 -0.1874138 0.9642123 -0.1874714 -0.1874813 0.9641648 -0.1876042 -0.1875923 0.9642283 -0.1874366 -0.1874331 0.9641648 -0.1876041 -0.1875923 0.9389282 -0.2858836 -0.1915323 0.9643862 -0.2443637 -0.101221 0.9640725 -0.2454153 -0.1016641 0.9641997 -0.2449908 -0.1014814 0.9641997 -0.2449907 -0.1014814 0.9389279 -0.3374146 -0.06757146 0.9642297 -0.2650681 0 0.9642298 -0.2650681 0 0.9642298 -0.2650682 0 0.8764205 -0.1842804 -0.4448909 0.8763974 -0.1842962 -0.4449298 0.8763974 -0.1842962 -0.4449298 0.8765149 -0.1842178 -0.4447308 0.8765149 -0.1842178 -0.4447308 0.8765149 -0.1842178 -0.4447308 0.9389857 -0.1910573 -0.2860124 0.9390181 -0.1910235 -0.2859287 0.9389857 -0.1910572 -0.2860124 0.8764034 -0.3405269 -0.3405272 0.8764264 -0.340498 -0.3404966 0.8764263 -0.340498 -0.3404966 0.8764256 -0.340499 -0.3404979 0.8764256 -0.3404989 -0.340498 0.8764256 -0.340499 -0.340498 0.9389278 -0.2863449 -0.1908435 0.8764002 -0.4449261 -0.1842926 0.8764001 -0.4449261 -0.1842924 0.8764001 -0.4449261 -0.1842924 0.8763549 -0.4450005 -0.1843279 0.8763318 -0.4450387 -0.184345 0.8763318 -0.4450388 -0.1843451 0.876524 -0.4813581 0 0.876524 -0.4813581 0 0.876524 -0.4813581 0 0.938924 -0.3375979 -0.0667032 0.9642134 0 -0.2651274 0.9642134 0 -0.2651274 0.9642389 0 -0.2650349 0 0.9951398 -0.09847295 1.96584e-4 0.9871578 -0.1597481 0 0.9741083 -0.2260824 0 0.9741083 -0.2260824 0 0.9741083 -0.2260824 0 0.9238423 -0.3827735 0 0.9238429 -0.3827719 0 0.7934117 -0.6086854 0 0.7934025 -0.6086974 0 0.6087363 -0.7933726 0.001189172 0.6087399 -0.793369 -8.12279e-4 0.4714328 -0.8819016 0.001617729 0.3826467 -0.9238933 -8.22401e-4 0.2897995 -0.9570871 0.001612424 0.09877145 -0.9951089 0 0.1305451 -0.9914424 0 0.130548 -0.991442 0 0.3826515 -0.9238928 0 0.38265 -0.9238935 0 0.608735 -0.7933737 0 0.6087349 -0.7933737 0 0.7934001 -0.6087004 0 0.7934111 -0.6086861 0 0.9238427 -0.3827723 0 0.9238425 -0.3827729 0 0.9914479 -0.1305037 0 0.9914425 -0.1305448 0 0.9914479 -0.1305034 0 0.9238391 -0.382781 0 0.7934116 -0.6086856 0 0.7934064 -0.6086924 0 0.6087316 -0.7933763 0 0.6087365 -0.7933726 0 0.3826516 -0.9238927 0 0.3826514 -0.9238929 0 0.226228 -0.9740744 0 0.2262453 -0.9740704 8.22401e-4 0.2897966 -0.957088 -0.001617729 0.3826516 -0.9238914 8.1228e-4 0.4714294 -0.8819035 -0.001189172 0.6087411 -0.7933681 0 0.6341129 -0.7732405 0 0.7732382 -0.6341158 -0.001168012 0.7934085 -0.6086885 7.87464e-4 0.8816452 -0.4719123 -0.001557767 0.9238355 -0.3827866 7.83874e-4 0.9570075 -0.2900623 -0.001521885 0.9951798 -0.09805518 0 0.9914438 -0.1305346 0 0.09833192 -0.9951537 -2.00206e-4 0.1600037 -0.9871164 0 0.3826538 -0.9238919 0 0.6341162 -0.7732378 0 0.773241 -0.6341122 0.001167893 0.7934059 -0.608692 -7.87456e-4 0.881645 -0.4719126 0.001557886 0.9238367 -0.3827837 -7.83811e-4 0.9570064 -0.2900658 0 0.9740844 -0.2261847 0 0.9740844 -0.2261847 0 0.9740844 -0.2261847 0 0.9740635 -0.2262752 0 0.9740635 -0.2262752 0 0.9740635 -0.2262752 0 0.9238423 -0.3827732 0 0.9238423 -0.3827733 0 0.9238423 -0.3827734 0 0.7934154 -0.6086807 0 0.7934001 -0.6087005 0 0.3826501 -0.9238934 0 0.991437 -0.1305858 0 0.9914479 -0.1305035 0 0.7934153 -0.6086808 0 0.9238411 -0.3827763 0 0.9238425 -0.382773 0 0.7934106 -0.6086869 0 0.7934061 -0.6086927 0 0.608731 -0.7933767 0 0.1305434 -0.9914426 0 0.7934005 -0.6087 0 0.7934101 -0.6086875 0 0.7934015 -0.6086988 0 0.6087368 -0.7933722 0 0.6087315 -0.7933763 0 0.3826509 -0.923893 0 0.7934052 -0.6086938 0 0.7934129 -0.608684 0 0.6087355 -0.7933734 0 0.6087354 -0.7933735 0 0.3826505 -0.9238932 0 0.3826541 -0.9238917 0 0.130549 -0.9914419 0 0.6087347 -0.793374 0 0.382654 -0.9238919 0 0.6087361 -0.7933729 0 0.3826511 -0.923893 0 0.1305381 -0.9914433 0 0.3826547 -0.9238914 0 0.3826546 -0.9238916 0 0.3826518 -0.9238927 0 0.1305519 -0.9914415 0 -0.9951972 0.09789144 0 -0.9951972 0.09789144 0 -0.9951972 0.09789144 1.06122e-4 -0.986391 0.1644174 0 -0.9739348 0.2268284 0 -0.9739348 0.2268284 0 -0.9739348 0.2268284 0 -0.9238488 0.3827577 0 -0.923865 0.3827189 0 -0.7933759 0.6087321 0 -0.6088507 0.793285 0 -0.6088473 0.7932875 0 -0.3826684 0.9238858 0 -0.3826639 0.9238877 0 -0.1304382 0.9914565 0 -0.1304467 0.9914554 0.001742959 -0.09895598 0.9950904 -8.80674e-4 -0.2897093 0.9571143 -0.001556754 -0.9952487 0.09735345 0 -0.9914363 0.1305925 0 -0.9914332 0.1306152 0 -0.9238552 0.3827422 0 -0.9238637 0.3827216 0 -0.7933831 0.6087228 0 -0.7933762 0.6087318 0 -0.3826715 0.9238846 0 -0.3826682 0.923886 0 -0.2268529 0.9739291 -1.07891e-4 -0.1644715 0.986382 0 -0.09799933 0.9951866 7.88091e-4 -0.9568417 0.2906086 -0.001585245 -0.9238544 0.3827409 0 -0.7933764 0.6087315 0 -0.7933706 0.608739 0 -0.6088545 0.7932819 0 -0.6088574 0.7932797 0 -0.3826679 0.923886 0 -0.3826644 0.9238875 0 -0.2265614 0.9739969 0 -0.226888 0.973921 0 -0.226888 0.973921 0 -0.226888 0.973921 8.01699e-4 -0.8817585 0.4717007 -0.001213669 -0.7933754 0.6087315 0 -0.608851 0.7932847 0 -0.6088541 0.7932823 0 -0.3826736 0.9238836 0 -0.2266326 0.9739803 0 -0.7730451 0.6343512 0 -0.6343868 0.7730157 -0.001260817 -0.6088458 0.7932877 8.51512e-4 -0.470924 0.8821735 -0.001718819 -0.3826709 0.9238831 8.80674e-4 -0.2897101 0.9571141 0 -0.2266712 0.9739714 0 -0.2266311 0.9739807 0 -0.3826583 0.9238901 0.001718819 -0.3826709 0.9238831 -8.51513e-4 -0.4709255 0.8821726 0.001260459 -0.6088458 0.7932877 0 -0.6343727 0.7730274 0 -0.7730598 0.6343332 0.001213669 -0.7933759 0.608731 -8.02142e-4 -0.8817433 0.4717289 0.001585245 -0.9238549 0.3827398 -7.88094e-4 -0.9568452 0.2905972 0 -0.9738677 0.2271163 0 -0.9738677 0.2271163 0 -0.9738677 0.2271163 0 -0.9739011 0.2269728 0 -0.9739011 0.2269728 0 -0.9739011 0.2269728 0 -0.9238575 0.3827366 0 -0.9238574 0.3827371 0 -0.793386 0.608719 0 -0.3826712 0.9238846 0 -0.9238623 0.3827253 0 -0.991428 0.130655 0 -0.9914308 0.1306337 0 -0.9914335 0.130613 0 -0.9238574 0.3827369 0 -0.9238635 0.3827221 0 -0.7933834 0.6087225 0 -0.3826714 0.9238846 0 -0.3826611 0.9238888 0 -0.1304047 0.9914609 0 -0.130492 0.9914494 0 -0.1304054 0.9914609 0 -0.3826632 0.923888 0 -0.3826705 0.923885 0 -0.6088597 0.7932779 0 -0.6088497 0.7932857 0 -0.7933751 0.608733 0 -0.9238644 0.38272 0 -0.9238571 0.3827378 0 -0.9914172 0.1307362 0 -0.9914441 0.1305319 0 -0.9914119 0.1307769 0 -0.9238575 0.3827371 0 -0.9238649 0.382719 0 -0.7933735 0.6087352 0 -0.6088472 0.7932876 0 -0.1304488 0.9914551 0 -0.1304478 0.9914553 0 -0.923856 0.3827403 0 -0.9238649 0.3827191 0 -0.9914603 0.1304091 0 -0.9914335 0.1306132 0 -0.7933834 0.6087223 0 -0.793376 0.6087321 0 -0.6088507 0.7932848 0 -0.9238563 0.3827399 0 -0.9914172 0.1307359 0 -0.9238488 0.3827576 0 -0.9238575 0.382737 0 -0.9914605 0.1304081 0 -0.9238566 0.382739 0 -0.9238639 0.3827211 0 -0.7933741 0.6087344 0 -0.6088583 0.7932791 0 -0.6088483 0.7932868 0 -0.3826693 0.9238854 0 -0.3826619 0.9238885 0 -0.1304481 0.9914551 0 -0.9238637 0.3827219 0 -0.9739011 0.2269728 0 -0.9739011 0.2269728 0 -0.9739589 0.2267248 0 -0.9738648 0.2271289 0 -0.9738648 0.2271289 0 -0.9738648 0.2271289 0 -0.7933812 0.6087253 0 -0.7933732 0.6087355 0 -0.7933758 0.6087322 0 -0.793376 0.6087319 0 -0.7933735 0.6087353 0 -0.6088504 0.7932852 0 -0.6088576 0.7932796 0 -0.3826641 0.9238876 0 -0.1304272 0.9914579 0 -0.7933835 0.6087221 0 -0.6088469 0.7932878 4.67389e-7 -0.6084766 0.7935719 0 -0.6084766 0.7935719 0 -0.6084766 0.7935719 0 -0.6088508 0.7932848 0 -0.6088507 0.7932849 0 -0.382664 0.9238877 0 -0.1304703 0.9914522 0 -0.6088537 0.7932826 0 -0.3826718 0.9238844 0 -0.6088502 0.7932853 0 -0.3826758 0.9238827 0 -0.1304694 0.9914524 0 -0.3826687 0.9238857 0 -0.1304488 0.9914551 0 -0.1304274 0.9914579 0 1 -8.44499e-7 0 1 3.30045e-5 0 1 -4.12202e-6 0 1 1.61002e-5 0 1 1.76598e-5 0 1 -7.13207e-7 0 1 -1.3938e-4 0 1 2.33596e-6 0 1 4.77715e-5 -0.9396966 0 -0.3420094 -0.9396933 0 -0.3420187 0 -1 1.5896e-6 0 -1 -2.41286e-7 0 -1 1.46525e-5 0 -1 -3.20817e-5 0 -1 1.19724e-5 0 -1 2.01526e-5 0 -1 -3.53038e-6 0 -1 -4.35751e-5 0 -1 8.48324e-6 0 -1 -7.16572e-5 0 -1 1.39383e-4 0.939695 0 -0.3420135 0.9396939 0 -0.3420165 0.9396966 0 -0.3420094 0.3626212 0.4364234 -0.8234322 0.3213297 0.3416048 -0.8832063 0.3213357 0.3416245 -0.8831966 0.391521 0.2353543 -0.8895615 0.4344171 0.3419113 -0.8332937 0 1 3.52746e-5 0 1 -1.46059e-5 0 1 1.46128e-5 0 1 -1.68373e-5 0 1 2.89087e-6 0 1 -8.8213e-6 0 1 -4.41042e-6 0 -1 -1.76426e-5 0 -1 -1.76205e-5 0 -1 3.52752e-5 0 -1 -6.73486e-5 0 -1 5.84513e-5 0 -1 -1.94746e-5 0 -1 -3.52749e-5 0.4344856 -0.3415696 -0.8333982 0.3916668 -0.2353306 -0.8895035 0.3213217 -0.3419517 -0.8830749 0.3213113 -0.3419415 -0.8830828 0.362401 -0.4364009 -0.8235411 -0.1088494 6.73502e-4 -0.9940581 -0.1218336 0 -0.9925506 -0.1218148 0 -0.9925529 -0.3584265 0 -0.933558 -0.3584435 0 -0.9335514 -0.573399 0 -0.8192763 -0.5733922 0 -0.8192811 -0.7548105 0 -0.655943 -0.7547161 0 -0.6560515 -0.754716 0 -0.6560516 -0.7547054 0 -0.656064 -0.7547054 0 -0.656064 -0.7547054 0 -0.656064 -0.8908505 0 -0.4542966 -0.8910042 0 -0.4539951 -0.8910042 0 -0.4539951 -0.8910042 0 -0.4539951 -0.8908507 0 -0.4542964 -0.5733929 0 -0.8192806 -0.5733926 0 -0.8192809 -0.3584483 0 -0.9335496 -0.2290567 0 -0.9734131 -0.2290567 0 -0.9734131 -0.2290567 0 -0.9734131 -0.321079 5.41138e-4 -0.9470523 -0.3584361 -0.001065969 -0.9335537 -0.5185067 9.17984e-4 -0.8550732 -0.5185067 9.18011e-4 -0.8550732 -0.5185067 9.16219e-4 -0.8550732 -0.5733923 -0.001359164 -0.8192798 -0.6913122 0.001182973 -0.7225552 -0.7548097 -0.001539349 -0.6559422 -0.7548097 -0.001539349 -0.6559422 -0.7548097 -0.001539409 -0.6559421 -0.8312004 0.001254677 -0.5559716 -0.9177776 -0.003058612 -0.3970831 -0.9177776 -0.003058731 -0.3970832 -0.9177776 -0.003058612 -0.3970831 -0.3210901 -5.41157e-4 -0.9470486 -0.3584247 0.00106579 -0.9335581 -0.358444 0 -0.9335512 -0.5733983 0 -0.8192768 -0.7550197 0 -0.6557022 -0.8593135 0 -0.5114493 -0.879615 2.35311e-4 -0.4756866 -0.9149376 0 -0.4035952 -0.5183869 -9.1871e-4 -0.8551458 -0.5183869 -9.18697e-4 -0.8551458 -0.5183869 -9.18713e-4 -0.8551458 -0.5733888 0.001359641 -0.8192823 -0.5733906 0 -0.8192822 -0.7550304 0 -0.6556898 -0.8593109 0 -0.5114538 -0.6913181 -0.001183032 -0.7225496 -0.7547159 0.001543521 -0.6560501 -0.7547159 0.001543581 -0.6560501 -0.7547159 0.001543581 -0.6560501 -0.8593139 0 -0.5114487 -0.8312008 -0.001254737 -0.5559709 -0.1088237 0 -0.9940611 -0.1516433 -2.10811e-4 -0.9884353 -0.3584217 0 -0.9335598 -0.1217964 0 -0.9925551 -0.1218394 0 -0.9925498 -0.1218887 0 -0.9925438 -0.3584443 0 -0.9335512 -0.3584222 0 -0.9335597 -0.1217471 0 -0.9925612 -0.7550308 0 -0.6556894 -0.7547056 0 -0.6560636 -0.7548 0 -0.6559551 -0.7548 0 -0.6559551 -0.8908533 0 -0.4542913 0.9208275 -0.003438591 0.3899552 0.9208275 -0.003438591 0.3899552 0.9208275 -0.003438413 0.3899552 0.8311901 0.001282274 0.555987 0.7545356 -0.001686275 0.656257 0.6912913 0.001229584 0.7225752 0.691222 0.001225829 0.7226415 0.691222 0.001225829 0.7226415 0.5738839 -0.001469254 0.8189355 0.5187121 9.71367e-4 0.8549485 0.3584326 -0.001130223 0.933555 0.3215421 5.52994e-4 0.9468952 0.2292704 0 0.9733628 0.2292704 0 0.9733628 0.2292704 0 0.9733628 0.2292001 0 0.9733794 0.2292001 0 0.9733794 0.2292001 0 0.9733794 0.3584475 0 0.93355 0.3584247 0 0.9335587 0.5734934 0 0.8192102 0.5734934 0 0.8192102 0.5734934 2.99492e-7 0.8192102 0.5738846 0 0.8189363 0.7545239 0 0.6562725 0.7545225 0 0.6562743 0.891019 0 0.4539663 0.891019 0 0.4539663 0.891019 0 0.4539663 0.8910379 0 0.453929 0.8910379 0 0.453929 0.891038 0 0.453929 0.8910225 0 0.4539593 0.8909354 0 0.4541301 0.8910225 0 0.4539593 0.7545226 0 0.6562741 0.5738725 0 0.8189448 0.5738908 0 0.818932 0.3584343 0 0.9335551 0.3584486 0 0.9335495 0.1216427 0 0.992574 0.121655 0 0.9925724 0.1218514 0 0.9925484 0.3584353 0 0.9335547 0.5734966 0 0.819208 0.573418 0 0.8192631 0.5734966 2.31372e-7 0.819208 0.5738739 0 0.8189438 0.7545234 0 0.6562732 0.8910151 0 0.453974 0.8910151 0 0.453974 0.8910151 0 0.453974 0.8909554 0 0.454091 0.8909554 0 0.454091 0.8909554 0 0.454091 0.8779385 1.24381e-4 0.4787735 0.8779385 1.2438e-4 0.4787735 0.8779385 1.24378e-4 0.4787735 0.8592522 1.21272e-7 0.5115523 0.8592277 0 0.5115935 0.8592522 0 0.5115523 0.8592752 0 0.5115135 0.8592752 0 0.5115135 0.8592752 0 0.5115135 0.7545232 0 0.6562734 0.5738732 0 0.8189442 0.57389 0 0.8189325 0.3584348 0 0.9335548 0.1217532 0 0.9925605 0.121847 0 0.992549 0.109075 7.06286e-4 0.9940333 0.109075 7.0633e-4 0.9940333 0.109075 7.06342e-4 0.9940333 0.3215326 -5.52978e-4 0.9468985 0.108599 0 0.9940857 0.152224 -1.07714e-4 0.988346 0.22921 0 0.973377 0.22921 0 0.973377 0.22921 0 0.973377 0.3584364 0 0.9335542 0.3584222 0.001129984 0.933559 0.5187012 -9.71347e-4 0.8549551 0.5738895 0.001468718 0.8189315 0.6912261 -0.001226067 0.7226375 0.6912261 -0.001226067 0.7226375 0.691157 -0.001222133 0.7227037 0.7545364 0.001686215 0.6562561 0.831192 -0.001282215 0.555984 0.8592782 0 0.5115085 0.8592783 1.87611e-7 0.5115086 0.8592782 0 0.5115085 0.8592553 0 0.511547 0.8592553 0 0.511547 0.8592553 0 0.511547 0.9152275 0 0.4029377 0.9152274 1.94353e-7 0.4029377 0.9152274 2.05991e-7 0.4029377 0.8912497 0 0.4535132 0.7545242 0 0.6562723 0.8910161 0 0.4539719 0.891016 0 0.4539719 0.891016 0 0.4539719 0.8912606 0 0.4534916 0.8910431 0 0.4539189 0.8909267 0 0.4541472 0.8909267 0 0.4541472 0.8909267 0 0.4541472 0.8911231 0 0.4537616 0.8911231 0 0.4537616 0.8911231 0 0.4537616 0.1218518 0 0.9925484 0.8592871 0 0.5114936 0.8593116 1.97127e-7 0.5114524 0.8592871 0 0.5114936 0.8592553 0 0.511547 0.8592553 1.25359e-7 0.511547 0.8592553 0 0.511547 0.7545202 0 0.6562768 0.7545207 0 0.6562764 0.1220487 0 0.9925242 0.5738692 0 0.818947 0.5734934 0 0.8192102 0.5734934 0 0.8192102 0.5734934 0 0.8192102 0.5738868 0 0.8189347 0.5738678 0 0.8189481 0.5738913 0 0.8189315 0.5738745 0 0.8189432 0.1216545 0 0.9925725 0.3584465 0 0.9335503 0.358447 0 0.9335501 0.1218398 0 0.9925498 0.3584435 0 0.9335514 0.3584445 0 0.933551 0.1217534 0 0.9925604 -0.4508885 -0.8925804 0 -0.4508885 -0.8925804 0 -0.4508885 -0.8925804 0 -0.4510099 -0.8925191 0 -0.4510099 -0.892519 0 -0.4510099 -0.892519 0 -0.6612025 -0.7502076 0 -0.6612025 -0.7502075 0 -0.6612025 -0.7502076 0 -0.6612025 -0.7502075 0 -0.6612025 -0.7502076 0 -0.6612025 -0.7502076 0 -0.8286621 -0.5597493 0 -0.9431456 -0.3323802 0 -0.9964326 -0.08439248 0 -0.9855614 0.1693187 0 -0.9855609 0.1693216 0 -0.9110799 0.41223 0 -0.9110769 0.4122364 0 -0.7779496 0.6283268 0 -0.5943157 0.8042318 0 -0.5943076 0.8042379 0 -0.372843 0.9278944 0 -0.1271489 0.9918836 0 -0.3339405 -0.9425942 0 -0.3339405 0.9425942 0 -0.1265999 -0.991954 0 -0.372843 -0.9278944 0 -0.5946739 -0.8039671 0 -0.5946822 -0.8039609 0 -0.7779496 -0.6283268 0 -0.911122 -0.412137 0 -0.911122 -0.412137 0 -0.911122 -0.412137 1.70202e-7 -0.9111219 -0.412137 0 -0.911122 -0.412137 0 -0.911122 -0.412137 0 -0.9855772 -0.1692271 0 -0.9854954 -0.1697025 0 -0.9854954 -0.1697025 -3.52068e-7 -0.9854954 -0.1697025 0 -0.9964326 0.08439248 0 -0.9964327 0.08439105 0 -0.9430829 0.3325578 0 -0.9430848 0.3325524 0 -0.8288341 0.5594946 0 -0.6612481 0.7501673 0 -0.4506055 0.8927233 0 -0.4506055 0.8927233 0 -0.4506055 0.8927233 2.34002e-7 -0.4510402 0.8925036 0 0 1 -3.45097e-6 0 1 7.88544e-6 0 1 1.18181e-5 -0.1612869 -0.8817253 0.4433364 -0.1612151 -0.9422535 0.2935439 -0.2874575 -0.8817865 0.3739262 -0.2873898 -0.8818305 0.3738746 -0.2873898 -0.8818305 0.3738746 -0.2898522 -0.879684 0.3770169 -0.2898522 -0.8796841 0.3770169 -0.2898522 -0.879684 0.3770169 -0.2772945 -0.9409376 0.194279 -0.3859 -0.8820132 0.270433 -0.300264 -0.9422462 0.1483704 -0.300264 -0.9422462 0.1483703 -0.300264 -0.9422462 0.1483703 -0.4499626 -0.8816509 0.1422166 -0.4499626 -0.8816509 0.1422166 -0.4499626 -0.8816509 0.1422167 -0.4497175 -0.8817883 0.1421399 -0.4497582 -0.8817657 0.1421512 -0.4497988 -0.8817431 0.1421627 -0.3311583 -0.9421949 0.05102008 -0.3311583 -0.9421948 0.05102008 -0.33112 -0.9422069 0.05104619 -0.4706963 -0.8822954 0 -0.4706963 -0.8822954 0 -0.4707809 -0.8822503 0 -0.08794176 -0.9663668 0.2416643 -0.1612313 -0.9422525 0.2935383 -0.1568343 -0.9662368 0.2044252 -0.1568344 -0.9662367 0.2044252 -0.1568737 -0.9662429 0.204366 -0.1568737 -0.9662429 0.204366 -0.2420598 -0.9421905 0.2316988 -0.2420598 -0.9421905 0.2316988 -0.2420598 -0.9421905 0.2316988 -0.2110109 -0.9662585 0.1477128 -0.2110108 -0.9662585 0.1477128 -0.2110785 -0.966234 0.1477763 -0.2107141 -0.9663249 0.1477016 -0.300612 -0.9421603 0.1482108 -0.300612 -0.9421604 0.1482109 -0.300612 -0.9421603 0.1482109 -0.2457274 -0.9662377 0.0774793 -0.2455961 -0.966267 0.0775299 -0.2455961 -0.966267 0.0775299 -0.2460374 -0.9661461 0.07763707 -0.2460374 -0.9661461 0.07763713 -0.2459642 -0.9661692 0.07757961 -0.2577922 -0.9662005 0 -0.2577922 -0.9662005 0 -0.2579311 -0.9661633 0 -0.3311925 -0.9421846 0.05098676 -0.3312915 -0.9421446 0.05108314 -0.3312256 -0.9421713 0.05101883 -0.2579311 0.9661633 0 -0.2579311 0.9661633 0 -0.2577922 0.9662005 0 -0.3312838 0.9421535 0.05096966 -0.3312838 0.9421535 0.05096971 -0.3312838 0.9421535 0.05096966 -0.3309409 0.9422666 0.05110657 -0.4494664 0.8819267 0.1420754 -0.4494663 0.8819267 0.1420755 -0.4494318 0.8819484 0.1420502 -0.4534428 0.8796751 0.1433932 -0.4534428 0.879675 0.1433932 -0.4534428 0.879675 0.1433932 -0.2773435 0.9409642 0.1940805 -0.3858887 0.8821445 0.2700209 -0.2425752 0.9421086 0.2314922 -0.2428966 0.9420179 0.2315247 -0.2425752 0.9421086 0.2314922 -0.2875984 0.8816657 0.3741029 -0.2875985 0.8816655 0.3741028 -0.2875983 0.8816656 0.374103 -0.2874107 0.881786 0.3739635 -0.28737 0.8818059 0.3739477 -0.2874109 0.8817859 0.3739634 -0.1610732 0.9423738 0.2932355 -0.1610372 0.882145 0.4425917 -0.161073 0.882354 0.4421618 -0.2456462 0.9662587 0.0774737 -0.2456462 0.9662587 0.0774737 -0.2456461 0.9662587 0.07747364 -0.2456206 0.9662623 0.0775094 -0.2456206 0.9662623 0.0775094 -0.2456206 0.9662623 0.0775094 -0.3002005 0.9422162 0.1486887 -0.3003845 0.9422017 0.1484085 -0.2112304 0.9661818 0.1479 -0.2111561 0.9662067 0.1478436 -0.2112305 0.9661818 0.1478999 -0.2109821 0.9662656 0.1477073 -0.2109822 0.9662656 0.1477072 -0.2109821 0.9662656 0.1477073 -0.2420708 0.9421045 0.2320367 -0.2420708 0.9421045 0.2320367 -0.2420901 0.9420197 0.2323607 -0.1568158 0.9662238 0.2045004 -0.1568158 0.9662238 0.2045004 -0.156946 0.9662155 0.2044399 -0.156841 0.9662125 0.2045347 -0.1568412 0.9662125 0.2045346 -0.1568409 0.9662125 0.2045347 -0.08814734 0.9662193 0.2421785 -0.08814734 0.9662193 0.2421785 -0.0881474 0.9662193 0.2421785 -0.160968 0.942366 0.2933182 -0.4715262 0.8818521 0 0 -1 3.15149e-5 0 -1 1.57759e-5 0.07650506 0 0.9970693 0.07650506 0 0.9970693 0.07650506 0 0.9970693 0.1221191 -0.001664161 0.9925141 0.2265914 6.69762e-4 0.9739897 0.2265914 6.69725e-4 0.9739897 0.2265914 6.69755e-4 0.9739897 0.3581954 -0.001341283 0.9336458 0.3581954 -0.001341223 0.9336458 0.3581954 -0.001341223 0.9336458 0.372784 -6.57889e-4 0.9279179 0.3728284 -6.55667e-4 0.9279001 0.372784 -6.57954e-4 0.9279179 0.5090035 4.22998e-4 0.8607645 0.5090035 4.23021e-4 0.8607645 0.5090035 4.22901e-4 0.8607645 0.5737209 -0.001741111 0.8190491 0.5736816 -0.001742303 0.8190765 0.5737208 -0.00174117 0.8190491 0.6343417 4.33549e-4 0.7730528 0.6343417 4.33501e-4 0.7730527 0.6343417 4.33585e-4 0.7730527 0.7446841 -6.76113e-4 0.6674168 0.7547989 -0.001286327 0.6559551 0.7547675 -0.001273572 0.6559912 0.7547989 -0.001286268 0.6559551 0.837486 6.41976e-4 0.5464586 0.8374859 6.41948e-4 0.5464586 0.837486 6.41967e-4 0.5464586 0.8909065 -0.001593708 0.4541841 0.9108138 0 0.4128175 0.07703053 0 0.9970288 0.1221486 0.001664161 0.9925104 0.2265758 -6.6955e-4 0.9739933 0.2265758 -6.69657e-4 0.9739933 0.2265758 -6.69535e-4 0.9739934 0.3584716 0.001329779 0.9335397 0.3584716 0.001329839 0.9335397 0.3584716 0.001329779 0.9335398 0.3729377 6.50531e-4 0.9278562 0.3729378 6.50533e-4 0.9278562 0.3729377 6.5036e-4 0.9278562 0.5095487 -4.86007e-4 0.8604417 0.5091384 -4.37219e-4 0.8606847 0.5737209 0.00174117 0.8190491 0.5737209 0.00174129 0.8190491 0.5736816 0.001742243 0.8190765 0.6339723 -4.14629e-4 0.7733557 0.7446978 6.76057e-4 0.6674015 0.7547307 0.001284956 0.6560336 0.7547307 0.001284778 0.6560336 0.7547307 0.001284837 0.6560336 0.8375557 -6.40824e-4 0.5463517 0.8375557 -6.40851e-4 0.5463518 0.8375557 -6.40722e-4 0.5463517 0.8909065 0.001593708 0.4541841 0.9108126 0 0.41282 0 1 -2.50456e-6 0 1 1.2523e-6 -0.3420721 0 0.9396737 -0.3420615 0 0.9396777 -0.04455655 0.9914796 0.1224045 -0.04455661 0.9914807 0.1223959 -0.130869 0.9239186 0.3595108 -0.1308748 0.9239147 0.3595184 -0.2081514 0.793449 0.5719367 -0.2081514 0.793449 0.5719368 -0.2081515 0.7934491 0.5719367 -0.2083168 0.7931671 0.5722677 -0.2712644 0.6089137 0.7454125 -0.2712645 0.6089137 0.7454125 -0.2712054 0.609025 0.745343 -0.2712615 0.6087327 0.7455614 -0.3158612 0.3827729 0.8681686 -0.3158769 0.3827648 0.8681664 -0.3389779 0.130528 0.9316955 -0.3391471 0.1303973 0.9316522 -0.07724499 0 -0.9970121 -0.07724505 0 -0.9970121 -0.07724505 0 -0.9970121 -0.1441581 -0.001235842 -0.9895539 -0.1441582 -0.001235902 -0.9895539 -0.1441581 -0.001235902 -0.9895539 -0.234912 9.56993e-4 -0.9720163 -0.234912 9.56962e-4 -0.9720163 -0.234912 9.56853e-4 -0.9720162 -0.3583428 -0.001034617 -0.9335896 -0.358298 -0.00103569 -0.9336068 -0.3583428 -0.001034557 -0.9335896 -0.3821503 1.57466e-4 -0.9241002 -0.3821502 1.5745e-4 -0.9241002 -0.3821503 1.57357e-4 -0.9241002 -0.5138996 0.001286804 -0.8578494 -0.5138996 0.001286804 -0.8578494 -0.5138996 0.001286625 -0.8578495 -0.5734843 -8.18857e-4 -0.8192163 -0.5734843 -8.18808e-4 -0.8192163 -0.5734843 -8.18858e-4 -0.8192163 -0.6866489 0.003506183 -0.7269808 -0.6866489 0.003506422 -0.7269808 -0.6866837 0.003505647 -0.7269479 -0.7546088 -6.70304e-4 -0.6561747 -0.8312039 0.001115918 -0.5559666 -0.9091632 -0.002295434 -0.416434 -0.9092029 -0.002302467 -0.416347 -0.9092029 -0.002302646 -0.416347 -0.8911265 0 -0.4537553 -0.8908971 0 -0.4542053 -0.8908971 0 -0.4542053 -0.8908971 0 -0.4542053 -0.7545993 0 -0.6561859 -0.7545984 0 -0.6561869 -0.5736297 0 -0.8191148 -0.5736297 0 -0.8191148 -0.5736297 0 -0.8191148 -0.5736297 0 -0.8191148 -0.5736297 0 -0.8191148 -0.5736297 0 -0.8191148 -0.3583211 0 -0.9335985 -0.3583211 0 -0.9335985 -0.3583211 0 -0.9335985 -0.3582264 0 -0.9336348 -0.3582264 0 -0.9336348 -0.3582264 0 -0.9336347 -0.1217472 0 -0.9925612 -0.1217472 0 -0.9925612 -0.1217472 0 -0.9925612 -0.1141574 -0.9426019 0.3137991 -0.1142224 -0.9426015 0.3137769 -0.1141777 -0.9425997 0.3137984 -0.1141777 0.9425997 0.3137984 -0.1142224 0.9426015 0.3137769 -0.1141578 0.942605 0.3137898 -0.1218428 0 -0.9925494 -0.1218428 0 -0.9925495 -0.1218428 0 -0.9925494 -0.1216701 0 -0.9925706 -0.1216701 0 -0.9925706 -0.1216701 1.47396e-7 -0.9925706 -0.08316665 0.002518951 -0.9965326 -0.08316665 0.002519011 -0.9965326 -0.08316665 0.002519071 -0.9965326 -0.2367112 -0.001189053 -0.9715793 -0.2365254 -0.001174032 -0.9716247 -0.2365254 -0.001173973 -0.9716246 -0.358371 7.69193e-4 -0.933579 -0.358371 7.6916e-4 -0.933579 -0.358371 7.69178e-4 -0.933579 -0.7546002 0 -0.656185 -0.8911144 0 -0.4537789 -0.8815813 0.001127243 -0.4720309 -0.8814681 0.001134455 -0.4722421 -0.8814681 0.001134514 -0.4722421 -0.9102612 0 -0.4140345 -0.4447376 -0.003609418 -0.8956536 -0.4447376 -0.003609657 -0.8956537 -0.4447376 -0.003609538 -0.8956537 -0.5736041 8.20552e-4 -0.8191323 -0.5736041 8.20595e-4 -0.8191323 -0.5736041 8.2062e-4 -0.8191323 -0.6292908 -0.001246035 -0.7771689 -0.6292908 -0.001246213 -0.7771689 -0.6292908 -0.001246154 -0.777169 -0.7375524 -1.47245e-4 -0.67529 -0.7375524 -1.47075e-4 -0.67529 -0.7375523 -1.46925e-4 -0.6752901 -0.7545939 0.001001894 -0.6561914 -0.8325299 -8.66911e-4 -0.5539795 -0.83253 -8.66803e-4 -0.5539795 -0.83253 -8.66895e-4 -0.5539795 -0.3583154 0 -0.9336007 -0.3583154 0 -0.9336007 -0.3583154 0 -0.9336007 0 -1 4.55005e-6 -0.3391292 -0.1305265 0.9316407 -0.3391883 -0.1306562 0.9316009 -0.3391884 -0.1306561 0.9316009 -0.3391885 -0.1306562 0.9316009 -0.3158689 -0.3827651 0.8681693 -0.3162565 -0.3824827 0.8681527 -0.3158729 -0.38277 0.8681657 -0.3162564 -0.3824827 0.8681527 -0.2712705 -0.6086479 0.7456273 -0.2713919 -0.6087331 0.7455136 -0.2082356 -0.7933464 0.5720486 -0.2082429 -0.7933531 0.5720366 -0.13087 -0.9239196 0.3595076 -0.1308736 -0.9239184 0.3595094 -0.04468423 -0.9914311 0.1227515 -0.04468446 -0.9914309 0.1227523 -0.3420591 0 0.9396785 -0.3420699 0 0.9396746 0 -1 -5.00912e-6 -0.9396989 4.81023e-5 -0.3420029 -0.9397041 0 -0.3419889 -0.9396303 -6.74762e-5 -0.3421913 -0.9396304 -6.74997e-5 -0.3421913 -0.9396303 -6.73706e-5 -0.3421913 -0.9396918 0 -0.3420227 -0.9396916 0 -0.342023 -0.9396633 3.14993e-5 -0.3421009 -0.9396632 3.14925e-5 -0.3421009 -0.9396633 3.15484e-5 -0.3421009 -0.9397042 0 -0.3419886 -0.9396975 -5.02895e-5 -0.3420068 -0.9398179 0 -0.3416758 -0.939818 0 -0.3416759 -0.9398179 0 -0.3416758 -0.9397835 0 -0.3417705 -0.9397835 0 -0.3417705 -0.9397835 0 -0.3417705 -0.9397749 0 -0.3417939 -0.9397751 0 -0.3417937 -0.9397383 0 -0.3418948 -0.9396234 0 -0.3422104 -0.9396234 0 -0.3422104 -0.9396234 0 -0.3422104 -0.9397079 0 -0.3419781 -0.9397071 0 -0.3419807 -0.9397157 0 -0.3419567 -0.9397147 0 -0.3419595 -0.9396781 0 -0.3420601 -0.9396811 -4.26453e-6 -0.3420517 -0.9396879 -9.4266e-6 -0.3420333 -0.9396801 0 -0.3420548 -0.9397339 -1.18328e-4 -0.3419066 -0.9396806 3.50045e-5 -0.3420535 -0.9396889 3.54734e-6 -0.3420305 -0.9396876 0 -0.3420341 -0.9396831 4.26446e-6 -0.3420462 -0.939687 9.23136e-6 -0.3420358 -0.9396803 1.0118e-6 -0.3420539 -0.9395699 -3.49759e-4 -0.3423573 -0.9395698 -3.49712e-4 -0.3423573 -0.9395698 -3.4969e-4 -0.3423574 -0.9396799 -3.36525e-5 -0.3420552 -0.9396889 -3.19261e-6 -0.3420305 -0.9396874 0 -0.3420346 0.3218756 -0.3417955 -0.8829337 0.3218756 -0.3417956 -0.8829338 0.3217901 -0.341836 -0.8829493 0.3214755 -0.3420427 -0.8829838 0.3212969 -0.3419991 -0.8830657 0.9396919 0 0.3420224 0.9396919 0 0.3420222 0.9396033 -9.5728e-5 0.3422656 0.9396341 -6.27386e-5 0.342181 0.9396342 -6.26914e-5 0.342181 0.9396973 1.53054e-4 0.3420073 0.9396808 0 0.3420529 0.9395577 1.44975e-4 0.3423907 0.9394499 2.60901e-4 0.3426865 0.939736 0 0.3419011 0.939736 0 0.3419011 0.939736 0 0.3419011 0.9396173 0 0.3422274 0.9395719 0 0.3423519 0.9397339 0 0.3419066 0.9396848 0 0.3420418 0.9396848 0 0.3420418 0.9397388 0 0.3418935 0.9397376 0 0.3418967 0.9397097 0 0.3419734 0.939709 0 0.3419752 0.9397131 0 0.3419641 0.9397138 0 0.3419619 0.9396962 0 0.3420104 0.9396167 -1.00435e-4 0.3422285 0.939695 -1.66726e-5 0.342014 0.9396795 3.43256e-5 0.3420565 0.9396871 1.60761e-5 0.3420356 0.939702 0 0.3419944 0.9396885 1.34907e-5 0.3420317 0.9397411 -8.19279e-5 0.3418871 0.9396166 1.00435e-4 0.3422289 0.9397413 8.17215e-5 0.3418868 0.9396886 -1.38282e-5 0.3420314 0.9396862 -1.60764e-5 0.3420378 0.9396799 -3.50047e-5 0.3420553 0.939695 1.66726e-5 0.342014 0.9396808 0 0.3420526 0.9396958 -1.53057e-4 0.3420113 0.3212933 0.3419952 -0.8830685 0.3214775 0.3420383 -0.8829848 0.3212825 0.3420777 -0.8830404 -3.11343e-5 0 1 3.22343e-5 0 1 -2.90956e-5 0 1 6.08435e-6 0 1 3.78301e-5 0 1 -6.03152e-5 0 1 -1.06633e-5 0 1 6.78162e-5 0 1 -6.55008e-5 0 1 1.92671e-4 0 1 2.23083e-5 0 1 -2.89558e-5 0 1 6.39775e-5 0 1 -6.78162e-5 0 1 1.31002e-4 0 1 -1.92646e-4 0 1 3.2235e-5 0 1 -2.90949e-5 0 1 6.08423e-6 0 1 3.7831e-5 0 1 -6.03132e-5 0 1 -1.06629e-5 0 1 5.24346e-5 0 1 -2.20551e-5 0 1 2.90956e-5 0 1 -2.23093e-5 0 1 -2.13258e-5 0 1 6.55018e-5 0 1 -1.92674e-4 0 1 -6.03136e-5 0 1 8.53033e-5 0 1 1.92641e-4 0 1 -3.11337e-5 0 1 5.24367e-5 0 1 -2.20562e-5 0 1 2.90945e-5 0 1 -2.23082e-5 0 1 -1.92641e-4 0 1 1.92674e-4 0 1 5.42903e-5 0 1 -3.11338e-5 0 1 -2.2056e-5 0 1 2.90944e-5 0 1 -2.23083e-5 0 1 3.7832e-5 0 1 2.23088e-5 0 1 -2.89551e-5 0 1 5.33146e-5 0 1 0.1306448 0.9914293 0 0.1306448 0.9914293 0 0.1306448 0.9914293 0 0.1303188 0.9914722 0 -0.1303188 0.9914722 0 -0.1308959 0.9913962 0 -0.1308959 0.9913961 0 -0.1308959 0.9913961 0 -0.3822565 0.9240563 0 -0.3822565 0.9240564 0 -0.3822565 0.9240563 0 -0.3828063 0.9238286 0 -0.6083669 0.793656 0 -0.608608 0.793471 0 -0.6086081 0.7934711 0 -0.6086081 0.7934711 0 -0.7935189 0.6085458 0 -0.7935439 0.6085131 0 -0.9237679 0.3829528 0 -0.9237679 0.3829528 0 -0.9237679 0.3829528 0 -0.9236391 0.3832633 0 -0.9914413 0.1305537 0 -0.9914225 0.1306963 0 -0.9914225 0.1306963 0 -0.9914984 0.130119 0 -0.9914768 -0.1302837 0 -0.9914196 -0.1307186 0 -0.9914196 -0.1307186 0 -0.9914196 -0.1307186 0 -0.9238263 -0.3828119 0 -0.7930674 -0.609134 0 -0.7933342 -0.6087864 0 -0.7933343 -0.6087865 0 -0.7933343 -0.6087865 0 -0.6086953 -0.7934042 0 -0.6086953 -0.7934041 0 -0.6086953 -0.7934042 0 -0.6091766 -0.7930345 0 -0.3823373 -0.9240229 0 -0.3823373 -0.9240229 0 -0.3823373 -0.9240229 0 -0.3827619 -0.923847 0 -0.382762 -0.9238471 0 -0.382762 -0.9238471 0 -0.1306301 -0.9914312 0 -0.1306301 -0.9914312 -1.31549e-7 -0.1306301 -0.9914312 -2.77361e-7 -0.1305282 -0.9914446 -1.27329e-7 -0.1305282 -0.9914446 0 -0.1305282 -0.9914446 0 0.1305282 -0.9914446 0 0.1305282 -0.9914446 1.27955e-7 0.1305282 -0.9914446 0 0.1304264 -0.9914581 0 0.1304739 -0.9914518 0 0.1304739 -0.9914518 0 0.38271 -0.9238686 0 0.38271 -0.9238685 0 0.38271 -0.9238686 -3.34266e-7 0.3823373 -0.9240229 0 0.3823373 -0.9240229 0 0.3823373 -0.9240229 0 0.6086953 -0.7934042 0 0.6087713 -0.7933458 0 0.6086953 -0.7934042 0 0.6086953 -0.7934042 0 0.6086953 -0.7934042 0 0.6086953 -0.7934042 0 0.7933343 -0.6087865 0 0.7933342 -0.6087864 0 0.7933343 -0.6087865 -2.15027e-7 0.7930674 -0.609134 0 0.9238263 -0.3828119 0 0.99147 -0.1303348 0 0.9914768 -0.1302837 0 0.9914984 0.130119 0 0.9914292 0.1306453 0 0.9914293 0.1306453 0 0.9914293 0.1306453 0 0.9237679 0.3829528 0 0.9237679 0.3829528 0 0.9237679 0.3829528 0 0.9236391 0.3832633 0 0.7935439 0.6085131 0 0.7935189 0.6085458 0 0.6086081 0.7934711 0 0.608608 0.793471 0 0.6086081 0.7934711 0 0.608608 0.793471 0 0.6086081 0.7934711 0 0.6086081 0.7934711 0 0.3828063 0.9238286 0 0.3828247 0.9238211 0 0.1305282 -0.9914446 0 0.1305282 -0.9914446 1.27635e-7 0.1305282 -0.9914446 1.45781e-7 0.1305282 -0.9914446 3.05851e-7 0.1305282 -0.9914446 0 0.3823373 -0.9240229 0 0.3823373 -0.9240229 0 0.3823373 -0.9240229 0 0.3823373 -0.9240229 0 0.3823373 -0.9240229 0 0.6086953 -0.7934042 0 0.6087713 -0.7933458 0 0.6086953 -0.7934042 0 0.6086953 -0.7934042 0 0.6086953 -0.7934042 0 0.7933342 -0.6087864 0 0.7933343 -0.6087865 0 0.7933343 -0.6087865 0 0.6086081 0.7934711 0 0.608608 0.793471 0 0.608608 0.793471 0 0.6086081 0.7934711 0 0.6086081 0.7934711 0 0.1303217 0.9914718 0 0.1306611 0.9914272 0 0.1306611 0.9914272 0 0.1306611 0.9914272 0 -0.1306611 0.9914272 0 -0.1306611 0.9914272 0 -0.1306611 0.9914272 0 -0.1303351 0.99147 0 -0.3827713 0.9238432 0 -0.3827897 0.9238355 0 -0.6083791 0.7936466 0 -0.6087344 0.7933741 0 -0.6087344 0.7933741 0 -0.6087344 0.7933741 0 -0.7935152 0.6085505 0 -0.7935402 0.6085178 0 -0.9239312 0.3825589 0 -0.9239312 0.3825588 0 -0.9239312 0.3825589 0 -0.9238947 0.3826469 0 -0.9238948 0.3826469 0 -0.9238948 0.3826469 0 -0.9914101 0.1307901 0 -0.9914101 0.1307901 0 -0.9914101 0.1307901 0 -0.9914361 0.130593 0 -0.9914361 0.130593 1.6188e-7 -0.9914361 0.130593 0 -0.7932682 -0.6088725 0 -0.7932682 -0.6088725 0 -0.7932682 -0.6088725 0 -0.7933306 -0.6087911 0 -0.793389 -0.6087151 0 -0.793389 -0.6087151 0 -0.3825671 -0.9239277 0 -0.3825672 -0.9239278 1.20202e-7 -0.3825671 -0.9239277 0 -0.3825045 -0.9239537 0 -0.3825045 -0.9239537 0 -0.3825045 -0.9239537 0 -0.1304875 -0.99145 0 -0.1304875 -0.99145 -1.51274e-7 -0.1304875 -0.99145 0 -0.1306708 -0.9914258 0 -0.1306708 -0.9914258 0 -0.1306708 -0.9914258 0 0.1306708 -0.9914258 0 0.1306708 -0.9914258 0 0.1306708 -0.9914258 0 0.1304739 -0.9914517 0 0.3826297 -0.9239018 0 0.3826297 -0.9239018 0 0.3826298 -0.9239019 0 0.3825672 -0.9239278 -1.19802e-7 0.3825671 -0.9239277 0 0.3825671 -0.9239277 0 0.7932682 -0.6088725 0 0.7932682 -0.6088725 0 0.7932682 -0.6088725 0 0.7933306 -0.6087911 0 0.793389 -0.6087151 0 0.793389 -0.6087151 0 0.9914361 0.130593 0 0.9914361 0.130593 0 0.9914361 0.130593 -1.61652e-7 0.9914919 0.1301687 0 0.9239312 0.3825589 0 0.9239312 0.3825588 0 0.9239312 0.3825589 0 0.9238947 0.3826469 0 0.9238948 0.3826469 0 0.9238948 0.3826469 0 0.7935152 0.6085505 0 0.7935402 0.6085178 0 0.6087344 0.7933741 0 0.6087344 0.7933741 0 0.6087344 0.7933741 0 0.6087344 0.7933741 0 0.6087344 0.7933741 0 0.6087344 0.7933741 0 0.3827897 0.9238355 0 0.382808 0.9238279 0 0.1303351 0.99147 0 0.1306611 0.9914272 0 0.1306611 0.9914272 0 0.1306611 0.9914272 0 -0.1306611 0.9914272 0 -0.1306611 0.9914272 0 -0.1306611 0.9914272 0 -0.1306611 0.9914272 0 -0.1306611 0.9914272 0 -0.1306611 0.9914272 0 -0.6087344 0.7933741 0 -0.6087344 0.7933741 0 -0.6087344 0.7933741 0 -0.6083666 0.7936562 0 -0.7935278 0.6085342 0 -0.9238119 0.3828467 0 -0.9238119 0.3828467 0 -0.9238854 0.3826696 0 -0.9238306 0.3828018 0 -0.9238306 0.3828018 0 -0.9238306 0.3828018 0 -0.9914516 0.1304759 0 -0.9914516 0.1304759 0 -0.9914516 0.1304759 0 -0.9914516 0.1304759 0 -0.9914516 0.1304759 0 -0.9914516 0.1304759 0 -0.9914734 -0.1303092 0 -0.9238355 -0.3827897 0 -0.9238172 -0.382834 0 -0.793389 -0.6087151 0 -0.7933306 -0.6087911 0 -0.793389 -0.6087151 0 -0.7930513 -0.609155 0 -0.6086317 -0.7934529 0 -0.6086317 -0.7934529 0 -0.6086317 -0.7934529 0 -0.6087713 -0.7933458 0 -0.6086953 -0.7934042 0 -0.6086953 -0.7934042 0 -0.3825671 -0.9239277 0 -0.3825672 -0.9239278 1.19569e-7 -0.3825671 -0.9239277 0 -0.3825671 -0.9239277 0 -0.3825671 -0.9239277 0 -0.1306708 -0.9914258 0 -0.1306708 -0.9914258 -1.25896e-7 -0.1306708 -0.9914258 -2.64144e-7 -0.1306708 -0.9914258 0 -0.1306708 -0.9914258 0 0.1306708 -0.9914258 0 0.1306708 -0.9914258 0 0.1304875 -0.99145 1.51274e-7 0.1304875 -0.99145 0 0.1304875 -0.99145 0 0.3825045 -0.9239537 0 0.3825045 -0.9239537 0 0.3825045 -0.9239537 0 0.3825672 -0.9239278 -1.20202e-7 0.3825671 -0.9239277 0 0.6091766 -0.7930345 0 0.6086953 -0.7934041 0 0.6086953 -0.7934042 0 0.6086953 -0.7934042 0 0.793389 -0.6087151 0 0.7933306 -0.6087911 0 0.793389 -0.6087151 0 0.7930513 -0.609155 0 0.9238355 -0.3827897 0 0.9914667 -0.1303604 0 0.9914734 -0.1303092 0 0.9914516 0.1304759 0 0.9914516 0.1304759 0 0.9914516 0.1304759 0 0.9914886 0.1301943 0 0.9238306 0.3828018 0 0.9238306 0.3828018 0 0.9238306 0.3828018 0 0.7935278 0.6085342 0 0.6087344 0.7933741 0 0.6087344 0.7933741 0 0.6083791 0.7936466 0 0.3827713 0.9238432 0 0 1 -1.64404e-7 0.130316 0.9914726 0 0.1303092 0.9914734 0 -0.1303092 0.9914734 0 -0.6086081 0.7934711 0 -0.6083418 0.7936752 0 -0.6086081 0.7934711 0 -0.6083543 0.7936656 0 -0.793535 0.6085247 0 -0.7935225 0.6085411 0 0.793535 0.6085247 0 0.7935225 0.6085411 0 0.6086081 0.7934711 0 0.6083418 0.7936752 0 0.6083669 0.793656 0 0.3822565 0.9240564 0 0.3822565 0.9240563 0 0.3822565 0.9240563 0 -1.48292e-5 0 -1 -7.36473e-6 0 -1 -7.32419e-6 0 -1 4.87877e-5 0 -1 -3.14694e-5 0 -1 1.78112e-5 0 -1 -1.68903e-6 0 -1 -2.18239e-5 0 -1 1.25187e-5 0 -1 -1.78112e-5 0 -1 3.55834e-5 0 -1 -2.18245e-5 0 -1 2.44249e-5 0 -1 1.48292e-5 0 -1 5.57507e-5 0 -1 -4.87877e-5 0 -1 -2.44249e-5 0 -1 2.18245e-5 0 -1 -3.55834e-5 0 -1 7.32419e-6 0 -1 7.36473e-6 0 -1 2.18239e-5 0 -1 -1.69626e-5 0 -1 0 -1 -2.63047e-5 0 -1 7.64852e-6 0 -1 2.63047e-5 -1.54859e-6 0 1 0 0 1 4.33556e-6 0 1 -3.83859e-6 0 1 9.19368e-7 0 1 -2.05852e-7 0 1 -4.33392e-7 0 1 -1.07822e-6 0 1 0 0 1 -9.27496e-7 0 1 3.23753e-6 0 1 -2.84344e-5 0 1 -4.51526e-7 0 1 8.30757e-7 0 1 -9.40034e-7 0 1 1.87778e-6 0 1 -6.21461e-7 0 1 -1.90143e-6 0 1 7.11978e-7 0 1 1.46886e-4 0 1 -8.48461e-5 0 1 1.05164e-4 0 1 -5.6972e-6 0 1 -1.70453e-5 0 1 -9.77852e-6 0 1 3.41423e-6 0 1 -1.05965e-5 0 1 -1.37643e-5 0 1 1.61495e-5 0 1 7.92511e-6 0 1 -2.17675e-6 0 1 -5.19924e-5 0 1 1.84348e-5 0 1 7.71749e-6 0 1 2.12423e-6 0 1 -6.33994e-5 0 1 -7.6317e-6 0 1 2.60649e-5 0 1 -9.65499e-5 0 1 4.44047e-6 0 1 -1.16918e-4 0 1 8.04829e-5 0 1 4.48079e-5 0 1 -5.1553e-5 0 1 -1.03977e-4 0 1 1.01074e-6 0 1 9.24308e-6 0 1 -2.77324e-7 0 1 4.88444e-5 0 1 -3.48135e-5 0 1 -1.77983e-6 0 1 -6.26511e-6 0 1 2.68785e-5 0 1 2.07802e-6 0 1 -2.78871e-5 0 1 1.10232e-5 0 1 2.21951e-5 0 1 -1.8241e-5 0 1 3.35337e-5 0 1 -5.13484e-5 0 1 0 0 1 0 0 1 1.70647e-5 0 1 -7.44807e-6 0 1 -6.62251e-6 0 1 2.15145e-5 0 1 -7.70246e-7 0 1 0.1306483 0.9914289 0 0.1306402 0.9914299 0 -0.1306483 0.9914289 0 -0.1306402 0.9914299 0 -0.3830231 0.9237389 0 -0.383009 0.9237446 0 -0.6087979 0.7933256 0 -0.6088106 0.7933157 0 -0.7934404 0.608648 0 -0.7934404 0.608648 0 -0.7934404 0.608648 0 -0.7931525 0.6090232 0 -0.9239017 0.3826299 0 -0.9239046 0.3826229 0 -0.9914467 0.1305122 0 -0.9914447 0.1305283 0 -0.991458 -0.1304265 0 -0.9914601 -0.1304104 0 -0.9237893 -0.3829014 0 -0.9237863 -0.3829084 0 -0.7934566 -0.6086268 0 -0.7934527 -0.608632 0 -0.6087899 -0.7933316 0 -0.6088184 -0.7933096 0 -0.3830231 -0.9237389 0 -0.130309 -0.9914735 0 -0.130309 -0.9914735 0 -0.130309 -0.9914735 0 -0.130309 -0.9914735 0 -0.130309 -0.9914735 0 -0.130309 -0.9914735 0 0.130309 -0.9914735 0 0.130309 -0.9914735 0 0.130309 -0.9914735 0 0.130309 -0.9914735 0 0.130309 -0.9914735 0 0.130309 -0.9914735 0 0.3830231 -0.9237389 0 0.6087979 -0.7933256 0 0.6088184 -0.7933096 0 0.7934527 -0.608632 0 0.7934487 -0.6086372 0 0.9237893 -0.3829014 0 0.9237921 -0.3828944 0 0.991458 -0.1304265 0 0.9914447 0.1305283 0 0.9239076 0.382616 0 0.9239046 0.3826229 0 0.7931446 0.6090335 0 0.7934404 0.608648 0 0.7934404 0.608648 0 0.7934404 0.608648 0 0.6087979 0.7933256 0 0.6088184 0.7933096 0 0.3830231 0.9237389 0 0.383009 0.9237446 0 -0.6088184 0.7933096 0 -0.7934404 0.608648 0 -0.7934404 0.608648 0 -0.7931446 0.6090335 0 -0.9239076 0.382616 0 -0.9237921 -0.3828944 0 -0.7934487 -0.6086372 0 -0.6087979 -0.7933256 0 0.6088106 -0.7933157 0 0.7934566 -0.6086268 0 0.9237863 -0.3829084 0 0.9914601 -0.1304104 0 0.9914467 0.1305122 0 0.9239017 0.3826299 0 0.7931525 0.6090232 0 0.7934404 0.608648 0 0.7934404 0.608648 0 0.6087899 0.7933316 0 -0.9915127 -0.1300097 0 -0.9915127 0.1300097 0 -0.9237468 0.3830037 0 -0.9239636 0.3824807 0 -0.923927 0.3825693 0 -0.923927 0.3825693 0 -0.7932834 0.6088526 0 -0.7932834 0.6088526 0 -0.7932834 0.6088526 0 -0.7932834 0.6088526 0 -0.7932834 0.6088526 0 -0.7932834 0.6088526 0 -0.6088541 0.7932823 0 -0.6088541 0.7932823 0 -0.6088541 0.7932823 0 -0.6087476 0.7933641 0 -0.6087476 0.7933641 4.81418e-7 -0.6087475 0.7933641 0 -0.3826174 0.9239069 0 -0.3826617 0.9238886 0 -0.3826174 0.9239069 -1.19409e-7 -0.3826617 0.9238886 0 -0.3826174 0.9239069 0 -0.3826174 0.9239069 0 -0.1306326 0.9914309 0 -0.1306326 0.9914309 -1.48197e-7 -0.1306326 0.9914309 0 -0.130645 0.9914292 0 -0.130645 0.9914293 0 -0.130645 0.9914293 0 0.1306203 0.9914326 0 0.1306203 0.9914326 0 0.1306203 0.9914326 -5.8219e-7 0.1306326 0.9914309 1.39349e-7 0.1306326 0.9914309 0 0.1306326 0.9914309 0 0.3826173 0.9239069 0 0.3826173 0.9239069 0 0.3826174 0.9239069 0 0.382562 0.9239298 0 0.3825621 0.9239298 0 0.382562 0.9239298 0 0.608816 0.7933115 0 0.608816 0.7933115 0 0.608816 0.7933115 0 0.6087476 0.7933641 0 0.6087856 0.7933349 0 0.6087476 0.7933641 0 0.7932377 0.6089121 0 0.7932377 0.6089121 0 0.7933545 0.6087599 0 0.7932834 0.6088526 0 0.7932834 0.6088526 0 0.7932834 0.6088526 0 0.9237468 0.3830037 0 0.9237768 0.3829315 0 0.9915189 0.1299632 0 0.9915067 0.1300561 0 0.9915067 -0.1300561 0 0.9915189 -0.1299632 0 0.9237802 -0.3829231 0 0.9239088 -0.3826131 0 0.9239088 -0.3826131 0 0.9239636 -0.3824807 0 0.9239636 -0.3824806 0 0.923927 -0.3825693 0 0.793275 -0.6088637 0 0.7932749 -0.6088637 0 0.7933041 -0.6088257 0 0.7935211 -0.6085429 0 0.7935211 -0.6085428 0 0.7935211 -0.6085428 0 0.6087068 -0.7933952 0 0.6087068 -0.7933952 0 0.6087068 -0.7933952 0 0.6085852 -0.7934886 0 0.6086614 -0.7934302 0 0.6085852 -0.7934886 0 0.3829482 -0.9237699 0 0.3829148 -0.9237837 0 0.1303656 -0.991466 0 0.1303656 -0.991466 0 0.1303656 -0.991466 0 0.1303534 -0.9914676 0 0.1303534 -0.9914676 0 0.1303534 -0.9914676 0 -0.1306154 -0.9914332 0 -0.1306154 -0.9914332 0 -0.1306154 -0.9914332 0 -0.1303656 -0.991466 0 -0.1303656 -0.991466 0 -0.1303656 -0.991466 0 -0.3829148 -0.9237837 0 -0.6087068 -0.7933952 0 -0.6087068 -0.7933952 0 -0.6087068 -0.7933952 0 -0.6087374 -0.7933719 0 -0.6086613 -0.7934302 0 -0.6086614 -0.7934302 0 -0.7933334 -0.6087877 0 -0.7932749 -0.6088637 0 -0.7933334 -0.6087877 0 -0.7933334 -0.6087877 0 -0.7932749 -0.6088637 0 -0.7933334 -0.6087877 0 -0.9237468 -0.3830037 0 -0.9239636 -0.3824806 0 -0.923927 -0.3825693 2.47143e-7 -0.923927 -0.3825693 0 9.93506e-7 0 1 -6.44513e-7 0 1 1.94354e-5 0 1 3.90006e-6 0 1 -1.92433e-5 0 1 1.51951e-5 0 1 -3.50766e-5 0 1 1.92433e-5 0 1 1.83489e-5 0 1 2.47257e-6 0 1 -1.94354e-5 0 1 1.83481e-5 0 1 5.02085e-7 0 1 -5.02085e-7 0 1 -1.83481e-5 0 1 3.50766e-5 0 1 -1.51951e-5 0 1 -1.83489e-5 0 1 6.69429e-6 0 1 -9.93506e-7 0 1 0 -1 -1.63168e-7 1.49387e-7 0 -1 3.84695e-5 0 -1 -3.74956e-5 0 -1 1.60184e-5 0 -1 -1.41895e-5 0 -1 0 0 -1 -2.10353e-5 0 -1 1.17763e-5 0 -1 -6.6392e-6 0 -1 -2.64895e-7 0 -1 -1.17702e-5 0 -1 5.82089e-6 0 -1 -4.58807e-6 0 -1 4.70992e-5 0 -1 -4.99171e-5 0 -1 6.33834e-5 0 -1 -3.73679e-5 0 -1 1.05696e-6 0 -1 7.73973e-6 0 -1 -5.16757e-5 0 -1 1.06542e-4 0 -1 -2.53389e-5 0 -1 1.21607e-5 0 -1 0 1 -6.84251e-6 -0.8933725 0 0.4493169 -0.8933727 0 0.4493166 0.8933725 0 0.4493169 0.8933727 0 0.4493166 0.8932009 0.01992583 0.4492162 0.8932086 0.02025991 0.4491859 0.8963579 0.07002305 0.4377661 0.8884028 0.0889281 0.450369 0.8884029 0.08892822 0.4503691 0.8884028 0.08892816 0.450369 0.8742839 0.1522476 0.4609211 0.8699553 0.2085993 0.4468382 0.8699794 0.2084587 0.4468566 0.8699553 0.2085993 0.4468382 0.8635443 0.2168859 0.4552493 0.863478 0.2167537 0.4554378 0.8636368 0.2170711 0.4549852 0.8285475 0.2890384 0.4795475 0.8196338 0.3365728 0.4635937 0.8196608 0.3366177 0.4635135 0.780198 0.3836184 0.4940931 0.780198 0.3836183 0.4940931 0.780198 0.3836184 0.4940931 0.7526209 0.4479404 0.4826087 0.7526944 0.4479501 0.4824854 0.7526454 0.4479435 0.4825676 0.7222137 0.469098 0.5082858 0.7222137 0.469098 0.5082858 0.7222137 0.469098 0.5082858 0.6382825 0.5794552 0.5067812 0.6456901 0.5822801 0.4939983 0.6456899 0.5822802 0.4939984 0.6456905 0.5823419 0.493925 0.5694091 0.6082696 0.5529751 0.5694091 0.6082695 0.5529752 0.5693305 0.6083146 0.5530065 0.5218667 0.6437567 0.5596718 0.5219191 0.6436471 0.5597488 0.4737504 0.6555734 0.5880341 0.4737504 0.6555736 0.5880339 0.4737504 0.6555736 0.588034 0.3665925 0.6972252 0.6160252 0.887262 0.04843097 0.4587163 0.8872621 0.04843103 0.4587164 0.887262 0.04843097 0.4587163 0.871643 0.1861826 0.4534035 0.871643 0.1861826 0.4534036 0.871643 0.1861826 0.4534036 0.8582963 0.1992238 0.4729034 0.8582962 0.1992238 0.4729033 0.824997 0.3130059 0.4705393 0.8249971 0.3130059 0.4705393 0.8249971 0.3130059 0.4705393 0.8106573 0.3214841 0.4893699 0.8106573 0.321484 0.4893699 0.8106436 0.3214167 0.4894368 0.7591643 0.4241859 0.4936962 0.7591643 0.4241859 0.4936962 0.7591643 0.4241859 0.4936962 0.7474956 0.4273521 0.5085476 0.6904181 0.5027351 0.5201734 0.6391242 0.5206158 0.5661091 0.6252081 0.546259 0.5574191 0.6252082 0.5462591 0.557419 0.6252349 0.5462201 0.5574272 0.56898 0.6004058 0.5619384 0.5689798 0.6004061 0.5619383 0.56898 0.6004059 0.5619382 0.4982411 0.6358516 0.5894476 0.5963254 0 0.8027429 0.596328 0 0.802741 0.5963284 1.94343e-5 0.8027406 0.5962924 -3.20921e-5 0.8027673 0.5962924 -3.23172e-5 0.8027674 0.5962924 -3.22993e-5 0.8027675 0.5964177 1.49465e-4 0.8026743 0.596369 7.4863e-5 0.8027104 0.5963692 7.47099e-5 0.8027102 0.5963271 -1.94442e-5 0.8027416 0.5962494 1.31799e-4 0.8027992 0.5962495 1.3186e-4 0.8027992 0.5962495 1.31801e-4 0.8027993 0.5963255 3.76138e-6 0.8027427 0.5963066 4.56171e-5 0.8027569 0.5963442 -3.81389e-5 0.802729 0.5963283 -1.0555e-5 0.8027407 0.5963785 -1.40036e-4 0.8027035 0.5963283 -1.05661e-5 0.8027408 0.5963028 -1.57236e-5 0.8027596 0.5963028 -1.5567e-5 0.8027596 0.5963028 -1.56619e-5 0.8027596 0.5963419 -4.62052e-5 0.8027306 0.5963417 -4.63159e-5 0.8027307 0.5963418 -4.62745e-5 0.8027306 0.5962773 9.14196e-5 0.8027786 0.5962774 9.13246e-5 0.8027786 0.5962774 9.14541e-5 0.8027785 0.5963243 1.69016e-5 0.8027438 0.5963249 1.71275e-5 0.8027432 0.596325 1.72108e-5 0.8027432 0.5963537 -1.45995e-4 0.8027219 0.5963534 -1.46091e-4 0.8027221 0.5963474 -9.86792e-5 0.8027265 0.596345 -5.14206e-5 0.8027283 0.5963456 -5.1308e-5 0.8027279 0.5963448 -5.14337e-5 0.8027284 0.5963654 4.42288e-4 0.802713 0.5962697 2.44177e-4 0.8027842 0.5962697 2.44346e-4 0.8027843 0.5962697 2.44291e-4 0.8027843 0.596338 3.666e-5 0.8027335 0.5963551 7.95883e-5 0.8027208 0.5963379 3.67124e-5 0.8027336 0.5963054 -5.0899e-5 0.8027577 0.5963054 -5.09348e-5 0.8027577 0.5963054 -5.09038e-5 0.8027577 0.5963208 -3.28948e-5 0.8027464 0.5963212 -3.36962e-5 0.8027461 0.5963108 -7.96197e-5 0.8027536 0.5963506 1.16056e-4 0.8027242 0.5963559 1.63619e-4 0.8027203 0.596356 1.63518e-4 0.8027201 0.5963415 -2.66051e-5 0.8027309 0.5963416 -2.71937e-5 0.8027309 0.5963434 2.0063e-5 0.8027296 0.4708148 -0.6609862 0.5843207 0.4708972 -0.660939 0.5843077 0.4092681 -0.6993799 0.5859757 0.3792289 -0.6590102 0.6495314 0.3792292 -0.6590101 0.6495314 0.3792521 -0.6590321 0.6494956 0.5191276 -0.6434197 0.5625991 0.5191275 -0.6434197 0.5625991 0.5191569 -0.6433144 0.5626925 0.5558967 -0.5998195 0.5754958 0.5558505 -0.5998959 0.5754609 0.5558966 -0.5998195 0.5754958 0.5496671 -0.6340115 0.5439629 0.5496022 -0.6340073 0.5440334 0.5496023 -0.6340072 0.5440334 0.5668036 -0.6157101 0.5473891 0.5668245 -0.6156724 0.54741 0.5668244 -0.6156724 0.54741 0.6512783 -0.5511883 0.5215631 0.6513339 -0.5511961 0.5214854 0.6512783 -0.5511883 0.521563 0.6621905 -0.5491185 0.5098751 0.7222059 -0.4695751 0.507856 0.7222059 -0.4695751 0.5078561 0.7222977 -0.469469 0.5078238 0.7537722 -0.4485471 0.4802428 0.7537723 -0.4485471 0.4802428 0.753753 -0.4486289 0.4801966 0.7803044 -0.383811 0.4937757 0.8389952 -0.3062369 0.4497843 0.8388797 -0.3100789 0.4473613 0.8589612 -0.2114962 0.4663209 0.8777418 -0.1547071 0.4534701 0.9077614 -0.09718352 0.4080743 0.9077311 -0.09726011 0.4081236 0.907731 -0.09726005 0.4081235 0.872215 -0.1395274 0.4687997 0.872215 -0.1395274 0.4687998 0.872215 -0.1395274 0.4687997 0.8953639 -0.04978519 0.4425439 0.6624835 -0.5416486 0.5174287 0.6625009 -0.5416665 0.5173878 0.6474748 -0.5363236 0.5414181 0.7500548 -0.435912 0.4973918 0.7510368 -0.4357456 0.4960541 0.7510367 -0.4357457 0.496054 0.7510368 -0.4357455 0.4960541 0.8267447 -0.2892885 0.4824991 0.8267447 -0.2892885 0.4824991 0.8267446 -0.2892886 0.4824991 0.8082102 -0.2936167 0.5104759 0.8081542 -0.2936431 0.5105493 0.8080984 -0.293669 0.5106226 0.8752532 -0.1886844 0.4453427 0.8753052 -0.1887357 0.4452188 0.8752531 -0.1886844 0.4453427 0.8932157 -0.02052581 0.4491599 0.8932157 -0.02052581 0.4491599 0.8932123 -0.02043062 0.4491707 -0.09795969 0 -0.9951904 -0.09793031 0 -0.9951933 -0.2667651 0 -0.9637617 -0.2667654 0 -0.9637616 -0.4049594 0 -0.9143348 -0.4050909 3.98951e-6 -0.9142765 -0.4050909 0 -0.9142765 -0.4054142 0 -0.9141333 -0.5349329 0 -0.8448945 -0.5349297 0 -0.8448966 -0.6531711 0 -0.7572104 -0.653182 0 -0.757201 -0.7571814 0 -0.6532047 -0.7571961 0 -0.6531877 -0.844847 0 -0.5350081 -0.8448439 0 -0.5350131 -0.9142107 0 -0.4052392 -0.9142041 0 -0.4052542 -0.9637706 0 -0.2667328 -0.9637682 0 -0.2667412 -0.9951851 0 -0.09801286 -0.9951851 0 -0.09801381 0.09795987 0 -0.9951904 0.09793013 0 -0.9951934 0.2667699 0 -0.9637603 0.2667651 0 -0.9637616 0.4054144 0 -0.9141331 0.4050807 0 -0.914281 0.4049493 0 -0.9143392 0.4049493 0 -0.9143392 0.5349103 0 -0.8449088 0.5349357 0 -0.8448929 0.6531711 0 -0.7572104 0.653182 0 -0.757201 0.7571814 0 -0.6532047 0.7571961 0 -0.6531877 0.8448474 0 -0.5350075 0.8448435 0 -0.5350137 0.9142107 0 -0.4052392 0.9142041 0 -0.4052542 0.9637699 0 -0.2667354 0.9637681 0 -0.2667416 0.9951851 0 -0.09801286 0.995185 0 -0.09801411 0.009130358 0.9977205 -0.06686097 0.0130583 0.9960383 -0.08796185 0.02605378 0.9665561 -0.2551286 0.02605372 0.9665561 -0.2551286 0.02604353 0.9665807 -0.2550365 0.03576993 0.9499052 -0.3104847 0.03577893 0.9498752 -0.3105754 0.03577882 0.9498752 -0.3105754 0.04352498 0.8955134 -0.4429013 0.05624186 0.8541064 -0.5170485 0.05622535 0.8541812 -0.5169267 0.05624192 0.8541064 -0.5170485 0.06018352 0.7839563 -0.6178921 0.06018358 0.7839562 -0.617892 0.06017267 0.7840157 -0.6178177 0.07363677 0.7142055 -0.696052 0.07363671 0.7142055 -0.696052 0.07368302 0.7138699 -0.6963912 0.07444554 0.6373049 -0.7670074 0.07444554 0.6373049 -0.7670074 0.07444167 0.6372315 -0.7670689 0.08714318 0.5377954 -0.8385598 0.0871433 0.5377953 -0.8385597 0.08714324 0.5377953 -0.8385598 0.08565479 0.4647898 -0.8812683 0.09616202 0.3343418 -0.9375331 0.09319573 0.2792065 -0.9556978 0.09319567 0.2792065 -0.9556978 0.09319835 0.2791144 -0.9557245 0.09965735 0.1131603 -0.9885663 0.09965741 0.1131603 -0.9885663 0.09965735 0.1131603 -0.9885663 0.09779608 0.09258615 -0.9908904 0.2663028 0.09192717 -0.9594959 0.2878565 -0.1016154 -0.9522673 0.2878565 -0.1016154 -0.9522674 0.2878516 -0.1017107 -0.9522587 0.2808906 0.2784212 -0.9184674 0.2808907 0.2784212 -0.9184673 0.2808907 0.2784212 -0.9184673 0.2806841 0.2794741 -0.9182106 0.2806842 0.2794741 -0.9182106 0.2605739 0.4639574 -0.846667 0.2603471 0.4650149 -0.8461563 0.260335 0.4650571 -0.8461369 0.2603349 0.4650571 -0.846137 0.2285205 0.6366803 -0.7364894 0.2285206 0.6366803 -0.7364894 0.2285204 0.6366803 -0.7364894 0.2282829 0.6373372 -0.7359948 0.2282962 0.6373004 -0.7360225 0.2282829 0.6373372 -0.7359948 0.1861287 0.7834571 -0.5929176 0.1861287 0.7834571 -0.5929176 0.1861125 0.7834866 -0.5928835 0.1859357 0.7838281 -0.5924875 0.1859208 0.7838578 -0.592453 0.1859205 0.7838578 -0.5924531 0.1357733 0.8951541 -0.4245762 0.135835 0.8952282 -0.4244003 0.1358482 0.8952068 -0.4244411 0.1358351 0.8952282 -0.4244002 0.08180421 0.966234 -0.2443358 0.08180409 0.966234 -0.2443358 0.08176851 0.9662709 -0.2442016 0.08197665 0.9662247 -0.2443148 0.02241474 0.9986357 -0.04716336 0.04377144 0.9963962 -0.07265549 0.04377144 0.9963962 -0.07265555 0.0437467 0.9964002 -0.07261466 0.03367137 0.9987446 -0.0370897 0.05769354 0.9962135 -0.06503969 0.0576936 0.9962136 -0.06503969 0.05766344 0.9962177 -0.06500262 0.04847776 0.9982825 -0.03289371 0.04847764 0.9982826 -0.03289383 0.04847759 0.9982826 -0.03289389 0.06036335 0.9972152 -0.04379928 0.06036335 0.9972151 -0.04379928 0.06036329 0.9972152 -0.04379934 0.07011085 0.9969471 -0.03436666 0.07011091 0.9969471 -0.03436666 0.07011085 0.9969471 -0.03436672 0.05891513 0.9980164 -0.02219301 0.05891507 0.9980164 -0.02219307 0.05891507 0.9980163 -0.02219307 0.09093332 0.995358 -0.03152287 0.09093332 0.995358 -0.03152292 0.09093356 0.995358 -0.03152275 0.06324082 0.9979689 -0.007659494 0.09805607 0.9950284 -0.01742106 0.09805613 0.9950284 -0.01742088 0.09805607 0.9950284 -0.01742106 0.07245421 0.9973632 0.004144906 0.07245415 0.9973632 0.004144906 0.07245421 0.9973632 0.004144966 0.08849084 0.9960758 0.001587033 0.0884909 0.9960758 0.001587092 0.08849084 0.9960758 0.001587092 0.09156596 0.9956529 0.01705986 0.0915659 0.9956529 0.01705962 0.09156596 0.9956529 0.0170598 0.1302212 0.991437 0.009751498 0.2780545 0.9605653 -9.36305e-6 0.2777323 0.9606586 -6.72168e-7 0.3827555 0.9236831 -0.01754182 0.4612122 0.8870607 -0.02016502 0.4612122 0.8870607 -0.02016508 0.4612122 0.8870607 -0.02016502 0.6076717 0.7930807 -0.04192966 0.6076718 0.7930808 -0.0419296 0.6076337 0.7931098 -0.04193049 0.6312765 0.7744338 -0.04173988 0.6312766 0.7744339 -0.04173982 0.6312765 0.7744339 -0.04173982 0.7754617 0.6285372 -0.06000113 0.7456867 0.6324266 -0.2097331 0.7479063 0.6296599 -0.2101541 0.7481207 0.629402 -0.2101633 0.6889463 0.6337229 -0.3517788 0.6889205 0.63376 -0.3517625 0.6889462 0.633723 -0.3517789 0.6905363 0.6315627 -0.3525453 0.6051049 0.6350846 -0.4801204 0.6051049 0.6350846 -0.4801204 0.6051841 0.6349739 -0.4801671 0.6064215 0.6332179 -0.4809242 0.6064214 0.6332179 -0.4809245 0.6063981 0.633255 -0.4809049 0.4975671 0.6360861 -0.5897639 0.497529 0.6361601 -0.5897163 0.497586 0.6360492 -0.5897877 0.4987512 0.6343836 -0.5905969 0.3702982 0.6368251 -0.6762641 0.3702976 0.63693 -0.6761656 0.3702982 0.6368251 -0.6762641 0.3708503 0.6357213 -0.6769996 0.3708375 0.6357582 -0.676972 0.3708505 0.6357213 -0.6769996 0.3977738 0.2188106 -0.8910096 0.3977737 0.2188106 -0.8910096 0.3977738 0.2188105 -0.8910096 0.4628019 -0.1650249 -0.8709657 0.4628019 -0.1650249 -0.8709657 0.4628019 -0.1650249 -0.8709657 0.4559487 0.277854 -0.8455223 0.4559487 0.277854 -0.8455223 0.4559488 0.277854 -0.8455224 0.4554989 0.2799413 -0.8450761 0.4554989 0.2799413 -0.8450761 0.4554989 0.2799413 -0.8450762 0.4228464 0.4634138 -0.7787481 0.4228377 0.4634563 -0.7787275 0.4228123 0.4635416 -0.7786907 0.4223306 0.4649341 -0.7781216 0.4223306 0.4649341 -0.7781216 0.4223415 0.4648917 -0.778141 0.5247491 0.2196222 -0.8224382 0.5247489 0.2196221 -0.8224383 0.5247489 0.2196222 -0.8224382 0.6294045 -0.1028904 -0.7702361 0.6293384 -0.1033651 -0.7702266 0.6293386 -0.1033652 -0.7702264 0.613252 0.2768778 -0.7397707 0.613252 0.2768778 -0.7397707 0.613252 0.2768778 -0.7397707 0.612573 0.2796293 -0.7392981 0.612573 0.2796294 -0.7392982 0.6125732 0.2796294 -0.7392981 0.5685204 0.4623829 -0.6804312 0.5685204 0.462383 -0.6804311 0.568495 0.4624679 -0.6803947 0.567865 0.4642196 -0.6797275 0.651643 0.09340918 -0.7527525 0.6516339 0.09326791 -0.7527779 0.651643 0.09340918 -0.7527525 0.7554077 0.09051865 -0.6489729 0.7553504 0.09099459 -0.6489731 0.7554078 0.09051865 -0.6489728 0.7672751 -0.1025525 -0.6330655 0.8272933 0.2183941 -0.5175808 0.8272534 0.2185321 -0.5175862 0.8272934 0.2183941 -0.5175808 0.8672745 -0.1675097 -0.4688021 0.8942199 0.2196677 -0.3900217 0.9506007 -0.1058945 -0.2917957 0.9602395 0.09338605 -0.2630954 0.9915141 0.0886504 -0.0950849 0.9863716 0.1325652 -0.09745514 0.9582021 0.2732199 -0.08485192 0.9211638 0.2780305 -0.2723165 0.8537709 0.4584879 -0.2467067 0.786671 0.462736 -0.4086862 0.9197283 0.3832904 -0.08478367 0.9197284 0.3832905 -0.08478373 0.9197653 0.383202 -0.08478236 0.8864404 0.4569919 -0.07336235 0.8864842 0.4569066 -0.07336437 0.8864842 0.4569065 -0.07336443 0.8522124 0.46145 -0.2465722 0.8522124 0.46145 -0.2465721 0.8522126 0.46145 -0.2465721 0.7906557 0.6088384 -0.0646494 0.0250107 0.9976549 -0.06371349 0.1324307 0.9658973 -0.2224967 0.1324675 0.9658726 -0.2225818 0.1324307 0.9658972 -0.2224968 0.1326375 0.9658069 -0.2227655 0.1326375 0.9658069 -0.2227655 0.1326376 0.9658069 -0.2227655 0.2203137 0.8945876 -0.388812 0.2202597 0.8946301 -0.388745 0.2202596 0.8946301 -0.3887451 0.2207122 0.8942294 -0.38941 0.2207124 0.8942294 -0.3894099 0.2207124 0.8942293 -0.3894098 0.3014415 0.7833445 -0.5436034 0.3014415 0.7833445 -0.5436034 0.3014416 0.7833445 -0.5436034 0.3020063 0.7825866 -0.544381 0.3020064 0.7825865 -0.544381 0.3019852 0.7826162 -0.5443499 0.1779299 0.9652204 -0.1915475 0.1779298 0.9652205 -0.1915477 0.1779232 0.9652203 -0.1915541 0.1783 0.9650772 -0.1919248 0.1783 0.9650772 -0.1919248 0.1783 0.9650772 -0.1919248 0.2958556 0.8937236 -0.3372354 0.2958555 0.8937236 -0.3372353 0.2958556 0.8937236 -0.3372353 0.2965784 0.8932334 -0.3378985 0.2965212 0.8932765 -0.3378348 0.2965497 0.8932549 -0.3378667 0.4050313 0.7822996 -0.4732412 0.4061021 0.7811669 -0.4741935 0.216226 0.9644033 -0.1522262 0.2162258 0.9644033 -0.1522263 0.2162259 0.9644032 -0.1522263 0.216796 0.9642127 -0.1526218 0.216796 0.9642128 -0.1526218 0.216796 0.9642127 -0.1526218 0.3597426 0.8925487 -0.2719225 0.3597427 0.8925489 -0.2719225 0.3597427 0.8925487 -0.2719225 0.3609381 0.891844 -0.27265 0.492646 0.7810311 -0.3837845 0.4938221 0.7799267 -0.3845181 0.2664413 0.9622427 -0.0556609 0.2664413 0.9622427 -0.0556609 0.2664413 0.9622427 -0.05566084 0.2461422 0.9633804 -0.1063598 0.2461422 0.9633804 -0.1063598 0.2462218 0.9633548 -0.1064067 0.2468626 0.9631607 -0.1066789 0.2468225 0.9631735 -0.1066561 0.2468627 0.9631608 -0.1066789 0.4094024 0.8911503 -0.1955528 0.4094792 0.8911069 -0.1955904 0.409479 0.8911068 -0.1955905 0.4105239 0.8905311 -0.196022 0.4105239 0.8905311 -0.1960221 0.4103697 0.8906182 -0.1959485 0.5604419 0.7797202 -0.2791798 0.5604981 0.7796616 -0.2792307 0.5604419 0.7797203 -0.2791798 0.5620774 0.778234 -0.2800375 0.4430605 0.8895732 -0.1111613 0.4430196 0.8895951 -0.1111491 0.4431015 0.8895514 -0.1111736 0.2669997 0.9620832 -0.05574256 0.2669997 0.9620832 -0.0557425 0.4439404 0.8891292 -0.1112036 0.6068642 0.7777441 -0.1637995 0.606864 0.7777441 -0.1637994 0.606864 0.7777441 -0.1637995 0.608443 0.7764471 -0.1640951 0.6084431 0.7764471 -0.1640951 0.6083332 0.7765375 -0.1640743 0.6906915 0.4637566 -0.5548649 0.6906915 0.4637566 -0.554865 0.6904932 0.4641798 -0.5547578 0.6919932 0.4609179 -0.555608 0.7457572 0.2791485 -0.6049152 0.7457377 0.2792405 -0.6048968 0.7457377 0.2792405 -0.6048969 0.7466338 0.2757322 -0.6054006 0.7879304 0.4602469 -0.4090704 0.8497132 0.2792468 -0.4472237 0.9223144 0.2741367 -0.2723699 0.9223144 0.2741367 -0.2723698 0.9223144 0.2741367 -0.2723699 0.8509608 0.2751128 -0.4474136 0.8509734 0.2750667 -0.4474179 0.8509733 0.2750667 -0.447418 0 0.9961221 -0.08798176 0 0.9961463 -0.08770835 0 0.9961462 -0.08770835 0 0.9961462 -0.08770835 0 0.9504956 -0.3107382 0 0.9504956 -0.3107382 4.4585e-7 0.9504956 -0.3107382 0 0.9504956 -0.3107382 0 0.9504956 -0.3107382 0 0.9504956 -0.3107382 0 0.8555688 -0.5176892 0 0.8555688 -0.5176892 0 0.855544 -0.5177303 0 0.8555665 -0.5176931 0 0.8555169 -0.5177751 0 0.8555665 -0.5176931 0 0.7162956 -0.697797 0 0.7162956 -0.697797 0 0.7162956 -0.697797 0 0.7162956 -0.697797 0 0.7162956 -0.697797 0 0.7162956 -0.697797 0 0.5398832 -0.8417401 0 0.5398832 -0.8417401 0 0.5398832 -0.8417401 0 0.5399081 -0.841724 0 0.5399081 -0.8417241 0 0.5399081 -0.841724 0 0.3358961 -0.9418991 0 0.3358768 -0.941906 0 0.1142994 -0.9934464 0 0.1142854 -0.993448 0 0.1143202 -0.993444 0 0.1139869 -0.9934822 0 0.1143063 -0.9934455 0 0.113959 -0.9934855 0 0.113959 -0.9934855 0 0.113959 -0.9934855 0 0.113959 -0.9934855 0 0.113959 -0.9934855 0 0.113959 -0.9934855 0 0.9961329 -0.08785998 -0.0915659 0.9956529 0.01705968 -0.09156596 0.9956529 0.0170598 -0.09156596 0.9956529 0.0170598 -0.1302213 0.9914371 0.009748041 -0.2775918 0.9606992 3.03595e-6 -0.2775918 0.9606992 3.06702e-6 -0.2775918 0.9606992 3.08493e-6 -0.3827553 0.9236832 -0.01754182 -0.4611243 0.8871065 -0.02016168 -0.4611243 0.8871065 -0.02016192 -0.4611243 0.8871065 -0.0201618 -0.607702 0.7930576 -0.04192918 -0.6076639 0.7930867 -0.04192984 -0.6076639 0.7930867 -0.04193001 -0.6310169 0.7746458 -0.04173523 -0.6310169 0.7746458 -0.04173511 -0.6310168 0.7746458 -0.04173523 -0.7754595 0.62854 -0.06000095 -0.7459479 0.6321877 -0.2095242 -0.7460159 0.6320836 -0.2095965 -0.7460159 0.6320837 -0.2095965 -0.8536791 0.4584888 -0.2470223 -0.7868103 0.4627556 -0.4083956 -0.8507548 0.2752466 -0.4477228 -0.8507549 0.2752466 -0.4477228 -0.7459282 0.2793395 -0.6046162 -0.7459281 0.2793395 -0.6046162 -0.7459282 0.2793394 -0.6046161 -0.7672751 -0.1025525 -0.6330655 -0.7553504 0.09099459 -0.6489731 -0.7554076 0.09051865 -0.6489729 -0.7909354 0.6084649 -0.06474411 -0.7909354 0.6084648 -0.06474417 -0.8865702 0.4567389 -0.07336837 -0.8865702 0.4567389 -0.07336837 -0.8865702 0.4567389 -0.07336837 -0.8523618 0.461344 -0.2462542 -0.8525124 0.4610463 -0.2462905 -0.9220706 0.2746167 -0.2727114 -0.8500375 0.2789517 -0.4467909 -0.8500375 0.2789517 -0.446791 -0.8499846 0.2792685 -0.4466938 -0.8672745 -0.1675097 -0.4688021 -0.8272535 0.2185322 -0.5175862 -0.8272933 0.2183941 -0.5175807 -0.8272534 0.2185321 -0.5175862 -0.9198583 0.3829795 -0.08477884 -0.9198583 0.3829795 -0.0847789 -0.9198583 0.3829795 -0.08477884 -0.9582024 0.2732186 -0.0848515 -0.921267 0.2780315 -0.2719664 -0.9506007 -0.1058945 -0.2917957 -0.8942199 0.2196677 -0.3900217 -0.9863716 0.1325652 -0.09745514 -0.9915141 0.0886504 -0.0950849 -0.9602395 0.09338605 -0.2630954 -0.6516323 0.09317535 -0.7527906 -0.6516363 0.09326994 -0.7527756 -0.6516363 0.09326994 -0.7527756 -0.6293244 -0.1034601 -0.7702252 -0.6293244 -0.1034601 -0.7702253 -0.6293386 -0.1033653 -0.7702262 -0.6127862 0.279605 -0.7391307 -0.6127862 0.279605 -0.7391307 -0.6127862 0.279605 -0.7391307 -0.6130431 0.2769199 -0.739928 -0.6130205 0.2770118 -0.7399124 -0.5677971 0.4646548 -0.6794869 -0.5677413 0.4648246 -0.6794174 -0.5677971 0.4646548 -0.6794869 -0.5682964 0.4625539 -0.6805021 -0.5683051 0.4625118 -0.6805234 -0.5683053 0.4625118 -0.6805233 -0.4977486 0.6360057 -0.5896974 -0.4977228 0.6360786 -0.5896407 -0.4982174 0.6347629 -0.59064 -0.4982174 0.6347628 -0.59064 -0.4982174 0.6347629 -0.59064 -0.4051897 0.7823269 -0.4730603 -0.4059252 0.7811567 -0.4743617 -0.2961832 0.8935072 -0.3375211 -0.2964344 0.8932984 -0.337853 -0.2964581 0.8932771 -0.3378887 -0.2964581 0.8932771 -0.3378888 -0.1779648 0.9652203 -0.1915162 -0.1779647 0.9652203 -0.1915163 -0.1779646 0.9652203 -0.1915163 -0.1782653 0.9650779 -0.1919533 -0.1782654 0.9650779 -0.1919532 -0.1782653 0.9650779 -0.1919533 -0.04845052 0.9982852 -0.03285455 -0.04847776 0.9982825 -0.03289395 -0.04847776 0.9982826 -0.03289395 -0.05766373 0.9962177 -0.06500279 -0.05766373 0.9962177 -0.06500279 -0.05766367 0.9962176 -0.06500279 -0.03367137 0.9987446 -0.0370897 -0.04386949 0.9963799 -0.07281893 -0.04386955 0.9963799 -0.07281887 -0.04386949 0.9963799 -0.07281893 -0.02241426 0.9986373 -0.04713124 -0.0250107 0.9976549 -0.06371349 -0.009130358 0.9977205 -0.06686097 -0.0130583 0.9960383 -0.08796185 -0.02606767 0.9665225 -0.2552542 -0.02607285 0.9665102 -0.2553002 -0.02606767 0.9665225 -0.2552542 -0.03577899 0.9498752 -0.3105754 -0.03578329 0.9498602 -0.3106207 -0.03576987 0.9499052 -0.3104847 -0.04352885 0.8955006 -0.4429265 -0.05622553 0.8541809 -0.5169271 -0.05622553 0.8541809 -0.5169271 -0.06017857 0.7839859 -0.617855 -0.06017273 0.7840156 -0.6178178 -0.06017261 0.7840155 -0.6178179 -0.07361769 0.71434 -0.6959158 -0.0736258 0.714273 -0.6959837 -0.0736258 0.714273 -0.6959838 -0.07444792 0.6373498 -0.7669699 -0.07444208 0.6372395 -0.767062 -0.0744459 0.6373131 -0.7670007 -0.08718073 0.5379532 -0.8384546 -0.08718079 0.5379532 -0.8384546 -0.08727669 0.5383438 -0.8381937 -0.08548283 0.4651957 -0.8810709 -0.08553463 0.465075 -0.8811295 -0.08548271 0.4651955 -0.8810708 -0.09617882 0.3343413 -0.9375317 -0.09319204 0.2793085 -0.9556685 -0.09319198 0.2793084 -0.9556685 -0.09319204 0.2793084 -0.9556685 -0.09966355 0.1130652 -0.9885765 -0.09966355 0.1130651 -0.9885765 -0.09965729 0.1131603 -0.9885663 -0.09778404 0.09258317 -0.9908919 -0.2663028 0.09192717 -0.9594959 -0.2878614 -0.1015199 -0.952276 -0.2878614 -0.1015199 -0.9522761 -0.2878614 -0.1015199 -0.9522759 -0.3977738 0.2188105 -0.8910096 -0.3977738 0.2188105 -0.8910095 -0.3977738 0.2188105 -0.8910095 -0.4628016 -0.1650251 -0.8709657 -0.4628112 -0.1649306 -0.8709787 -0.4628112 -0.1649306 -0.8709787 -0.5247489 0.2196222 -0.8224382 -0.5247491 0.2196222 -0.8224382 -0.5247489 0.2196222 -0.8224383 -0.06036335 0.9972152 -0.04379928 -0.06036335 0.9972151 -0.04379928 -0.06036329 0.9972152 -0.04379934 -0.07011091 0.9969471 -0.03436666 -0.07011085 0.9969471 -0.03436666 -0.07011097 0.9969471 -0.0343666 -0.05891209 0.9980165 -0.02219045 -0.05891209 0.9980165 -0.02219045 -0.05891215 0.9980165 -0.02219039 -0.09086912 0.9953653 -0.0314759 -0.09086912 0.9953654 -0.03147572 -0.09086912 0.9953654 -0.03147596 -0.0632413 0.997969 -0.007651925 -0.09795874 0.9950385 -0.01739233 -0.09795874 0.9950385 -0.01739227 -0.09795874 0.9950385 -0.01739233 -0.07236146 0.9973698 0.004158198 -0.07236146 0.9973698 0.004158198 -0.07236152 0.9973698 0.004158258 -0.08877384 0.9960507 0.001539707 -0.08877384 0.9960507 0.001539766 -0.08877384 0.9960507 0.001539707 -0.26713 0.9620398 -0.05586785 -0.2670437 0.9620656 -0.05583524 -0.2670437 0.9620656 -0.05583524 -0.266464 0.9622406 -0.05558973 -0.2665494 0.9622149 -0.05562496 -0.2664639 0.9622405 -0.05558973 -0.4444147 0.8888449 -0.1115814 -0.4444147 0.8888449 -0.1115813 -0.4444147 0.8888449 -0.1115814 -0.4431628 0.8895363 -0.1110493 -0.4431628 0.8895363 -0.1110492 -0.4431629 0.8895363 -0.1110491 -0.6086286 0.7762514 -0.1643319 -0.6083709 0.7764623 -0.1642903 -0.6066995 0.7779251 -0.1635489 -0.6066995 0.7779251 -0.163549 -0.6066265 0.7779853 -0.1635336 -0.7479916 0.629435 -0.2105239 -0.7476995 0.6298074 -0.2104477 -0.7476995 0.6298074 -0.2104476 -0.216787 0.9642043 -0.1526875 -0.216787 0.9642043 -0.1526875 -0.216787 0.9642043 -0.1526874 -0.2468616 0.9631524 -0.1067563 -0.2468616 0.9631524 -0.1067563 -0.2468616 0.9631524 -0.1067562 -0.2461717 0.9633793 -0.1063017 -0.2461717 0.9633793 -0.1063016 -0.4105069 0.8905094 -0.1961565 -0.4105069 0.8905094 -0.1961565 -0.4105069 0.8905094 -0.1961565 -0.409048 0.8913754 -0.1952677 -0.5617664 0.7785257 -0.2798506 -0.5617216 0.7785812 -0.2797863 -0.5617663 0.7785258 -0.2798506 -0.5608987 0.7793213 -0.2793762 -0.6904546 0.6315863 -0.3526633 -0.6891758 0.6335604 -0.3516222 -0.6892206 0.6334875 -0.3516655 -0.6891757 0.6335603 -0.3516222 -0.7880898 0.4597641 -0.4093062 -0.7880386 0.4598448 -0.4093139 -0.7880898 0.4597641 -0.4093063 -0.0817359 0.966278 -0.2441849 -0.08173596 0.9662779 -0.2441849 -0.08173602 0.966278 -0.2441848 -0.1326084 0.965795 -0.2228344 -0.1326084 0.965795 -0.2228344 -0.1326084 0.965795 -0.2228344 -0.1324974 0.9658691 -0.2225793 -0.1324974 0.9658691 -0.2225793 -0.1324824 0.9658812 -0.2225354 -0.2205442 0.8943635 -0.389197 -0.2205443 0.8943635 -0.3891969 -0.2205443 0.8943635 -0.3891969 -0.2203544 0.894611 -0.3887354 -0.2203546 0.894611 -0.3887353 -0.2203546 0.894611 -0.3887353 -0.3018924 0.7826126 -0.5444068 -0.3018923 0.7826125 -0.5444068 -0.3015938 0.7833238 -0.5435487 -0.3015938 0.7833238 -0.5435487 -0.3015938 0.7833237 -0.5435487 -0.3706951 0.6358053 -0.6770059 -0.3706952 0.6358052 -0.6770058 -0.3706953 0.6358052 -0.6770057 -0.3705299 0.6365635 -0.6763834 -0.3704366 0.6368222 -0.676191 -0.4225771 0.4638109 -0.7786579 -0.4225772 0.4638109 -0.7786579 -0.4226248 0.4636411 -0.7787331 -0.4224864 0.4649379 -0.7780348 -0.4224864 0.4649379 -0.7780348 -0.4224864 0.4649379 -0.7780348 -0.4558061 0.2776852 -0.8456547 -0.4558263 0.2775934 -0.8456739 -0.4558061 0.2776852 -0.8456547 -0.455667 0.2800289 -0.8449565 -0.4557 0.279845 -0.8449997 -0.4557001 0.279845 -0.8449996 -0.360776 0.8918501 -0.2728444 -0.2163375 0.9643761 -0.1522402 -0.2163729 0.9643633 -0.1522698 -0.2163019 0.9643887 -0.1522105 -0.3599427 0.8924604 -0.2719483 -0.3599136 0.8924817 -0.2719168 -0.3599136 0.8924817 -0.2719168 -0.1359091 0.8951135 -0.4246181 -0.08173906 0.9663098 -0.2440576 -0.08173906 0.9663099 -0.2440576 -0.08173906 0.9663099 -0.2440576 -0.1359142 0.8951468 -0.4245464 -0.1359224 0.8951256 -0.4245886 -0.135914 0.8951468 -0.4245465 -0.4932146 0.7801542 -0.384836 -0.4932146 0.7801542 -0.384836 -0.4932147 0.7801543 -0.384836 -0.492407 0.7810999 -0.3839513 -0.4924069 0.7810999 -0.3839513 -0.4925092 0.7810845 -0.3838512 -0.1860823 0.7833056 -0.5931321 -0.1860718 0.7833647 -0.5930574 -0.1860824 0.7833056 -0.5931321 -0.1859685 0.7838946 -0.5923893 -0.1859684 0.7838946 -0.5923894 -0.1859685 0.7838946 -0.5923894 -0.6062464 0.633269 -0.4810776 -0.6062463 0.633269 -0.4810777 -0.6062673 0.6332321 -0.4810998 -0.6054431 0.6347554 -0.4801295 -0.6917458 0.46097 -0.5558728 -0.6909404 0.4635776 -0.5547046 -0.6909405 0.4635776 -0.5547045 -0.6909406 0.4635776 -0.5547044 -0.7464842 0.2757668 -0.6055692 -0.2284371 0.6371087 -0.7361447 -0.2284371 0.6371087 -0.7361447 -0.2283735 0.6373036 -0.7359958 -0.2283731 0.6373036 -0.7359958 -0.2283732 0.6373036 -0.7359958 -0.2603561 0.4639773 -0.846723 -0.2603452 0.465557 -0.8458588 -0.2603452 0.465557 -0.8458588 -0.2603258 0.4656842 -0.8457947 -0.2807587 0.2786668 -0.9184332 -0.2807614 0.2786208 -0.9184463 -0.2807641 0.2786207 -0.9184455 -0.2807966 0.2793725 -0.9182071 -0.2807966 0.2793726 -0.9182071 -0.2807966 0.2793726 -0.9182071 -0.1305333 0.9911041 0.02595454 -0.1302013 0.9911484 0.02593445 -0.1307876 0.9910702 0.02597451 -0.1307876 0.9910702 0.02597445 -0.3828681 0.923487 0.02416247 -0.3831449 0.9233719 0.02417695 -0.6088488 0.7930146 0.02076238 -0.6087961 0.7930549 0.02076929 -0.6087582 0.793084 0.02076727 -0.6087582 0.793084 0.02076727 -0.7930527 0.6089456 0.01589602 -0.793249 0.6086897 0.01590496 -0.9237325 0.3829076 0.01000577 -0.9238406 0.3826465 0.01001435 -0.9238406 0.3826465 0.01001441 -0.9238406 0.3826465 0.01001435 -0.9914647 0.130331 0.003423154 -0.9914414 0.1305075 0.003418922 0.13018 0.9911519 0.02590686 0.1299784 0.9911772 0.02595108 0.1299784 0.9911772 0.02595114 0.1299784 0.9911772 0.02595114 0.1098915 0.9936428 0.02445363 0.317638 0.9478756 0.02525651 0.3828313 0.9235721 0.02133053 0.3828313 0.9235721 0.02133059 0.3828313 0.923572 0.02133053 0.3831403 0.9233744 0.02415192 0.6088447 0.7930182 0.0207448 0.6089932 0.7929038 0.02075648 0.7930732 0.608918 0.0159316 0.7933968 0.6084956 0.01596313 0.9239194 0.3824556 0.01003265 0.9238262 0.3826814 0.01001846 0.9914537 0.1304145 0.003414154 0.98723 0.1592904 0.001868605 0.996612 0.08221918 0.002153515 0.4424006 0.8965224 0.02301305 0.4424005 0.8965224 0.02301311 0.4424005 0.8965224 0.02301299 0.5469591 0.8368535 0.02262908 0.5469592 0.8368535 0.02262932 0.546919 0.8368796 0.02263051 0.6089997 0.792954 0.01853239 0.6581869 0.7525771 0.02043998 0.658187 0.7525771 0.02043986 0.658187 0.7525771 0.02043998 0.7744021 0.6324588 0.01724076 0.7933907 0.6085417 0.01443481 0.8848012 0.4657662 0.01374232 0.8846896 0.4659777 0.01375913 0.8848012 0.4657662 0.01374232 0.9238323 0.3827363 0.006846547 0.9601233 0.2794508 0.008407592 0.9601233 0.2794508 0.008407533 0.9601634 0.2793129 0.008401632 0.3829252 0.9234641 0.02413588 0.417312 0.6995589 0.5800588 0.4172995 0.69956 0.5800665 0.3734803 0.6976993 0.6113331 0.3734803 0.6976993 0.6113331 0.2887644 0.7225152 0.6281616 0.2718903 0.7006207 0.6597018 0.2719594 0.7006499 0.6596422 0.2718904 0.7006207 0.6597018 0.1678735 0.6941185 0.7000129 0.1678735 0.6941185 0.7000129 0.1678735 0.6941185 0.7000129 0.05014371 0.7590076 0.6491481 0.1277906 0.6691525 0.732055 0.05562901 0.6967216 0.7151815 0.05553495 0.6967377 0.715173 0.05558192 0.6967296 0.7151774 0.4206992 0.5917155 0.6876663 0.4206995 0.5917155 0.6876662 0.4206995 0.5917154 0.6876663 0.2728081 0.6946185 0.6656433 0.2727705 0.6946455 0.6656304 0.2727707 0.6946456 0.6656303 0.1657601 0.6992926 0.6953514 0.1656908 0.6992549 0.6954059 0.1657603 0.6992925 0.6953513 -2.98692e-7 0.6976285 0.7164598 0 0.6976286 0.7164597 0 0.6976285 0.7164598 0 0.697979 0.7161183 0.0815463 0 0.9966696 0.081954 0 0.9966361 0.081954 -2.89462e-6 0.9966361 0.081954 0 0.9966362 0.2382296 0 0.9712089 0.2383303 0 0.9711843 0.3885019 0 0.921448 0.3881918 0 0.9215787 0.3881034 0 0.9216158 0.3881034 -4.324e-6 0.9216158 0.5283288 0 0.8490399 0.5283288 0 0.8490399 0.5283288 0 0.8490399 0.5280292 0 0.8492263 0.3718294 -0.6975934 0.6124594 0.3718294 -0.6975935 0.6124593 0.3718276 -0.6975969 0.6124565 0.3251988 -0.6700435 0.6672986 0.2710994 -0.7001085 0.6605704 0.1672484 -0.6936286 0.7006479 0.06304746 -0.5884433 0.8060767 0.06304734 -0.5884433 0.8060766 0.0630474 -0.5884434 0.8060765 0.1321367 -0.7227226 0.6783893 0.1321368 -0.7227226 0.6783893 0.1321368 -0.7227227 0.6783893 0.05588698 -0.696718 0.7151648 0.05593329 -0.6967074 0.7151715 0.05593323 -0.6967074 0.7151715 0.3370401 -0.7614275 0.5537439 0.3370402 -0.7614274 0.5537438 0.3370401 -0.7614275 0.5537438 0.2741624 -0.6949239 0.6647675 0.2741624 -0.6949239 0.6647675 0.2741624 -0.6949239 0.6647676 0.1667495 -0.6998879 0.6945154 0.4173026 -0.6995746 0.5800465 0.4173073 -0.6995519 0.5800705 0.9914321 -0.1305785 0.003418922 0.9914323 -0.1305769 0.003418982 0.9965795 -0.08260989 -0.002246797 0.9601661 -0.279304 0.008394777 0.9238327 -0.3827357 0.006837725 0.9238327 -0.3827357 0.006837785 0.9238877 -0.3826032 0.006829202 0.9238816 -0.3825476 0.01001673 0.9238816 -0.3825475 0.01001775 0.9238266 -0.3826803 0.01002174 0.92392 -0.3824551 0.009993493 0.7932749 -0.608656 0.01590555 0.7935494 -0.6082974 0.01593142 0.6085757 -0.7932239 0.02077311 0.6085757 -0.7932239 0.02077311 0.6085757 -0.7932239 0.02077311 0.6088438 -0.793017 0.02081888 0.3828313 -0.9235011 0.02420401 0.3828313 -0.9235011 0.02420413 0.3828313 -0.9235011 0.02420413 0.3818458 -0.9239106 0.02414947 0.1305399 -0.9911033 0.02595317 0.1305399 -0.9911033 0.02595323 0.1305399 -0.9911033 0.02595329 0.1467073 -0.988873 0.02464258 0.1108537 -0.9934958 0.0260294 0.1108537 -0.9934959 0.02602928 0.1108537 -0.9934958 0.0260294 0.8847308 -0.4658994 0.01375824 0.7932704 -0.6086973 0.01448738 0.7600282 -0.6496027 0.0193302 0.6088395 -0.7930464 0.01980012 0.6088395 -0.7930464 0.01980006 0.6087638 -0.7931042 0.01981037 0.5844423 -0.8111249 0.02244615 0.5844423 -0.8111249 0.02244609 0.5844423 -0.8111249 0.02244615 0.3831517 -0.9233998 0.022969 0.3588437 -0.9330579 0.02518206 0.3588437 -0.9330579 0.02518218 0.3588437 -0.9330579 0.02518206 3.3916e-5 0 -1 -4.80538e-5 0 -1 -6.79486e-5 0 -1 6.03019e-5 0 -1 -7.01333e-7 0 -1 1.59229e-6 0 -1 6.77909e-5 0 -1 -6.55394e-5 0 -1 -1.93536e-4 0 -1 7.6176e-5 0 -1 3.3917e-5 0 -1 1.52894e-4 0 -1 1.88122e-4 0 -1 1.88179e-4 0 -1 1.88155e-4 0 -1 2.15796e-4 0 -1 -0.9914743 -0.1302583 0.003412783 -0.9914647 -0.130331 0.003410041 -0.9238148 -0.3827086 0.0100122 -0.9237325 -0.3829076 0.01000577 -0.7932382 -0.6087037 0.01590824 -0.7934741 -0.6083955 0.01593428 -0.7935616 -0.6082814 0.01593279 -0.7935615 -0.6082814 0.01593381 -0.6087173 -0.7931155 0.02076607 -0.6087173 -0.7931155 0.02076607 -0.6087173 -0.7931155 0.02076613 -0.6088305 -0.7930287 0.02076274 -0.382609 -0.9235938 0.02418488 -0.382609 -0.9235938 0.02418488 -0.3825647 -0.9236123 0.02417856 -0.3826813 -0.9235638 0.02418416 -0.3826813 -0.9235638 0.02418398 -0.3826813 -0.9235638 0.02418422 -0.1302476 -0.9911423 0.0259338 -0.1306547 -0.9910881 0.02595847 -0.1306548 -0.9910882 0.02595853 -0.1306548 -0.9910882 0.02595835 -0.9914915 -0.08889472 -0.09509164 -0.9863062 -0.1329602 -0.09757924 -0.9863063 -0.1329602 -0.09757936 -0.9863062 -0.1329602 -0.09757953 -0.9581822 -0.2732861 -0.08486336 -0.9581559 -0.2733783 -0.084863 -0.9581559 -0.2733783 -0.084863 -0.9197008 -0.3833587 -0.0847736 -0.8863254 -0.457222 -0.0733174 -0.7906423 -0.6088556 -0.06465071 -0.7756606 -0.6282859 -0.06006354 -0.7756605 -0.6282859 -0.06006354 -0.7756605 -0.6282859 -0.06006354 -0.6311683 -0.7745221 -0.04173827 -0.6311683 -0.7745223 -0.04173833 -0.6311683 -0.7745223 -0.04173821 -0.6067933 -0.7778045 -0.1637746 -0.6068645 -0.7777441 -0.1637974 -0.6067183 -0.7778644 -0.1637679 -0.4441794 -0.8889949 -0.1113228 -0.4441794 -0.888995 -0.1113228 -0.4441794 -0.888995 -0.1113227 -0.4089891 -0.8913809 -0.1953666 -0.2467663 -0.9631913 -0.1066253 -0.2467663 -0.9631913 -0.1066254 -0.2467258 -0.9632042 -0.1066031 -0.2163713 -0.964353 -0.1523379 -0.2163353 -0.9643657 -0.1523088 -0.2163353 -0.9643656 -0.1523088 -0.05891007 -0.9980168 -0.02218419 -0.05891007 -0.9980168 -0.02218419 -0.05891007 -0.9980168 -0.02218419 -0.07011091 -0.9969471 -0.03436666 -0.07011085 -0.9969471 -0.03436672 -0.07011085 -0.9969471 -0.03436666 -0.6074055 -0.7932851 -0.04192197 -0.6074055 -0.7932851 -0.04192185 -0.6074055 -0.7932851 -0.04192197 -0.4614456 -0.8869395 -0.02015686 -0.4433993 -0.8894116 -0.1111038 -0.2671548 -0.9620376 -0.05578702 -0.2671548 -0.9620376 -0.05578696 -0.2671548 -0.9620376 -0.05578714 -0.2459791 -0.9634323 -0.1062667 -0.2460187 -0.9634195 -0.1062905 -0.2460583 -0.9634068 -0.1063145 -0.0632413 -0.9979689 -0.007667183 -0.09070295 -0.9953845 -0.03135013 -0.09077781 -0.9953758 -0.03140938 -0.09070295 -0.9953845 -0.03135013 -0.3824372 -0.9238151 -0.01753926 -0.382393 -0.9238334 -0.01753747 -0.382393 -0.9238334 -0.01753723 -0.2775233 -0.960719 -4.05606e-6 -0.2775233 -0.960719 -3.85226e-6 -0.2775233 -0.960719 -3.91918e-6 -0.2663358 -0.9622744 -0.05561709 -0.2663358 -0.9622744 -0.05561709 -0.2663359 -0.9622744 -0.05561691 -0.07236272 -0.9973698 0.00415945 -0.07236278 -0.9973698 0.004159569 -0.07236278 -0.9973698 0.004159569 -0.09795874 -0.9950385 -0.01739227 -0.09795874 -0.9950385 -0.01739227 -0.0979588 -0.9950386 -0.01739227 -0.1307213 -0.9913719 0.009685754 -0.1307213 -0.9913719 0.009685695 -0.1307213 -0.9913719 0.009685814 -0.09175527 -0.9956362 0.01701867 -0.09175527 -0.9956362 0.01701867 -0.09175527 -0.9956362 0.01701885 -0.08886843 -0.9960423 0.001526236 -0.08886843 -0.9960423 0.001526236 -0.08886843 -0.9960423 0.001526176 -0.06024897 -0.9972218 -0.04380536 -0.06024891 -0.9972218 -0.04380542 -0.06024897 -0.9972218 -0.04380542 -0.04848873 -0.998281 -0.03292173 -0.04848873 -0.9982811 -0.03292179 -0.04848879 -0.9982811 -0.03292173 -0.1779009 -0.9652307 -0.1915228 -0.1779009 -0.9652307 -0.1915228 -0.1779044 -0.9652308 -0.1915194 -0.178163 -0.9651284 -0.1917942 -0.1781294 -0.965141 -0.1917623 -0.178096 -0.9651535 -0.1917304 -0.2959519 -0.8936904 -0.3372389 -0.2959519 -0.8936904 -0.3372389 -0.2959518 -0.8936904 -0.3372389 -0.2965018 -0.8932982 -0.3377945 -0.2965018 -0.8932982 -0.3377945 -0.2965018 -0.8932982 -0.3377946 -0.4050492 -0.7823388 -0.4731609 -0.4050493 -0.7823387 -0.4731609 -0.4050492 -0.7823388 -0.4731608 -0.4062408 -0.7811202 -0.4741516 -0.4976592 -0.6359627 -0.5898193 -0.4976592 -0.6359626 -0.5898194 -0.4975643 -0.6360661 -0.589788 -0.498735 -0.6343631 -0.5906328 -0.5678882 -0.4642503 -0.6796872 -0.5685163 -0.4624024 -0.6804213 -0.5685298 -0.46236 -0.6804389 -0.6126995 -0.2791777 -0.7393641 -0.6132346 -0.2769641 -0.7397529 -0.6132202 -0.2770562 -0.7397304 -0.6132202 -0.2770562 -0.7397304 -0.6293652 0.1032239 -0.7702236 -0.6293396 0.1033655 -0.7702255 -0.6293395 0.1033654 -0.7702255 -0.5247845 -0.219443 -0.8224635 -0.5247845 -0.219443 -0.8224634 -0.5247639 -0.219536 -0.8224518 -0.4627784 0.1652244 -0.8709403 -0.4627726 0.1652716 -0.8709345 -0.4627786 0.1652244 -0.8709403 -0.3977732 -0.2188401 -0.8910025 -0.3977718 -0.2187936 -0.8910145 -0.3977733 -0.21884 -0.8910025 -0.2878451 0.1018791 -0.9522426 -0.2878407 0.1019744 -0.9522337 -0.2663355 -0.09193098 -0.9594865 -0.09776616 -0.09258645 -0.9908934 -0.09965491 -0.1131674 -0.9885656 -0.09965497 -0.1131674 -0.9885656 -0.09965497 -0.1131674 -0.9885656 -0.09318619 -0.2794044 -0.955641 -0.09318333 -0.2794044 -0.9556412 -0.09318631 -0.2794044 -0.9556409 -0.09605741 -0.3339359 -0.9376885 -0.09605747 -0.3339359 -0.9376887 -0.09605747 -0.3339359 -0.9376887 -0.08550602 -0.4650999 -0.8811192 -0.08558118 -0.4649885 -0.8811706 -0.08550602 -0.4650999 -0.8811192 -0.08723402 -0.538007 -0.8384144 -0.08715814 -0.5378625 -0.838515 -0.08715814 -0.5378625 -0.838515 -0.07444542 -0.63738 -0.7669451 -0.0744453 -0.63738 -0.7669451 -0.07444548 -0.63738 -0.7669451 -0.07360869 -0.7144067 -0.6958484 -0.07360869 -0.7144067 -0.6958484 -0.06018877 -0.7839308 -0.6179239 -0.06018877 -0.7839308 -0.6179239 -0.06017804 -0.7839903 -0.6178495 -0.05622208 -0.8542099 -0.5168797 -0.05622208 -0.8542099 -0.5168797 -0.05622214 -0.8542099 -0.5168797 -0.04370492 -0.8952544 -0.4434067 -0.0436756 -0.895296 -0.4433255 -0.04370498 -0.8952544 -0.4434067 -0.03578466 -0.9498562 -0.3106331 -0.03578484 -0.9498562 -0.3106331 -0.03578478 -0.9498562 -0.3106331 -0.02607464 -0.9665198 -0.255264 -0.02609544 -0.9664953 -0.2553543 -0.02607452 -0.9665197 -0.2552641 -0.01329624 -0.9960351 -0.08796155 -0.009114146 -0.9977493 -0.06643295 -0.009114027 -0.9977493 -0.06643295 -0.009113967 -0.9977493 -0.06643295 -0.02476346 -0.9976767 -0.0634672 -0.02478051 -0.9976796 -0.06341481 -0.02478092 -0.9976797 -0.06341469 -0.02227789 -0.9986351 -0.04724073 -0.02227771 -0.9986351 -0.04724079 -0.02227789 -0.9986351 -0.04724073 -0.0438432 -0.9963845 -0.07277286 -0.04384326 -0.9963845 -0.0727728 -0.04384326 -0.9963845 -0.07277286 -0.0338512 -0.9987328 -0.03724384 -0.0338512 -0.9987328 -0.03724384 -0.03385126 -0.9987328 -0.03724378 -0.0579077 -0.9961864 -0.06526404 -0.05790764 -0.9961864 -0.06526404 -0.0579077 -0.9961864 -0.06526404 -0.6516699 -0.09373962 -0.7526881 -0.651631 -0.09327077 -0.75278 -0.7554077 -0.09051865 -0.6489729 -0.7553504 -0.09099459 -0.6489731 -0.7554078 -0.09051865 -0.6489728 -0.7672528 0.1023448 -0.6331263 -0.8272929 -0.218283 -0.5176284 -0.8673401 0.1672932 -0.4687582 -0.8942103 -0.2196653 -0.3900452 -0.9506007 0.1058945 -0.2917957 -0.9602529 -0.09330612 -0.2630752 -0.9602529 -0.09330612 -0.2630752 -0.9602528 -0.09330612 -0.2630752 -0.9223688 -0.2739181 -0.2724054 -0.9222478 -0.2743788 -0.2723519 -0.9222477 -0.2743788 -0.2723519 -0.9211186 -0.2781728 -0.2723242 -0.9211186 -0.2781727 -0.2723242 -0.9211186 -0.2781728 -0.2723242 -0.8537588 -0.4584814 -0.2467603 -0.8520671 -0.4617297 -0.246551 -0.8521318 -0.4616022 -0.2465663 -0.8521319 -0.4616022 -0.2465663 -0.7475089 -0.6301534 -0.210089 -0.747451 -0.6302278 -0.2100715 -0.7475666 -0.6300789 -0.2101067 -0.7460131 -0.631987 -0.2098976 -0.7459589 -0.6320606 -0.2098686 -0.7459589 -0.6320607 -0.2098686 -0.6086979 -0.7762342 -0.164157 -0.7466948 -0.2757265 -0.6053279 -0.8509905 -0.2748662 -0.4475084 -0.8499182 -0.2785575 -0.4472637 -0.7879894 -0.4602094 -0.4089991 -0.7867285 -0.4627478 -0.4085619 -0.6905712 -0.6315945 -0.35242 -0.6890504 -0.6335772 -0.3518372 -0.6890504 -0.6335772 -0.3518372 -0.6890504 -0.6335772 -0.3518372 -0.5620779 -0.7782268 -0.2800561 -0.5619978 -0.7783869 -0.2797722 -0.5608423 -0.7793194 -0.2794948 -0.4106257 -0.8904725 -0.1960747 -0.4104728 -0.8905597 -0.1959987 -0.4105875 -0.8904943 -0.1960557 -0.2808886 -0.2785221 -0.9184374 -0.2808887 -0.2785221 -0.9184373 -0.2808915 -0.2784302 -0.9184643 -0.4559487 -0.277854 -0.8455223 -0.4559487 -0.277854 -0.8455223 -0.4559488 -0.277854 -0.8455224 -0.4555138 -0.2799186 -0.8450757 -0.4555032 -0.2799185 -0.8450815 -0.4555014 -0.2800106 -0.8450519 -0.4229159 -0.463234 -0.7788173 -0.4223334 -0.4649298 -0.7781227 -0.4223333 -0.4649297 -0.7781228 -0.4223333 -0.4649297 -0.7781229 -0.3706769 -0.6358067 -0.6770144 -0.3702948 -0.6369379 -0.6761598 -0.3702918 -0.6370084 -0.676095 -0.3702947 -0.6369378 -0.6761598 -0.3020029 -0.7823519 -0.5447201 -0.301986 -0.7826299 -0.5443299 -0.3015053 -0.7832763 -0.543666 -0.3015053 -0.7832763 -0.543666 -0.2208107 -0.8941722 -0.3894853 -0.2207515 -0.8942142 -0.3894227 -0.2207513 -0.8942141 -0.3894227 -0.2203672 -0.8945353 -0.3889024 -0.2203463 -0.8945567 -0.3888649 -0.2203674 -0.8945353 -0.3889023 -0.1326421 -0.9657956 -0.2228114 -0.132642 -0.9657956 -0.2228115 -0.1326421 -0.9657956 -0.2228114 -0.1323902 -0.9659165 -0.2224373 -0.1323634 -0.9659288 -0.2223995 -0.1323633 -0.9659288 -0.2223995 -0.6920057 -0.4609364 -0.5555769 -0.7456808 -0.2794706 -0.6048607 -0.7456808 -0.2794706 -0.6048607 -0.6904962 -0.4641767 -0.5547568 -0.2604647 -0.4639078 -0.8467276 -0.2806668 -0.2794888 -0.9182114 -0.2806703 -0.2795802 -0.9181825 -0.2602152 -0.4650121 -0.8461984 -0.6065722 -0.6328961 -0.4811577 -0.6051111 -0.6351244 -0.4800601 -0.6051653 -0.6350151 -0.4801363 -0.2285172 -0.6366962 -0.7364766 -0.2285173 -0.6366962 -0.7364766 -0.2285175 -0.6366962 -0.7364766 -0.2284308 -0.6372957 -0.7359848 -0.4936546 -0.7800034 -0.3845775 -0.4936546 -0.7800035 -0.3845775 -0.4936251 -0.7800334 -0.3845544 -0.4926315 -0.7810269 -0.3838117 -0.3609626 -0.8918319 -0.2726569 -0.3597797 -0.8925275 -0.2719436 -0.3597797 -0.8925275 -0.2719436 -0.3597797 -0.8925275 -0.2719436 -0.2167803 -0.9642192 -0.1526032 -0.2167448 -0.9642319 -0.1525734 -0.2167803 -0.9642193 -0.1526031 -0.186126 -0.7834568 -0.5929187 -0.1861259 -0.7834568 -0.5929187 -0.186126 -0.7834568 -0.5929188 -0.1858524 -0.7839536 -0.5923476 -0.1858524 -0.7839536 -0.5923476 -0.1858106 -0.7840117 -0.5922838 -0.1359873 -0.8951284 -0.4245617 -0.1358252 -0.8952601 -0.4243358 -0.1358251 -0.8952601 -0.4243358 -0.1358643 -0.8951749 -0.4245032 -0.08179718 -0.966248 -0.2442829 -0.08178323 -0.9662603 -0.2442387 -0.08179718 -0.9662479 -0.244283 -0.08166033 -0.966354 -0.2439087 -0.08166027 -0.9663541 -0.2439088 -0.08166027 -0.966354 -0.2439087 0 -0.113959 -0.9934855 0 -0.113959 -0.9934855 0 -0.113959 -0.9934855 0 -0.113959 -0.9934855 0 -0.113959 -0.9934855 0 -0.113959 -0.9934855 0 -0.113959 -0.9934855 0 -0.113959 -0.9934855 0 -0.113959 -0.9934855 0 -0.3358961 -0.9418991 0 -0.5399081 -0.8417241 0 -0.5399081 -0.841724 0 -0.5399081 -0.841724 0 -0.5398832 -0.8417401 0 -0.5398832 -0.8417401 0 -0.5398832 -0.8417401 0 -0.7162956 -0.697797 0 -0.7162956 -0.697797 0 -0.7162956 -0.697797 0 -0.7162956 -0.697797 0 -0.7162956 -0.697797 0 -0.7162956 -0.697797 0 -0.8555169 -0.5177751 0 -0.8555665 -0.5176931 0 -0.8555665 -0.5176931 0 -0.855544 -0.5177303 0 -0.8555688 -0.5176892 0 -0.8555688 -0.5176892 0 -0.9504956 -0.3107382 0 -0.9504956 -0.3107382 0 -0.9504956 -0.3107382 0 -0.9504775 -0.3107936 0 -0.9504775 -0.3107936 0 -0.9504775 -0.3107936 0 -0.9961276 -0.0879209 0 -0.9961114 -0.08810353 0 -0.9961544 -0.08761644 0 -0.9961329 -0.08785998 0 -0.9961221 -0.08798176 0 -0.113959 -0.9934855 0 -0.113959 -0.9934855 0 -0.113959 -0.9934855 0 -0.113959 -0.9934855 0 -0.113959 -0.9934855 0 -0.113959 -0.9934855 0 -0.113959 -0.9934855 0 -0.113959 -0.9934855 0 -0.113959 -0.9934855 0 -0.113959 -0.9934855 0 -0.113959 -0.9934855 0 -0.113959 -0.9934855 0 -0.113959 -0.9934855 0 -0.113959 -0.9934855 0 -0.113959 -0.9934855 0 -0.113959 -0.9934855 0 -0.113959 -0.9934855 0 -0.113959 -0.9934855 0.09776616 -0.09258645 -0.9908934 0.09965568 -0.1131676 -0.9885656 0.09965562 -0.1131676 -0.9885656 0.09319072 -0.2793093 -0.9556683 0.09318631 -0.2794013 -0.9556419 0.09318631 -0.2794013 -0.9556418 0.09626299 -0.3343386 -0.9375239 0.08550876 -0.4650967 -0.8811206 0.08550876 -0.4650967 -0.8811206 0.08550882 -0.4650967 -0.8811206 0.08723384 -0.5380064 -0.8384149 0.08723384 -0.5380064 -0.8384149 0.08723384 -0.5380064 -0.8384149 0.07444566 -0.63738 -0.766945 0.07444536 -0.63738 -0.7669451 0.0744456 -0.63738 -0.766945 0.07362699 -0.7142725 -0.6959841 0.07362705 -0.7142726 -0.6959841 0.07362699 -0.7142725 -0.6959841 0.06016927 -0.7840408 -0.6177864 0.06016957 -0.7840407 -0.6177863 0.06016927 -0.7840407 -0.6177864 0.05626231 -0.8540357 -0.5171631 0.05626231 -0.8540357 -0.5171631 0.05627363 -0.8539858 -0.5172442 0.04366415 -0.8953039 -0.4433109 0.04366421 -0.8953039 -0.4433109 0.04366409 -0.8953039 -0.4433109 0.03578484 -0.9498562 -0.3106331 0.03578478 -0.9498562 -0.3106331 0.02606892 -0.9665263 -0.25524 0.02606898 -0.9665263 -0.25524 0.02606904 -0.9665263 -0.25524 0.01329678 -0.9960352 -0.08796155 0.009110331 -0.9977518 -0.06639516 0.009109973 -0.9977518 -0.06639528 0.009110033 -0.9977518 -0.06639534 0.02479052 -0.9976764 -0.06346166 0.02478045 -0.9976796 -0.06341481 0.02478057 -0.9976797 -0.06341475 0.02224814 -0.9986394 -0.04716581 0.02224802 -0.9986394 -0.04716587 0.02224814 -0.9986394 -0.04716581 0.08179706 -0.966216 -0.2444095 0.081797 -0.966216 -0.2444095 0.08178567 -0.9662283 -0.2443645 0.08163565 -0.9663913 -0.2437696 0.08163565 -0.9663913 -0.2437696 0.08163565 -0.9663913 -0.2437696 0.1359207 -0.8951129 -0.4246157 0.1358912 -0.8951984 -0.4244452 0.1358769 -0.8952407 -0.4243603 0.135891 -0.8951984 -0.4244452 0.1860697 -0.7834385 -0.5929605 0.1860698 -0.7834386 -0.5929606 0.1860698 -0.7834386 -0.5929606 0.1861972 -0.7836408 -0.5926531 0.2284298 -0.6367089 -0.7364928 0.2284294 -0.6367089 -0.7364929 0.2284294 -0.6367089 -0.7364929 0.2282794 -0.637309 -0.7360202 0.2603735 -0.463975 -0.8467189 0.2603105 -0.4649536 -0.8462014 0.2807687 -0.2785426 -0.9184678 0.2807686 -0.2785426 -0.9184678 0.2807687 -0.2785426 -0.9184678 0.2807964 -0.2798358 -0.9180662 0.2807964 -0.27979 -0.9180801 0.2807964 -0.2797899 -0.9180801 0.2878502 0.101786 -0.952251 0.2878503 0.101786 -0.952251 0.2878503 0.101786 -0.952251 0.3977707 -0.218754 -0.8910248 0.3977755 -0.2188931 -0.8909885 0.3977704 -0.2187541 -0.8910249 0.4627785 0.1652244 -0.8709403 0.4627788 0.1652244 -0.8709402 0.4627786 0.1652244 -0.8709403 0.524764 -0.219536 -0.8224518 0.5247639 -0.219536 -0.8224518 0.6294216 0.1028941 -0.7702216 0.629364 0.1032246 -0.7702244 0.6516699 -0.09373962 -0.7526881 0.651631 -0.09327077 -0.75278 0.651631 -0.09327077 -0.75278 0.7553518 -0.09099435 -0.6489713 0.7672523 0.1023381 -0.6331278 0.8272975 -0.2182686 -0.517627 0.8673398 0.1673026 -0.4687553 0.8942086 -0.2196804 -0.3900406 0.9505985 0.1059153 -0.291795 0.9602538 -0.09330147 -0.2630736 0.9602538 -0.09330141 -0.2630736 0.9602196 -0.0936352 -0.2630797 0.9914915 -0.08889472 -0.09509164 0.9864081 -0.1323115 -0.09743207 0.9582593 -0.2730153 -0.08486449 0.9582592 -0.2730153 -0.08486461 0.9582592 -0.2730153 -0.08486461 0.9197025 -0.3833538 -0.08477747 0.8865371 -0.456797 -0.07340627 0.8865372 -0.4567971 -0.07340615 0.886474 -0.4569237 -0.07338052 0.7906447 -0.6088525 -0.06465089 0.7754544 -0.6285461 -0.06000196 0.7756592 -0.6282875 -0.06006336 0.6310909 -0.7745854 -0.04173552 0.6309425 -0.7747066 -0.04173099 0.6309424 -0.7747066 -0.04173105 0.6069876 -0.7776868 -0.1636131 0.6069877 -0.7776869 -0.1636131 0.6069875 -0.7776868 -0.1636132 0.6083706 -0.7764631 -0.1642877 0.6083706 -0.7764631 -0.1642877 0.6083706 -0.7764631 -0.1642878 0.5608886 -0.7793263 -0.2793825 0.5620104 -0.778234 -0.2801718 0.4926226 -0.7810341 -0.3838083 0.4934942 -0.7800662 -0.3846562 0.4934939 -0.7800661 -0.3846565 0.4934945 -0.7800661 -0.384656 0.4051109 -0.7824158 -0.4729807 0.4051105 -0.7824158 -0.4729809 0.4051106 -0.7824158 -0.4729809 0.4059209 -0.7811484 -0.474379 0.3016263 -0.7830256 -0.5439599 0.3019096 -0.7823531 -0.5447701 0.04384315 -0.9963845 -0.07277292 0.0438432 -0.9963845 -0.07277286 0.04384332 -0.9963845 -0.0727728 0.03399932 -0.9987195 -0.03746259 0.03399938 -0.9987195 -0.03746253 0.03399926 -0.9987195 -0.03746265 0.1326236 -0.9657776 -0.2229005 0.1326236 -0.9657776 -0.2229005 0.1326236 -0.9657776 -0.2229005 0.1325021 -0.9658745 -0.222553 0.1325224 -0.965862 -0.2225947 0.1325021 -0.9658745 -0.222553 0.2205413 -0.8943534 -0.3892218 0.2205775 -0.8943106 -0.3892996 0.2205775 -0.8943106 -0.3892996 0.2203861 -0.8945733 -0.3888042 0.2203859 -0.8945733 -0.3888043 0.2204152 -0.8945308 -0.3888852 0.0579077 -0.9961864 -0.06526398 0.05790758 -0.9961864 -0.0652641 0.0579077 -0.9961864 -0.06526398 0.04849666 -0.9982804 -0.03292965 0.04849666 -0.9982804 -0.03292959 0.04849666 -0.9982804 -0.03292959 0.1781402 -0.9651327 -0.1917943 0.1781653 -0.9651203 -0.1918332 0.1781401 -0.9651327 -0.1917944 0.1779061 -0.9652453 -0.1914443 0.1779062 -0.9652454 -0.1914443 0.1779061 -0.9652454 -0.1914443 0.2965285 -0.8932098 -0.338005 0.2965707 -0.8931674 -0.3380799 0.2965072 -0.893231 -0.3379676 0.296221 -0.8935063 -0.3374904 0.2959237 -0.8937633 -0.3370704 0.05987983 -0.9972579 -0.0434885 0.0601353 -0.997233 -0.04370468 0.0601353 -0.997233 -0.04370468 0.07011169 -0.9969471 -0.03436726 0.07011169 -0.996947 -0.0343672 0.07011175 -0.9969471 -0.03436714 0.05891007 -0.9980168 -0.02218425 0.05891007 -0.9980168 -0.02218419 0.05891007 -0.9980168 -0.02218419 0.09070295 -0.9953845 -0.03135013 0.09077781 -0.9953758 -0.03140932 0.09070295 -0.9953845 -0.03135007 0.0632413 -0.9979689 -0.007667183 0.09795874 -0.9950385 -0.01739233 0.09795874 -0.9950385 -0.01739227 0.09795874 -0.9950385 -0.01739233 0.07236278 -0.9973698 0.004159569 0.07236278 -0.9973698 0.004159569 0.07236278 -0.9973698 0.004159569 0.08886843 -0.9960423 0.001526117 0.08886843 -0.9960423 0.001526176 0.08886843 -0.9960423 0.001526236 0.09175443 -0.9956364 0.01701474 0.09175527 -0.9956362 0.01701879 0.09175527 -0.9956362 0.01701885 0.1305799 -0.9913904 0.009701073 0.1305799 -0.9913904 0.009701073 0.1305798 -0.9913904 0.009700953 0.2775236 -0.9607189 -3.61008e-6 0.2775236 -0.9607189 -3.77002e-6 0.2775236 -0.9607189 -3.77325e-6 0.2664604 -0.9622415 -0.05558985 0.2665028 -0.9622287 -0.05560821 0.2664604 -0.9622415 -0.05558991 0.4441311 -0.8890064 -0.1114242 0.4441311 -0.8890064 -0.1114242 0.4438878 -0.8891505 -0.1112433 0.4094911 -0.8911299 -0.1954604 0.4094911 -0.8911299 -0.1954604 0.4094911 -0.8911298 -0.1954604 0.3823013 -0.9238713 -0.01753336 0.3823013 -0.9238714 -0.01753348 0.3823013 -0.9238713 -0.01753354 0.4614493 -0.8869376 -0.0201568 0.4429064 -0.8896647 -0.1110437 0.4429064 -0.8896647 -0.1110437 0.4429065 -0.8896648 -0.1110438 0.6076714 -0.7930808 -0.04193592 0.607937 -0.7928762 -0.04195076 0.6076714 -0.7930806 -0.0419358 0.2663355 -0.09193098 -0.9594865 0.4557167 -0.2797496 -0.8450222 0.4557169 -0.2797496 -0.845022 0.4557878 -0.277763 -0.8456391 0.4557878 -0.277763 -0.8456391 0.4558055 -0.277671 -0.8456597 0.4224694 -0.4650186 -0.7779957 0.4224601 -0.465061 -0.7779754 0.4224604 -0.4650611 -0.7779753 0.4225896 -0.4632463 -0.7789871 0.3703655 -0.636537 -0.6764985 0.3706126 -0.6358601 -0.6769995 0.6128496 -0.2791365 -0.7392552 0.6130201 -0.2770158 -0.7399113 0.6130448 -0.2769242 -0.7399251 0.6130448 -0.2769243 -0.7399251 0.5679218 -0.4642183 -0.679681 0.5683102 -0.4625 -0.6805272 0.5683177 -0.4624583 -0.6805494 0.5683102 -0.4625 -0.6805273 0.4980235 -0.6357278 -0.5897651 0.4985902 -0.6343709 -0.5907465 0.7460544 -0.2788994 -0.6046636 0.7464593 -0.2757675 -0.6055996 0.690881 -0.4637479 -0.5546364 0.690881 -0.4637479 -0.5546364 0.690881 -0.4637478 -0.5546364 0.6917444 -0.4609621 -0.5558812 0.6054257 -0.6347947 -0.4800996 0.6064235 -0.6328949 -0.4813469 0.9212324 -0.2781748 -0.2719368 0.9212202 -0.2782208 -0.2719314 0.9212325 -0.2781749 -0.2719368 0.8500933 -0.2785667 -0.4469251 0.8507643 -0.2751918 -0.4477384 0.8507437 -0.2753272 -0.4476945 0.7868529 -0.4627526 -0.4083167 0.7880514 -0.4597924 -0.4093483 0.7880904 -0.4597072 -0.4093691 0.7880514 -0.4597923 -0.4093484 0.6892694 -0.633438 -0.3516593 0.6892166 -0.6335121 -0.3516291 0.6892694 -0.6334379 -0.3516592 0.6904175 -0.631619 -0.3526771 0.8521625 -0.4617463 -0.2461898 0.8522222 -0.4616193 -0.2462216 0.8520234 -0.4620425 -0.2461156 0.9222669 -0.2739381 -0.2727304 0.8536372 -0.4584937 -0.2471586 0.7457525 -0.632431 -0.2094858 0.7476128 -0.6299181 -0.2104243 0.7475849 -0.6299552 -0.2104123 0.7476129 -0.629918 -0.210424 0.3600062 -0.892417 -0.2720065 0.3600061 -0.892417 -0.2720066 0.3600062 -0.892417 -0.2720065 0.3607978 -0.8918639 -0.2727707 0.2162382 -0.9644121 -0.152153 0.2162383 -0.964412 -0.1521528 0.2162737 -0.9643994 -0.1521826 0.2166416 -0.9642567 -0.1525632 0.2166771 -0.9642441 -0.1525928 0.2166771 -0.9642441 -0.1525928 0.4106148 -0.8904477 -0.1962108 0.4106147 -0.8904476 -0.1962108 0.4105767 -0.8904694 -0.1961916 0.2460671 -0.9634123 -0.1062447 0.2460672 -0.9634122 -0.1062445 0.2460671 -0.9634122 -0.1062448 0.2672044 -0.9620176 -0.05589264 0.2672044 -0.9620177 -0.05589276 0.2672044 -0.9620176 -0.05589276 0.2466907 -0.9632069 -0.10666 0.2466906 -0.9632069 -0.1066601 0.2466906 -0.9632068 -0.1066601 0 -0.6975598 0.7165266 0 -0.6975598 0.7165266 0 -0.6975598 0.7165266 0 -0.6979578 0.7161389 0.1306548 -0.9910882 0.02595835 0.1306548 -0.9910881 0.02595847 0.1306548 -0.9910882 0.02595847 0.1302476 -0.9911423 0.0259338 0.3826813 -0.9235638 0.02418416 0.3826813 -0.9235638 0.02418315 0.3826813 -0.9235638 0.02418428 0.3825197 -0.9236307 0.02418541 0.3825197 -0.9236308 0.02418541 0.3825197 -0.9236308 0.02418541 0.6088305 -0.7930287 0.02076274 0.6087173 -0.7931155 0.02076607 0.6087173 -0.7931155 0.02076613 0.6087173 -0.7931155 0.02076607 0.7935615 -0.6082814 0.01593381 0.7935616 -0.6082813 0.01593381 0.7934741 -0.6083955 0.01593416 0.7932382 -0.6087037 0.01590824 0.9237325 -0.3829076 0.01000577 0.9238148 -0.3827086 0.0100122 0.9914647 -0.130331 0.003410041 0.9914743 -0.1302583 0.003412783 0.9914414 0.1305075 0.003418922 0.9914647 0.130331 0.003423154 0.9238406 0.3826465 0.01001435 0.9238406 0.3826465 0.01001429 0.9238406 0.3826465 0.01001429 0.9237325 0.3829076 0.01000577 0.793249 0.6086897 0.01590496 0.7930527 0.6089456 0.01589602 0.6087577 0.7930844 0.02076733 0.6087577 0.7930843 0.02076727 0.6087577 0.7930843 0.02076727 0.6088488 0.7930146 0.02076238 0.3831461 0.9233713 0.02417695 0.3828681 0.923487 0.02416247 0.1307876 0.9910702 0.02597451 0.1307876 0.9910702 0.02597451 0.1307876 0.9910702 0.02597445 0.1302006 0.9911485 0.02593445 0 0.9996579 0.0261538 -6.41388e-6 0.9996576 0.02617055 -3.84435e-5 0.9996597 0.02608793 1.90256e-6 0.9996546 0.02628362 -2.2036e-5 0.9996615 0.02602058 -2.70528e-5 0.999653 0.02634304 -1.87272e-6 0.9996594 0.02609819 -8.77543e-5 0.9996467 0.02657997 8.45547e-5 0.9996669 0.02580863 1.20984e-6 0.9996582 0.02614825 -8.11731e-5 0.9996589 0.02611851 1.0541e-4 0.9996556 0.02624249 -1.00661e-5 0.9996584 0.0261361 1.53726e-4 0.9996525 0.02636075 0 0.999657 0.02619034 0 0.999657 0.02618867 -1.53726e-4 0.9996525 0.02636075 2.53952e-6 0.9996447 0.02665472 -5.94417e-6 0.9996576 0.0261662 -5.69213e-6 0.9996576 0.02616608 -6.22962e-6 0.9996576 0.02616626 -1.78893e-5 0.999659 0.0261147 -1.97182e-5 0.999659 0.02611631 -1.5181e-5 0.999659 0.02611547 -2.53952e-6 0.9996447 0.02665472 1.30577e-5 0.9996585 0.02613633 1.23408e-5 0.9996585 0.0261361 1.18022e-5 0.9996585 0.02613604 1.64507e-5 0.999659 0.02611577 1.75464e-5 0.999659 0.02611464 1.88749e-5 0.999659 0.02611601 -1.26483e-6 0.9996581 0.02614891 8.11732e-5 0.9996588 0.02612113 3.03727e-4 0.9996622 0.02599108 3.03797e-4 0.9996622 0.0259912 3.03799e-4 0.9996622 0.0259912 6.41388e-6 0.9996576 0.02617055 3.84435e-5 0.9996597 0.02608793 -1.90256e-6 0.9996546 0.02628141 2.2036e-5 0.9996615 0.02602058 2.70528e-5 0.999653 0.02634388 1.87272e-6 0.9996594 0.02610003 8.77543e-5 0.9996467 0.02657997 -8.47579e-5 0.9996667 0.02582001 1.00661e-5 0.9996585 0.02613615 -0.3719385 0.6975984 0.6123874 -0.3719385 0.6975984 0.6123874 -0.3251988 0.6700435 0.6672986 -0.2706864 0.7001389 0.6607075 -0.2706863 0.7001389 0.6607075 -0.2706863 0.7001389 0.6607076 -0.167131 0.6936175 0.7006869 -0.1671312 0.6936173 0.700687 -0.167131 0.6936174 0.7006869 -0.06304746 0.5884433 0.8060767 -0.06304764 0.5884432 0.8060767 -0.0630474 0.5884434 0.8060765 -0.1317407 0.7225881 0.6786094 -0.05590426 0.6968803 0.7150054 -0.3370212 0.761353 0.5538579 -0.3369951 0.7613064 0.5539376 -0.3369951 0.7613064 0.5539376 -0.2741692 0.694935 0.664753 -0.2741692 0.694935 0.664753 -0.1663058 0.6998012 0.6947092 -0.1663058 0.6998012 0.6947091 -0.1663059 0.6998012 0.6947091 -1.51771e-5 -0.9996554 0.02625513 -1.55095e-5 -0.9996553 0.0262559 -1.42736e-5 -0.9996553 0.02625519 -1.15581e-5 -0.9996559 0.02623146 -1.24162e-5 -0.999656 0.02623122 -1.22834e-5 -0.9996559 0.02623134 3.82389e-6 -0.9996582 0.02614635 3.90745e-6 -0.9996582 0.02614635 3.81557e-6 -0.9996582 0.02614635 1.59478e-6 -0.9996581 0.02615135 -8.54875e-5 -0.9996589 0.02611857 1.0454e-4 -0.9996556 0.02624517 1.35913e-5 -0.9996563 0.02622038 -3.84435e-5 -0.9996596 0.02609312 1.90256e-6 -0.9996545 0.02628684 0 -0.9996554 0.0262528 -2.2036e-5 -0.9996618 0.02600854 -2.68486e-5 -0.9996531 0.02633732 -3.27726e-6 -0.9996594 0.02609914 1.9984e-5 -0.9996623 0.0259872 -8.53329e-5 -0.9996491 0.02649223 -8.53279e-5 -0.9996491 0.02649223 -8.53012e-5 -0.9996491 0.02649229 -1.00661e-5 -0.9996584 0.0261361 1.49545e-4 -0.9996529 0.02634501 0 -0.999657 0.02618801 0 -0.9996572 0.026187 -1.49545e-4 -0.9996529 0.02634501 -3.83853e-6 -0.9996582 0.02614635 -3.84555e-6 -0.9996582 0.02614635 -3.87894e-6 -0.9996582 0.02614635 1.00661e-5 -0.9996586 0.02613168 -1.0454e-4 -0.9996556 0.02624511 8.54875e-5 -0.9996589 0.02611857 -1.59478e-6 -0.9996581 0.02615177 8.53297e-5 -0.9996491 0.02649223 8.52869e-5 -0.9996491 0.02649229 8.53408e-5 -0.9996491 0.02649223 -1.9984e-5 -0.9996622 0.02599185 3.27726e-6 -0.9996594 0.02609819 2.68486e-5 -0.9996531 0.02633732 2.20125e-5 -0.9996618 0.02601045 -1.99316e-6 -0.9996545 0.0262894 3.84435e-5 -0.9996596 0.02609312 -1.35913e-5 -0.9996562 0.02622032 1.24807e-5 -0.999656 0.02623128 1.16299e-5 -0.9996559 0.02623146 1.16759e-5 -0.9996559 0.0262314 2.4667e-5 -0.999654 0.02630394 2.59292e-5 -0.9996541 0.02630466 2.60643e-5 -0.9996541 0.02630376 -0.0556268 -0.6967189 0.7151842 -0.05562674 -0.6967188 0.7151843 -0.05562674 -0.6967189 0.7151843 -0.127868 -0.6694856 0.7317369 -0.127868 -0.6694856 0.7317369 -0.1654719 -0.699307 0.6954056 -0.1654718 -0.699307 0.6954056 -0.1654718 -0.6993069 0.6954056 -0.2727001 -0.6946268 0.6656788 -0.2727001 -0.6946269 0.6656788 -0.2727001 -0.6946269 0.6656788 -0.4207168 -0.5916997 0.6876691 -0.4206197 -0.5918019 0.6876406 -0.420717 -0.5916998 0.687669 -0.2887297 -0.7225229 0.6281688 -0.3735265 -0.6977008 0.6113033 -0.3734465 -0.6976974 0.6113561 -0.3733236 -0.6976976 0.6114308 -0.05023926 -0.759253 0.6488536 -0.05020821 -0.7592779 0.648827 -0.05020821 -0.7592779 0.6488269 -0.1679617 -0.6943502 0.6997619 -0.2719954 -0.7006409 0.6596369 -0.2719954 -0.7006409 0.6596369 -0.2719224 -0.7006157 0.6596938 -3.3917e-5 0 -1 4.80735e-5 0 -1 6.55372e-5 0 -1 -6.77909e-5 0 -1 3.01966e-5 0 -1 -2.83074e-6 0 -1 -6.03019e-5 0 -1 6.79486e-5 0 -1 -1.52894e-4 0 -1 7.37028e-5 0 -1 -1.61847e-4 0 -1 -1.52358e-4 0 -1 -0.9914537 0.1304145 0.003414154 -0.9914541 0.1304113 0.00341475 -0.9965919 0.08245992 -0.002254605 -0.96003 0.2797708 0.00842154 -0.9238326 0.3827355 0.006846249 -0.9238239 0.3826866 0.0100184 -0.9239197 0.3824549 0.01003265 -0.7932683 0.608663 0.01596647 -0.7930799 0.6089089 0.0159474 -0.6088479 0.7930152 0.02076655 -0.6088479 0.7930152 0.02076655 -0.6088479 0.7930152 0.02076655 -0.6088447 0.7930182 0.0207448 -0.3826091 0.9235937 0.02418881 -0.3826091 0.9235937 0.02418887 -0.3828302 0.9235025 0.02417337 -0.3829252 0.9234641 0.02413588 -0.13018 0.9911519 0.02590686 -0.1462426 0.9889422 0.02463209 -0.1462426 0.9889421 0.02463221 -0.1462425 0.9889421 0.02463227 -0.1111147 0.993467 0.02601438 -0.1111624 0.9934617 0.0260145 -0.1111624 0.9934617 0.02601456 -0.8850898 0.4652189 0.01369976 -0.8849336 0.4655153 0.01372039 -0.7932645 0.6087064 0.01441884 -0.7600123 0.6496233 0.01925975 -0.6085944 0.7932338 0.01982527 -0.6086703 0.7931757 0.01981872 -0.6087463 0.7931176 0.01981198 -0.584281 0.8112403 0.02247238 -0.3831509 0.9233977 0.02306735 -0.3590168 0.9329913 0.0251829 -0.3590168 0.9329913 0.0251829 -0.3590168 0.9329913 0.0251829 -0.417312 0.6995589 0.5800588 -0.4172986 0.6995589 0.5800684 -0.08198827 0 0.9966334 -0.08198833 0 0.9966334 -0.08198833 0 0.9966334 -0.08135759 0 0.996685 -0.2382354 0 0.9712074 -0.2383313 0 0.971184 -0.3880586 0 0.9216347 -0.3879703 0 0.921672 -0.3880586 0 0.9216347 -0.3878366 0 0.9217283 -0.3878365 0 0.9217283 -0.3878365 6.48597e-6 0.9217283 -0.5283288 0 0.8490399 -0.5283288 0 0.8490399 -0.5283288 0 0.8490399 -0.5280292 0 0.8492263 -0.1305399 -0.9911033 0.02595317 -0.1305399 -0.9911033 0.02595335 -0.1305399 -0.9911033 0.02595323 -0.1302762 -0.9911369 0.02599829 -0.1096137 -0.9936754 0.02437448 -0.1096137 -0.9936754 0.02437454 -0.1096137 -0.9936754 0.02437454 -0.3179185 -0.9477835 0.02518492 -0.317964 -0.9477683 0.02518415 -0.3179185 -0.9477836 0.02518481 -0.3828313 -0.9235721 0.02133053 -0.3828313 -0.9235721 0.02133059 -0.3828313 -0.923572 0.02133053 -0.3828319 -0.9235009 0.02420419 -0.3828319 -0.9235009 0.02420419 -0.3828319 -0.9235009 0.02420419 -0.6088438 -0.793017 0.02081888 -0.6087211 -0.7931124 0.02077031 -0.6087211 -0.7931123 0.02077025 -0.6087211 -0.7931124 0.02077025 -0.7935427 -0.6083064 0.01591563 -0.7934033 -0.6084886 0.01590228 -0.9239198 -0.3824558 0.009993493 -0.9238837 -0.3825423 0.01001757 -0.9238837 -0.3825423 0.01001757 -0.9914321 -0.1305785 0.003418922 -0.9872061 -0.1594388 0.001876652 -0.9966006 -0.08235764 0.00215739 -0.4423147 -0.8965647 0.02301126 -0.4423576 -0.8965436 0.02301222 -0.4423146 -0.8965647 0.0230115 -0.5464234 -0.837204 0.02260595 -0.6086447 -0.793227 0.01850956 -0.6085687 -0.7932854 0.01850879 -0.6086447 -0.793227 0.01850962 -0.6584284 -0.7523652 0.02046114 -0.7742074 -0.6326961 0.01728397 -0.7742074 -0.6326961 0.01728391 -0.7744185 -0.6324368 0.01731073 -0.7933985 -0.6085299 0.01450192 -0.8845981 -0.4661507 0.01377803 -0.9237964 -0.3828231 0.006842136 -0.9237964 -0.3828231 0.006842076 -0.9237964 -0.3828231 0.006842136 -0.9601662 -0.2793039 0.008394777 -0.9600724 -0.2796253 0.008416891 -0.9600723 -0.2796253 0.008416831 -0.3818458 -0.9239106 0.02414947 -0.4173026 -0.6995746 0.5800465 -0.4173083 -0.6995545 0.5800667 -0.8932009 0.01992583 0.4492162 -0.895364 0.04969495 0.4425538 -0.8722282 0.1394428 0.4688004 -0.8722282 0.1394428 0.4688003 -0.8722282 0.1394428 0.4688003 -0.8751912 0.1888074 0.4454126 -0.875191 0.1888074 0.4454125 -0.8751241 0.1888185 0.4455393 -0.8078267 0.293571 0.5111089 -0.8080016 0.2935872 0.510823 -0.8266969 0.2892348 0.4826133 -0.8266969 0.2892348 0.4826133 -0.8267499 0.2892097 0.4825375 -0.7508798 0.4357219 0.4963124 -0.7509045 0.4357259 0.4962715 -0.7509046 0.4357259 0.4962716 -0.7500934 0.4358832 0.4973589 -0.6474198 0.5365104 0.5412988 -0.6474198 0.5365104 0.5412986 -0.6473469 0.5365495 0.5413471 -0.6621596 0.5417526 0.5177344 -0.5559152 0.5998163 0.5754812 -0.5559939 0.5997678 0.5754558 -0.5559152 0.5998164 0.5754812 -0.5496901 0.6340035 0.5439488 -0.5496902 0.6340035 0.5439489 -0.5496277 0.6339956 0.5440211 -0.4710438 0.6608448 0.5842962 -0.4710438 0.6608449 0.584296 -0.4710439 0.6608449 0.584296 -0.9077597 0.09714871 0.4080864 -0.9077825 0.09726673 0.4080075 -0.9078359 0.09754198 0.4078231 -0.8777944 0.154575 0.4534135 -0.8777944 0.154575 0.4534135 -0.8777943 0.1545751 0.4534135 -0.8588325 0.2114617 0.4665735 -0.8588325 0.2114617 0.4665735 -0.8588325 0.2114617 0.4665735 -0.8387832 0.3106198 0.4471668 -0.8387317 0.3106522 0.447241 -0.8387832 0.3106197 0.4471669 -0.838842 0.3063654 0.4499828 -0.8389691 0.3062112 0.4498505 -0.8388929 0.3063038 0.4499299 -0.7802907 0.3838462 0.4937698 -0.753679 0.4489555 0.4800072 -0.7537057 0.4488338 0.4800791 -0.7537057 0.4488338 0.4800791 -0.7222709 0.4694989 0.5078343 -0.7222709 0.4694989 0.5078343 -0.7222708 0.4694988 0.5078344 -0.6625459 0.5488724 0.5096784 -0.662546 0.5488723 0.5096784 -0.662546 0.5488723 0.5096784 -0.6511206 0.5514103 0.5215255 -0.5670486 0.6154739 0.547401 -0.5670486 0.6154739 0.5474011 -0.5670486 0.6154739 0.5474011 -0.4092742 0.6993824 0.5859684 -0.3792335 0.6590217 0.649517 -0.3792584 0.6590424 0.6494815 -0.3792584 0.6590424 0.6494816 -0.5191986 0.6434426 0.5625072 -0.5191987 0.6434427 0.5625072 -0.5191594 0.6434698 0.5625123 -0.5963245 -1.90473e-5 0.8027436 -0.5963254 0 0.8027429 -0.5963275 0 0.8027413 -0.5963273 1.90376e-5 0.8027414 -0.5962967 -2.94448e-5 0.8027641 -0.5962969 -2.93973e-5 0.8027641 -0.5962968 -2.94609e-5 0.8027642 -0.5963369 2.4738e-5 0.8027343 -0.5963135 -1.30991e-5 0.8027518 -0.5963369 2.47515e-5 0.8027343 -0.5964424 4.42345e-4 0.8026558 -0.5963194 -1.18786e-5 0.8027473 -0.5963218 -9.68896e-5 0.8027456 -0.5963521 -4.30337e-4 0.8027229 -0.5963419 4.62052e-5 0.8027306 -0.5963417 4.63159e-5 0.8027307 -0.5963418 4.62745e-5 0.8027306 -0.5963054 -5.08813e-5 0.8027577 -0.5963054 -5.08948e-5 0.8027577 -0.5963055 -5.09456e-5 0.8027577 -0.5963445 6.91707e-5 0.8027287 -0.5963445 7.00536e-5 0.8027287 -0.5963444 6.95947e-5 0.8027288 -0.5963506 1.16129e-4 0.8027242 -0.5963506 1.16064e-4 0.8027242 -0.5963561 1.635e-4 0.8027201 -0.5963435 2.12616e-5 0.8027295 -0.5963434 2.00588e-5 0.8027296 -0.5963433 2.06917e-5 0.8027296 -0.5962937 5.33415e-5 0.8027665 -0.5962937 5.32857e-5 0.8027665 -0.5962495 1.31868e-4 0.8027992 -0.5963782 -1.04657e-4 0.8027036 -0.5963987 -1.45294e-4 0.8026884 -0.596358 -6.38572e-5 0.8027186 -0.5963223 4.74145e-6 0.8027451 -0.5963224 4.72122e-6 0.8027452 -0.5963224 4.71997e-6 0.8027452 -0.5963028 -1.57217e-5 0.8027596 -0.5963029 -1.56912e-5 0.8027597 -0.5964437 4.30404e-4 0.8026548 -0.596338 -3.666e-5 0.8027335 -0.5963551 -7.95883e-5 0.8027208 -0.5963379 -3.67124e-5 0.8027336 -0.5964142 -1.42112e-4 0.802677 -0.5964142 -1.41893e-4 0.8026769 -0.5963912 -1.03486e-4 0.802694 -0.5963247 1.7043e-5 0.8027434 -0.5963246 1.70786e-5 0.8027434 -0.5963242 1.69124e-5 0.8027437 -0.5963591 -1.90395e-4 0.8027178 -0.5963593 -1.90268e-4 0.8027177 -0.5963589 -1.90335e-4 0.8027179 -0.5963442 -4.20785e-5 0.8027288 -0.5963444 -4.26224e-5 0.8027288 -0.5963477 -9.01218e-5 0.8027263 -0.3665984 -0.6972372 0.616008 -0.3666377 -0.6972407 0.6159808 -0.3666377 -0.6972407 0.6159807 -0.4730537 -0.6556075 0.5885567 -0.4734174 -0.655625 0.5882449 -0.5217083 -0.6438624 0.5596979 -0.5217083 -0.6438623 0.559698 -0.5217084 -0.6438623 0.559698 -0.5691035 -0.6084911 0.5530458 -0.5691644 -0.608419 0.5530627 -0.5691643 -0.608419 0.5530627 -0.6456969 -0.582118 0.4941804 -0.6457262 -0.5821177 0.4941424 -0.6456968 -0.582118 0.4941804 -0.638299 -0.5794448 0.5067722 -0.7222465 -0.4690639 0.5082707 -0.7222765 -0.4690276 0.5082617 -0.7222465 -0.4690639 0.5082708 -0.7525584 -0.4484187 0.4822621 -0.7802039 -0.3836645 0.4940481 -0.819612 -0.3364279 0.4637376 -0.819612 -0.3364279 0.4637376 -0.819612 -0.3364279 0.4637376 -0.8283333 -0.2891441 0.4798539 -0.8285208 -0.28902 0.4796048 -0.8636563 -0.2170488 0.4549592 -0.8699544 -0.2086066 0.4468365 -0.8699543 -0.2086066 0.4468366 -0.8699543 -0.2086065 0.4468366 -0.8742834 -0.1522067 0.4609357 -0.8883303 -0.08910888 0.4504764 -0.8883303 -0.0891087 0.4504765 -0.8883303 -0.08910876 0.4504764 -0.8932009 -0.01992583 0.4492162 -0.8932086 -0.02025991 0.4491859 -0.8963649 -0.07019466 0.4377245 -0.8871411 -0.04825139 0.4589691 -0.8714612 -0.186245 0.453727 -0.8584512 -0.199035 0.4727016 -0.8584512 -0.1990349 0.4727016 -0.8584513 -0.1990349 0.4727016 -0.8249415 -0.3130091 0.4706346 -0.8249639 -0.3130132 0.4705926 -0.8249415 -0.3130092 0.4706346 -0.8108011 -0.3210813 0.489396 -0.8109595 -0.3207951 0.4893212 -0.7593881 -0.4240255 0.4934899 -0.7593601 -0.4241119 0.4934588 -0.7593601 -0.4241119 0.4934587 -0.747065 -0.427982 0.5086507 -0.6908205 -0.5022042 0.5201519 -0.6908205 -0.5022042 0.520152 -0.6908204 -0.5022042 0.520152 -0.6391043 -0.5199861 0.5667101 -0.6252509 -0.5457833 0.557837 -0.5690277 -0.6003816 0.5619158 -0.5689895 -0.6004093 0.5619251 -0.5690277 -0.6003815 0.5619159 -0.4982308 -0.6357393 0.5895776 -0.4982309 -0.6357392 0.5895776 -0.4982309 -0.6357391 0.5895777 0.9914488 0.1304963 0 0.9914488 -0.1304962 0 0.9238355 -0.3827897 0 0.9240124 -0.3823626 0 0.9240125 -0.3823626 -3.6041e-7 0.9240125 -0.3823626 0 0.7932594 -0.608884 0 0.7932593 -0.608884 0 0.7932594 -0.608884 2.96689e-7 0.7934457 -0.608641 0 0.6087171 -0.7933874 0 0.6087082 -0.7933943 0 0.3826577 -0.9238902 0 0.1305319 -0.9914441 0 -0.1305342 -0.9914438 0 -0.1305319 -0.9914441 0 -0.3826577 -0.9238902 0 -0.3826512 -0.9238929 0 -0.608726 -0.7933806 0 -0.6087171 -0.7933874 0 -0.7934368 -0.6086527 0 -0.7934457 -0.608641 0 -0.9238355 -0.3827897 0 -0.9238421 -0.3827739 0 -0.9914465 -0.1305144 0 -0.9914488 -0.1304962 0 -0.9914488 0.1304963 0 -0.9914465 0.1305145 0 -0.9238422 0.3827738 0 -0.9238356 0.3827895 0 -0.7934455 0.6086414 0 -0.7934366 0.608653 0 -0.6087172 0.7933874 0 -0.6087261 0.7933804 0 -0.3826514 0.9238928 0 -0.382658 0.9238902 0 -0.1305321 0.9914441 0 -0.1305345 0.9914438 0 0.1305321 0.9914441 0 0.382658 0.9238902 0 0.6087083 0.7933942 0 0.6087172 0.7933874 0 0.7934455 0.6086414 0 0.7934633 0.6086181 0 0.9238291 0.3828052 0 0.9238356 0.3827895 0 0.9914488 0.1304962 0 0.9914488 -0.1304963 0 0.9238356 -0.3827895 0 0.9238291 -0.3828052 0 0.7934633 -0.6086181 0 0.7934455 -0.6086414 0 0.6087172 -0.7933874 0 0.6087083 -0.7933942 0 0.382658 -0.9238902 0 0.1305321 -0.9914441 0 -0.1305345 -0.9914438 0 -0.1305321 -0.9914441 0 -0.382658 -0.9238902 0 -0.3826514 -0.9238928 0 -0.6087261 -0.7933804 0 -0.6087172 -0.7933874 0 -0.7934366 -0.608653 0 -0.7934455 -0.6086414 0 -0.9238356 -0.3827895 0 -0.9238422 -0.3827738 0 -0.9914465 -0.1305145 0 -0.9914488 -0.1304963 0 -0.9914488 0.1304962 0 -0.9914465 0.1305144 0 -0.9238421 0.3827739 0 -0.9238355 0.3827897 0 -0.7934457 0.608641 0 -0.7934368 0.6086527 0 -0.6087171 0.7933874 0 -0.608726 0.7933806 0 -0.3826512 0.9238929 0 -0.3826577 0.9238902 0 -0.1305319 0.9914441 0 -0.1305342 0.9914438 0 0.1305319 0.9914441 0 0.3826577 0.9238902 0 0.6087082 0.7933943 0 0.6087171 0.7933874 0 0.7934457 0.608641 0 0.7932593 0.608884 0 0.7932594 0.608884 -2.96689e-7 0.7932594 0.608884 0 0.9240125 0.3823626 0 0.9240124 0.3823626 0 0.9240125 0.3823626 3.6041e-7 0.9238355 0.3827897 0 -0.9240124 0.3823626 0 -0.9240125 0.3823626 -3.6041e-7 -0.9240125 0.3823626 0 -0.7932594 0.608884 0 -0.7932593 0.608884 0 -0.7932594 0.608884 2.96689e-7 -0.6087082 0.7933943 0 0.1305342 0.9914438 0 0.3826512 0.9238929 0 0.608726 0.7933806 0 0.7934368 0.6086527 0 0.9238421 0.3827739 0 0.9914465 0.1305144 0 0.9914465 -0.1305145 0 0.9238422 -0.3827738 0 0.7934366 -0.608653 0 0.6087261 -0.7933804 0 0.3826514 -0.9238928 0 0.1305345 -0.9914438 0 -0.6087083 -0.7933942 0 -0.7934633 -0.6086181 0 -0.9238291 -0.3828052 0 -0.9238291 0.3828052 0 -0.7934633 0.6086181 0 -0.6087083 0.7933942 0 0.1305345 0.9914438 0 0.3826514 0.9238928 0 0.6087261 0.7933804 0 0.7934366 0.608653 0 0.9238422 0.3827738 0 0.9914465 0.1305145 0 0.9914465 -0.1305144 0 0.9238421 -0.3827739 0 0.7934368 -0.6086527 0 0.608726 -0.7933806 0 0.3826512 -0.9238929 0 0.1305342 -0.9914438 0 -0.6087082 -0.7933943 0 -0.7932593 -0.608884 0 -0.7932594 -0.608884 -2.96689e-7 -0.7932594 -0.608884 0 -0.9240125 -0.3823626 0 -0.9240124 -0.3823626 0 -0.9240125 -0.3823626 3.6041e-7 -0.9914442 -0.1305316 0 -0.9914439 -0.1305338 0 -0.991444 0.1305328 0 -0.9914443 0.1305305 0 -0.9238894 0.3826597 0 -0.9238902 0.3826578 0 -0.7933917 0.6087116 0 -0.7933906 0.608713 0 -0.6086309 0.7934536 0 -0.3827976 0.9238324 0 -0.3827971 0.9238324 0 -0.1304941 0.9914491 0 -0.1304939 0.9914491 0 0.1304939 0.9914491 0 0.3827976 0.9238324 0 0.6086306 0.7934538 0 0.7933912 0.6087123 0 0.7933908 0.6087126 0 0.92389 0.3826583 0 0.9238902 0.3826578 0 0.9914442 0.1305311 0 0.9914441 0.1305322 0 0.9914439 -0.1305332 0 0.9914442 -0.1305321 0 0.9238914 -0.382655 0 0.9238912 -0.3826555 0 0.793385 -0.6087201 0 0.7933853 -0.6087198 0 0.6086453 -0.7934424 0 0.3827843 -0.9238378 0 0.1305016 -0.9914482 0 -0.1305016 -0.9914482 0 -0.1305018 -0.9914482 0 -0.3827839 -0.923838 0 -0.3827843 -0.9238378 0 -0.6086456 -0.7934423 0 -0.7933848 -0.6087205 0 -0.7933859 -0.6087191 0 -0.9238914 -0.382655 0 -0.9238905 -0.382657 0 -0.9914442 -0.1305321 0 -0.9914439 -0.1305332 0 -0.9914441 0.1305322 0 -0.9914442 0.1305311 0 -0.92389 0.3826583 0 -0.7933908 0.6087126 0 -0.7933912 0.6087123 0 -0.6086306 0.7934538 0 0.1304941 0.9914491 0 0.3827971 0.9238324 0 0.6086309 0.7934536 0 0.7933906 0.608713 0 0.7933917 0.6087116 0 0.9238894 0.3826597 0 0.9914443 0.1305305 0 0.991444 0.1305328 0 0.9914439 -0.1305338 0 0.9914442 -0.1305316 0 0.9238905 -0.382657 0 0.7933859 -0.6087191 0 0.7933848 -0.6087205 0 0.6086456 -0.7934423 0 0.3827839 -0.923838 0 0.1305018 -0.9914482 0 -0.6086453 -0.7934424 0 -0.7933853 -0.6087198 0 -0.793385 -0.6087201 0 -0.9238912 -0.3826555 0 0.7071068 0 0.7071068 0 -0.7071068 0.7071068 -0.7071068 0 0.7071068 0 0.7071068 0.7071068 1.7401e-4 0 1 -1.30326e-4 0 1 -1.7401e-4 0 1 1.30326e-4 0 1 -1.27036e-4 0 1 5.70799e-5 0 1 -6.07632e-5 0 1 1.27036e-4 0 1 -1.16883e-4 0 1 1.27973e-4 0 1 2.33218e-6 0 1 1.7014e-4 0 1 1.70146e-4 0 1 1.70133e-4 0 1 -4.68466e-5 0 1 1.70392e-4 0 1 2.10784e-4 0 1 2.10795e-4 0 1 2.10774e-4 0 1 1.14285e-4 0 1 -7.40492e-5 0 1 -1.39411e-5 0 1 1.39398e-5 0 1 7.40571e-5 0 1 -1.14297e-4 0 1 1.24769e-4 0 1 -1.01478e-6 0 1 -1.99763e-4 0 1 1.16883e-4 0 1 -9.92462e-5 0 1 1.17844e-4 0 1 -5.70799e-5 0 1 1.07186e-4 0 1 -1.49612e-4 0 1 -1.24769e-4 0 1 1.14297e-4 0 1 -7.40571e-5 0 1 -1.39398e-5 0 1 1.39411e-5 0 1 7.40492e-5 0 1 -1.14285e-4 0 1 -2.10784e-4 0 1 -2.10774e-4 0 1 -2.10795e-4 0 1 -1.70392e-4 0 1 4.68466e-5 0 1 -1.7014e-4 0 1 -1.70133e-4 0 1 -1.70146e-4 0 1 -2.33218e-6 0 1 1.4961e-4 0 1 -1.27973e-4 0 1 2.02956e-6 0 1 6.07632e-5 0 1 -0.9914447 0.1305281 0 -0.9914448 0.1305268 0 -0.991443 -0.1305407 0 -0.9238939 -0.3826487 0 -0.9238923 -0.3826529 0 -0.7933288 -0.6087935 0 -0.7933312 -0.6087905 0 -0.6087905 -0.7933312 0 -0.6087965 -0.7933264 0 -0.3826547 -0.9238916 0 -0.3826512 -0.9238929 0 -0.1305389 -0.9914432 0 -0.1305376 -0.9914434 0 0.1305257 -0.991445 0 0.1305251 -0.9914451 0 0.3826891 -0.9238772 0 0.3826873 -0.9238779 0 0.6087434 -0.7933673 0 0.6087519 -0.7933608 0 0.7933758 -0.6087322 0 0.7933782 -0.6087291 0 0.9238905 -0.3826571 0 0.9238923 -0.3826529 0 0.9914436 -0.1305359 0 0.991443 -0.1305407 0 0.9914447 0.1305281 0 0.9914455 0.130522 0 0.9238779 0.3826873 0 0.9238748 0.382695 0 0.7934142 0.608682 0 0.7934083 0.6086899 0 0.6086844 0.7934125 0 0.608682 0.7934142 0 0.3826916 0.9238763 0 0.3826891 0.9238772 0 0.1305251 0.9914451 0 0.1305257 0.991445 0 -0.1305376 0.9914434 0 -0.1305389 0.9914432 0 -0.3826553 0.9238912 0 -0.3826547 0.9238916 0 -0.6087291 0.7933782 0 -0.7933673 0.6087434 0 -0.7933612 0.6087511 0 -0.9238779 0.3826873 0 -0.9238783 0.3826866 0 -0.991443 0.1305407 0 -0.9914447 -0.1305281 0 -0.9914448 -0.1305268 0 -0.9238798 -0.3826832 0 -0.9238765 -0.3826908 0 -0.7933649 -0.6087465 0 -0.7933636 -0.6087481 0 -0.6087291 -0.7933782 0 -0.3826588 -0.9238898 0 0.3826932 -0.9238756 0 0.608682 -0.7934142 0 0.6086844 -0.7934125 0 0.7934119 -0.6086851 0 0.7934107 -0.6086868 0 0.9238763 -0.3826916 0 0.9238765 -0.3826908 0 0.9914453 -0.1305233 0 0.9914448 -0.1305268 0 0.991443 0.1305407 0 0.9914436 0.1305359 0 0.9238923 0.3826529 0 0.9238905 0.3826571 0 0.7933782 0.6087291 0 0.7933758 0.6087322 0 0.6087458 0.7933654 0 0.6087495 0.7933625 0 0.3826873 0.9238779 0 -0.3826512 0.9238929 0 -0.6087905 0.7933312 0 -0.6087965 0.7933264 0 -0.7933312 0.6087905 0 -0.7933288 0.6087935 0 -0.9238923 0.3826529 0 -0.9238939 0.3826487 0 -0.9914453 0.1305233 0 -0.9914436 -0.1305359 0 -0.9238905 -0.3826571 0 -0.7933782 -0.6087291 0 -0.7933758 -0.6087322 0 -0.6087458 -0.7933654 0 -0.6087495 -0.7933625 0 -0.3826873 -0.9238779 0 -0.3826891 -0.9238772 0 -0.1305251 -0.9914451 0 -0.1305257 -0.991445 0 0.1305376 -0.9914434 0 0.1305389 -0.9914432 0 0.3826512 -0.9238929 0 0.3826547 -0.9238916 0 0.6087905 -0.7933312 0 0.6087965 -0.7933264 0 0.7933312 -0.6087905 0 0.7933288 -0.6087935 0 0.9238939 -0.3826487 0 0.9914448 0.1305268 0 0.9238798 0.3826832 0 0.9238765 0.3826908 0 0.7933649 0.6087465 0 0.7933636 0.6087481 0 0.6087291 0.7933782 0 0.3826588 0.9238898 0 0.3826512 0.9238929 0 0.1305389 0.9914432 0 0.1305376 0.9914434 0 -0.1305257 0.991445 0 -0.1305251 0.9914451 0 -0.3826932 0.9238756 0 -0.3826873 0.9238779 0 -0.608682 0.7934142 0 -0.6086844 0.7934125 0 -0.7934119 0.6086851 0 -0.7934107 0.6086868 0 -0.9238763 0.3826916 0 -0.9238765 0.3826908 0 -0.9914436 0.1305359 0 -0.9914455 -0.130522 0 -0.9238779 -0.3826873 0 -0.9238748 -0.382695 0 -0.7934142 -0.608682 0 -0.7934083 -0.6086899 0 -0.6086844 -0.7934125 0 -0.608682 -0.7934142 0 -0.3826916 -0.9238763 0 0.3826553 -0.9238912 0 0.6087291 -0.7933782 0 0.7933673 -0.6087434 0 0.7933612 -0.6087511 0 0.9238779 -0.3826873 0 0.9238783 -0.3826866 0 0.9914447 -0.1305281 0 0.9238939 0.3826487 0 0.7933288 0.6087935 0 0.7933312 0.6087905 0 0.6087905 0.7933312 0 0.6087965 0.7933264 0 0.3826547 0.9238916 0 -0.3826891 0.9238772 0 -0.6087434 0.7933673 0 -0.6087519 0.7933608 0 -0.7933758 0.6087322 0 -0.7933782 0.6087291 0 -0.9238905 0.3826571 0 0.9914442 0.1305321 0 0.9914439 0.1305332 0 0.9914441 -0.1305322 0 0.9914442 -0.1305311 0 0.9238902 -0.3826578 0 0.92389 -0.3826583 0 0.7933908 -0.6087126 0 0.7933912 -0.6087123 0 0.6086306 -0.7934538 0 0.3827976 -0.9238324 0 0.1304939 -0.9914491 0 -0.1304939 -0.9914491 0 -0.1304941 -0.9914491 0 -0.3827971 -0.9238324 0 -0.3827976 -0.9238324 0 -0.6086309 -0.7934536 0 -0.7933906 -0.608713 0 -0.7933917 -0.6087116 0 -0.9238902 -0.3826578 0 -0.9238894 -0.3826597 0 -0.9914443 -0.1305305 0 -0.991444 -0.1305328 0 -0.9914439 0.1305338 0 -0.9914442 0.1305316 0 -0.9238905 0.382657 0 -0.9238914 0.382655 0 -0.7933859 0.6087191 0 -0.7933848 0.6087205 0 -0.6086456 0.7934423 0 -0.3827843 0.9238378 0 -0.3827839 0.923838 0 -0.1305018 0.9914482 0 -0.1305016 0.9914482 0 0.1305016 0.9914482 0 0.3827843 0.9238378 0 0.6086453 0.7934424 0 0.7933853 0.6087198 0 0.793385 0.6087201 0 0.9238912 0.3826555 0 0.9238914 0.382655 0 0.9914442 0.1305316 0 0.9914439 0.1305338 0 0.991444 -0.1305328 0 0.9914443 -0.1305305 0 0.9238894 -0.3826597 0 0.7933917 -0.6087116 0 0.7933906 -0.608713 0 0.6086309 -0.7934536 0 0.3827971 -0.9238324 0 0.1304941 -0.9914491 0 -0.6086306 -0.7934538 0 -0.7933912 -0.6087123 0 -0.7933908 -0.6087126 0 -0.92389 -0.3826583 0 -0.9914442 -0.1305311 0 -0.9914441 -0.1305322 0 -0.9914439 0.1305332 0 -0.9914442 0.1305321 0 -0.9238912 0.3826555 0 -0.793385 0.6087201 0 -0.7933853 0.6087198 0 -0.6086453 0.7934424 0 0.1305018 0.9914482 0 0.3827839 0.923838 0 0.6086456 0.7934423 0 0.7933848 0.6087205 0 0.7933859 0.6087191 0 0.9238905 0.382657 0</float_array>
          <technique_common>
            <accessor source="#shape0-mesh-normals-array" count="6639" stride="3">
              <param name="X" type="float"/>
              <param name="Y" type="float"/>
              <param name="Z" type="float"/>
            </accessor>
          </technique_common>
        </source>
        <vertices id="shape0-mesh-vertices">
          <input semantic="POSITION" source="#shape0-mesh-positions"/>
        </vertices>
        <triangles material="Material_001-material" count="5517">
          <input semantic="VERTEX" source="#shape0-mesh-vertices" offset="0"/>
          <input semantic="NORMAL" source="#shape0-mesh-normals" offset="1"/>
          <p>0 0 1 0 2 0 2 0 1 0 3 0 4 1 2 1 3 1 5 2 6 2 7 2 7 0 6 0 8 0 9 3 7 3 8 3 10 4 11 4 12 4 12 4 11 4 13 4 12 5 13 5 14 5 14 5 13 5 15 5 14 6 15 6 16 6 16 6 15 6 17 6 16 7 17 7 18 7 18 7 17 7 19 7 18 8 19 8 20 8 20 8 19 8 21 8 20 9 21 9 22 9 22 10 21 11 23 12 22 13 23 13 24 13 24 14 23 14 25 14 24 15 25 15 26 15 26 16 25 16 27 16 26 17 27 18 28 19 28 20 27 21 29 22 28 23 29 23 30 23 30 23 29 23 31 23 30 24 31 24 32 24 32 25 31 25 33 25 32 26 33 26 34 26 34 26 33 26 35 26 34 27 35 27 36 27 36 28 35 28 37 28 36 29 37 29 38 29 38 30 37 30 39 30 38 31 39 31 40 31 40 31 39 31 41 31 40 32 41 32 42 32 42 33 41 33 43 33 42 34 43 34 44 34 44 34 43 34 45 34 44 35 45 35 46 35 46 36 45 37 47 38 46 39 47 39 48 39 48 40 47 41 49 42 48 43 49 44 50 45 50 46 49 46 51 46 50 47 51 48 52 49 52 50 51 50 53 50 52 51 53 51 54 51 54 51 53 51 55 51 54 52 55 52 56 52 56 52 55 52 57 52 56 53 57 53 10 53 10 53 57 53 11 53 58 54 59 54 60 54 60 55 59 55 61 55 60 56 61 56 62 56 62 57 61 57 63 57 62 58 63 58 64 58 64 59 63 59 65 59 64 60 65 60 66 60 66 61 65 61 67 61 66 62 67 62 68 62 68 63 67 63 69 63 68 64 69 64 70 64 70 65 69 65 71 65 70 66 71 66 72 66 72 67 71 67 73 67 72 68 73 68 74 68 74 69 73 69 75 69 74 70 75 70 76 70 76 71 75 71 77 71 76 72 77 72 78 72 78 73 77 73 79 73 78 74 79 74 80 74 80 75 79 75 81 75 80 76 81 76 82 76 82 77 81 77 83 77 82 78 83 78 84 78 84 79 83 79 85 79 84 80 85 80 86 80 86 80 85 80 87 80 86 81 87 81 88 81 88 81 87 81 89 81 88 82 89 82 90 82 90 83 89 83 91 83 90 84 91 84 92 84 92 85 91 85 93 85 92 86 93 86 94 86 94 87 93 87 95 87 94 88 95 88 96 88 96 89 95 89 97 89 96 90 97 90 98 90 98 91 97 91 99 91 98 92 99 92 100 92 100 93 99 93 101 93 100 94 101 94 102 94 102 95 101 95 103 95 102 96 103 96 104 96 104 97 103 97 105 97 104 98 105 98 58 98 58 98 105 98 59 98 3 99 60 99 4 99 4 100 60 100 62 100 4 101 62 101 64 101 7 102 96 102 3 102 3 103 96 103 98 103 3 104 98 104 100 104 9 99 84 99 7 99 7 105 84 105 86 105 7 106 86 106 88 106 4 107 72 107 9 107 9 108 72 108 74 108 9 109 74 109 76 109 64 110 66 110 4 110 4 111 66 111 68 111 4 112 68 112 70 112 70 99 72 99 4 99 76 99 78 99 9 99 9 113 78 113 80 113 9 114 80 114 82 114 82 99 84 99 9 99 88 99 90 99 7 99 7 115 90 115 92 115 7 116 92 116 94 116 94 117 96 117 7 117 100 99 102 99 3 99 3 118 102 118 104 118 3 119 104 119 58 119 58 120 60 120 3 120 1 121 106 121 3 121 3 121 106 121 107 121 3 121 107 121 7 121 7 121 107 121 5 121 59 122 106 122 61 122 61 122 106 122 108 122 61 122 108 122 63 122 63 122 108 122 65 122 65 122 108 122 67 122 67 122 108 122 69 122 69 122 108 122 71 122 71 122 108 122 73 122 73 122 108 122 109 122 73 122 109 122 75 122 75 122 109 122 77 122 77 122 109 122 79 122 79 122 109 122 81 122 81 122 109 122 83 122 83 122 109 122 85 122 85 122 109 122 107 122 85 122 107 122 87 122 87 122 107 122 89 122 89 122 107 122 91 122 91 122 107 122 93 122 93 122 107 122 95 122 95 122 107 122 97 122 97 122 107 122 106 122 97 122 106 122 99 122 99 122 106 122 101 122 101 122 106 122 103 122 103 122 106 122 105 122 105 122 106 122 59 122 110 3 108 3 0 3 0 3 108 3 1 3 1 3 108 3 106 3 6 99 111 99 8 99 8 123 111 123 110 123 8 124 110 124 2 124 2 99 110 99 0 99 111 1 6 1 109 1 109 1 6 1 5 1 109 1 5 1 107 1 4 121 12 121 2 121 2 125 12 125 14 125 2 126 14 126 16 126 9 121 48 121 4 121 4 127 48 127 50 127 4 128 50 128 52 128 8 121 36 121 9 121 9 129 36 129 38 129 9 130 38 130 40 130 2 121 24 121 8 121 8 131 24 131 26 131 8 132 26 132 28 132 16 121 18 121 2 121 2 133 18 133 20 133 2 134 20 134 22 134 22 135 24 135 2 135 28 136 30 136 8 136 8 137 30 137 32 137 8 138 32 138 34 138 34 121 36 121 8 121 40 139 42 139 9 139 9 140 42 140 44 140 9 141 44 141 46 141 46 121 48 121 9 121 52 142 54 142 4 142 4 143 54 143 56 143 4 144 56 144 10 144 10 121 12 121 4 121 11 145 108 145 13 145 13 145 108 145 110 145 13 145 110 145 15 145 15 145 110 145 17 145 17 145 110 145 19 145 19 146 110 146 21 146 21 145 110 145 23 145 23 147 110 147 25 147 25 145 110 145 111 145 25 148 111 148 27 148 27 145 111 145 29 145 29 149 111 149 31 149 31 145 111 145 33 145 33 145 111 145 35 145 35 145 111 145 37 145 37 145 111 145 109 145 37 145 109 145 39 145 39 145 109 145 41 145 41 145 109 145 43 145 43 145 109 145 45 145 45 145 109 145 47 145 47 150 109 150 49 150 49 145 109 145 108 145 49 151 108 151 51 151 51 145 108 145 53 145 53 145 108 145 55 145 55 145 108 145 57 145 57 145 108 145 11 145 112 152 113 152 114 152 114 152 113 152 115 152 116 121 114 121 115 121 117 153 118 153 119 153 119 152 118 152 120 152 121 145 119 145 120 145 122 154 123 154 124 154 124 155 123 155 125 155 124 156 125 156 126 156 126 157 125 157 127 157 126 158 127 158 128 158 128 159 127 159 129 159 128 160 129 160 130 160 130 160 129 160 131 160 130 161 131 161 132 161 132 162 131 162 133 162 132 163 133 163 134 163 134 163 133 163 135 163 134 164 135 165 136 166 136 167 135 167 137 167 136 168 137 168 138 168 138 169 137 170 139 171 138 172 139 172 140 172 140 172 139 172 141 172 140 173 141 173 142 173 142 174 141 174 143 174 142 175 143 175 144 175 144 176 143 176 145 176 144 177 145 177 146 177 146 178 145 178 147 178 146 179 147 179 148 179 148 180 147 180 149 180 148 181 149 181 150 181 150 182 149 182 151 182 150 183 151 183 152 183 152 184 151 184 153 184 152 185 153 185 154 185 154 186 153 186 155 186 154 187 155 187 156 187 156 187 155 187 157 187 156 188 157 188 158 188 158 188 157 188 159 188 158 189 159 190 160 191 160 192 159 192 161 192 160 193 161 193 162 193 162 194 161 195 163 196 162 197 163 198 164 199 164 200 163 201 165 202 164 203 165 203 166 203 166 203 165 203 167 203 166 204 167 204 168 204 168 205 167 205 169 205 168 206 169 206 122 206 122 207 169 207 123 207 170 208 171 208 172 208 172 208 171 208 173 208 172 209 173 209 174 209 174 209 173 209 175 209 174 71 175 71 176 71 176 71 175 71 177 71 176 210 177 210 178 210 178 211 177 211 179 211 178 212 179 212 180 212 180 212 179 212 181 212 180 213 181 213 182 213 182 214 181 214 183 214 182 215 183 215 184 215 184 216 183 216 185 216 184 80 185 80 186 80 186 217 185 217 187 217 186 218 187 218 188 218 188 81 187 81 189 81 188 219 189 219 190 219 190 219 189 219 191 219 190 220 191 220 192 220 192 221 191 221 193 221 192 222 193 222 194 222 194 222 193 222 195 222 194 223 195 223 196 223 196 224 195 224 197 224 196 225 197 225 198 225 198 226 197 226 199 226 198 227 199 227 200 227 200 93 199 93 201 93 200 95 201 95 202 95 202 228 201 228 203 228 202 229 203 229 204 229 204 229 203 229 205 229 204 98 205 98 206 98 206 230 205 230 207 230 206 231 207 231 208 231 208 54 207 54 209 54 208 232 209 232 210 232 210 233 209 233 211 233 210 234 211 234 212 234 212 235 211 235 213 235 212 236 213 236 214 236 214 236 213 236 215 236 214 237 215 237 216 237 216 237 215 237 217 237 216 64 217 64 170 64 170 65 217 65 171 65 115 99 172 99 116 99 116 238 172 238 174 238 116 99 174 99 176 99 119 99 208 99 115 99 115 239 208 239 210 239 115 240 210 240 212 240 121 99 196 99 119 99 119 99 196 99 198 99 119 241 198 241 200 241 116 99 184 99 121 99 121 242 184 242 186 242 121 243 186 243 188 243 176 99 178 99 116 99 116 244 178 244 180 244 116 245 180 245 182 245 182 99 184 99 116 99 188 99 190 99 121 99 121 246 190 246 192 246 121 99 192 99 194 99 194 99 196 99 121 99 200 99 202 99 119 99 119 247 202 247 204 247 119 248 204 248 206 248 206 99 208 99 119 99 212 249 214 249 115 249 115 250 214 250 216 250 115 251 216 251 170 251 170 99 172 99 115 99 113 3 218 3 115 3 115 3 218 3 219 3 115 252 219 252 119 252 119 3 219 3 117 3 171 253 218 253 173 253 173 122 218 122 220 122 173 254 220 254 175 254 175 122 220 122 177 122 177 122 220 122 179 122 179 122 220 122 181 122 181 122 220 122 183 122 183 122 220 122 185 122 185 122 220 122 221 122 185 122 221 122 187 122 187 122 221 122 189 122 189 122 221 122 191 122 191 122 221 122 193 122 193 122 221 122 195 122 195 255 221 255 197 255 197 122 221 122 219 122 197 256 219 256 199 256 199 122 219 122 201 122 201 122 219 122 203 122 203 122 219 122 205 122 205 122 219 122 207 122 207 122 219 122 209 122 209 122 219 122 218 122 209 122 218 122 211 122 211 122 218 122 213 122 213 122 218 122 215 122 215 122 218 122 217 122 217 122 218 122 171 122 222 145 220 145 112 145 112 257 220 257 113 257 113 145 220 145 218 145 118 99 223 99 120 99 120 99 223 99 222 99 120 99 222 99 114 99 114 99 222 99 112 99 223 121 118 121 221 121 221 121 118 121 117 121 221 121 117 121 219 121 116 3 124 3 114 3 114 258 124 258 126 258 114 259 126 259 128 259 121 260 160 260 116 260 116 261 160 261 162 261 116 262 162 262 164 262 120 3 148 3 121 3 121 263 148 263 150 263 121 264 150 264 152 264 114 265 136 265 120 265 120 266 136 266 138 266 120 267 138 267 140 267 128 3 130 3 114 3 114 268 130 268 132 268 114 269 132 269 134 269 134 270 136 270 114 270 140 3 142 3 120 3 120 271 142 271 144 271 120 272 144 272 146 272 146 3 148 3 120 3 152 3 154 3 121 3 121 273 154 273 156 273 121 274 156 274 158 274 158 3 160 3 121 3 164 3 166 3 116 3 116 275 166 275 168 275 116 276 168 276 122 276 122 3 124 3 116 3 123 1 220 1 125 1 125 1 220 1 222 1 125 1 222 1 127 1 127 1 222 1 129 1 129 277 222 277 131 277 131 278 222 278 133 278 133 1 222 1 135 1 135 1 222 1 137 1 137 279 222 279 223 279 137 1 223 1 139 1 139 1 223 1 141 1 141 280 223 280 143 280 143 1 223 1 145 1 145 1 223 1 147 1 147 1 223 1 149 1 149 1 223 1 221 1 149 1 221 1 151 1 151 1 221 1 153 1 153 1 221 1 155 1 155 281 221 281 157 281 157 1 221 1 159 1 159 1 221 1 161 1 161 282 221 282 220 282 161 1 220 1 163 1 163 1 220 1 165 1 165 283 220 283 167 283 167 284 220 284 169 284 169 1 220 1 123 1 224 285 225 285 226 285 226 285 225 285 227 285 228 3 226 3 227 3 229 286 230 286 231 286 231 285 230 285 232 285 233 1 231 1 232 1 234 287 235 287 236 287 236 287 235 287 237 287 236 288 237 288 238 288 238 288 237 288 239 288 238 26 239 26 240 26 240 26 239 26 241 26 240 24 241 24 242 24 242 24 241 24 243 24 242 289 243 289 244 289 244 289 243 289 245 289 244 290 245 290 246 290 246 18 245 19 247 17 246 16 247 16 248 16 248 15 247 15 249 15 248 14 249 14 250 14 250 13 249 13 251 13 250 12 251 10 252 11 252 291 251 292 253 293 252 294 253 294 254 294 254 294 253 294 255 294 254 7 255 7 256 7 256 295 255 295 257 295 256 6 257 6 258 6 258 6 257 6 259 6 258 296 259 296 260 296 260 297 259 297 261 297 260 298 261 298 262 298 262 299 261 299 263 299 262 53 263 53 264 53 264 53 263 53 265 53 264 300 265 300 266 300 266 52 265 52 267 52 266 301 267 301 268 301 268 301 267 301 269 301 268 50 269 50 270 50 270 48 269 49 271 47 270 46 271 46 272 46 272 44 271 45 273 43 272 42 273 40 274 41 274 39 273 39 275 39 274 38 275 36 276 37 276 35 275 35 277 35 276 302 277 302 278 302 278 302 277 302 279 302 278 33 279 33 280 33 280 33 279 33 281 33 280 31 281 31 234 31 234 31 281 31 235 31 282 303 283 303 284 303 284 304 283 304 285 304 284 305 285 305 286 305 286 306 285 306 287 306 286 307 287 307 288 307 288 81 287 81 289 81 288 308 289 308 290 308 290 309 289 309 291 309 290 310 291 310 292 310 292 311 291 311 293 311 292 86 293 86 294 86 294 222 293 222 295 222 294 312 295 312 296 312 296 313 295 313 297 313 296 314 297 314 298 314 298 315 297 315 299 315 298 227 299 227 300 227 300 93 299 93 301 93 300 316 301 316 302 316 302 317 301 317 303 317 302 318 303 318 304 318 304 319 303 319 305 319 304 98 305 98 306 98 306 320 305 320 307 320 306 321 307 321 308 321 308 322 307 322 309 322 308 323 309 323 310 323 310 323 309 323 311 323 310 59 311 59 312 59 312 59 311 59 313 59 312 324 313 324 314 324 314 325 313 325 315 325 314 326 315 326 316 326 316 327 315 327 317 327 316 64 317 64 318 64 318 328 317 328 319 328 318 329 319 329 320 329 320 208 319 208 321 208 320 330 321 330 322 330 322 331 321 331 323 331 322 332 323 332 324 332 324 71 323 71 325 71 324 333 325 333 326 333 326 334 325 334 327 334 326 335 327 335 328 335 328 336 327 336 329 336 328 76 329 76 282 76 282 76 329 76 283 76 227 99 284 99 228 99 228 337 284 337 286 337 228 338 286 338 288 338 231 339 320 339 227 339 227 340 320 340 322 340 227 341 322 341 324 341 233 99 308 99 231 99 231 342 308 342 310 342 231 343 310 343 312 343 228 124 296 124 233 124 233 344 296 344 298 344 233 345 298 345 300 345 288 346 290 346 228 346 228 347 290 347 292 347 228 348 292 348 294 348 294 99 296 99 228 99 300 99 302 99 233 99 233 349 302 349 304 349 233 350 304 350 306 350 306 99 308 99 233 99 312 99 314 99 231 99 231 351 314 351 316 351 231 352 316 352 318 352 318 353 320 353 231 353 324 99 326 99 227 99 227 354 326 354 328 354 227 355 328 355 282 355 282 356 284 356 227 356 225 145 330 145 227 145 227 145 330 145 331 145 227 145 331 145 231 145 231 145 331 145 229 145 283 122 330 122 285 122 285 122 330 122 332 122 285 122 332 122 287 122 287 122 332 122 289 122 289 122 332 122 291 122 291 122 332 122 293 122 293 122 332 122 295 122 295 122 332 122 297 122 297 122 332 122 333 122 297 122 333 122 299 122 299 122 333 122 301 122 301 122 333 122 303 122 303 122 333 122 305 122 305 122 333 122 307 122 307 122 333 122 309 122 309 122 333 122 331 122 309 122 331 122 311 122 311 122 331 122 313 122 313 122 331 122 315 122 315 122 331 122 317 122 317 122 331 122 319 122 319 122 331 122 321 122 321 122 331 122 330 122 321 122 330 122 323 122 323 122 330 122 325 122 325 122 330 122 327 122 327 122 330 122 329 122 329 122 330 122 283 122 334 1 332 1 224 1 224 1 332 1 225 1 225 1 332 1 330 1 230 99 335 99 232 99 232 357 335 357 334 357 232 107 334 107 226 107 226 99 334 99 224 99 335 3 230 3 333 3 333 3 230 3 229 3 333 3 229 3 331 3 228 145 236 145 226 145 226 358 236 358 238 358 226 359 238 359 240 359 233 145 272 145 228 145 228 360 272 360 274 360 228 361 274 361 276 361 232 145 260 145 233 145 233 362 260 362 262 362 233 363 262 363 264 363 226 145 248 145 232 145 232 364 248 364 250 364 232 365 250 365 252 365 240 145 242 145 226 145 226 366 242 366 244 366 226 367 244 367 246 367 246 368 248 368 226 368 252 369 254 369 232 369 232 370 254 370 256 370 232 371 256 371 258 371 258 145 260 145 232 145 264 372 266 372 233 372 233 373 266 373 268 373 233 374 268 374 270 374 270 145 272 145 233 145 276 375 278 375 228 375 228 376 278 376 280 376 228 377 280 377 234 377 234 145 236 145 228 145 235 121 332 121 237 121 237 121 332 121 334 121 237 121 334 121 239 121 239 121 334 121 241 121 241 121 334 121 243 121 243 378 334 378 245 378 245 121 334 121 247 121 247 379 334 379 249 379 249 121 334 121 335 121 249 380 335 380 251 380 251 121 335 121 253 121 253 381 335 381 255 381 255 121 335 121 257 121 257 121 335 121 259 121 259 121 335 121 261 121 261 121 335 121 333 121 261 121 333 121 263 121 263 121 333 121 265 121 265 121 333 121 267 121 267 121 333 121 269 121 269 121 333 121 271 121 271 382 333 382 273 382 273 121 333 121 332 121 273 383 332 383 275 383 275 121 332 121 277 121 277 121 332 121 279 121 279 121 332 121 281 121 281 121 332 121 235 121 336 384 337 384 338 384 338 384 337 384 339 384 340 145 338 145 339 145 341 385 342 385 343 385 343 384 342 384 344 384 345 121 343 121 344 121 346 386 347 386 348 386 348 387 347 387 349 387 348 388 349 388 350 388 350 389 349 389 351 389 350 178 351 178 352 178 352 177 351 177 353 177 352 176 353 176 354 176 354 176 353 176 355 176 354 390 355 390 356 390 356 391 355 391 357 391 356 172 357 172 358 172 358 172 357 172 359 172 358 171 359 169 360 170 360 168 359 168 361 168 360 167 361 167 362 167 362 165 361 166 363 164 362 163 363 163 364 163 364 163 363 163 365 163 364 392 365 392 366 392 366 393 365 393 367 393 366 394 367 394 368 394 368 160 367 160 369 160 368 159 369 159 370 159 370 158 369 158 371 158 370 395 371 395 372 395 372 396 371 396 373 396 372 397 373 397 374 397 374 398 373 398 375 398 374 207 375 207 376 207 376 206 375 206 377 206 376 399 377 399 378 399 378 204 377 204 379 204 378 400 379 400 380 400 380 400 379 400 381 400 380 401 381 401 382 401 382 401 381 401 383 401 382 196 383 194 384 195 384 193 383 193 385 193 384 192 385 192 386 192 386 190 385 191 387 189 386 402 387 403 388 404 388 405 387 406 389 407 388 408 389 408 390 408 390 408 389 408 391 408 390 186 391 186 392 186 392 409 391 409 393 409 392 184 393 184 346 184 346 183 393 183 347 183 394 89 395 89 396 89 396 89 395 89 397 89 396 410 397 410 398 410 398 410 397 410 399 410 398 93 399 93 400 93 400 93 399 93 401 93 400 411 401 411 402 411 402 412 401 412 403 412 402 413 403 413 404 413 404 413 403 413 405 413 404 414 405 414 406 414 406 415 405 415 407 415 406 416 407 416 408 416 408 417 407 417 409 417 408 323 409 323 410 323 410 418 409 418 411 418 410 419 411 419 412 419 412 59 411 59 413 59 412 420 413 420 414 420 414 420 413 420 415 420 414 421 415 421 416 421 416 422 415 422 417 422 416 65 417 65 418 65 418 65 417 65 419 65 418 423 419 423 420 423 420 424 419 424 421 424 420 425 421 425 422 425 422 426 421 426 423 426 422 70 423 70 424 70 424 71 423 71 425 71 424 334 425 334 426 334 426 427 425 427 427 427 426 428 427 428 428 428 428 428 427 428 429 428 428 76 429 76 430 76 430 429 429 429 431 429 430 430 431 430 432 430 432 303 431 303 433 303 432 431 433 431 434 431 434 432 433 432 435 432 434 433 435 433 436 433 436 434 435 434 437 434 436 435 437 435 438 435 438 435 437 435 439 435 438 436 439 436 440 436 440 436 439 436 441 436 440 86 441 86 394 86 394 222 441 222 395 222 339 99 396 99 340 99 340 437 396 437 398 437 340 99 398 99 400 99 343 99 432 99 339 99 339 438 432 438 434 438 339 439 434 439 436 439 345 99 420 99 343 99 343 99 420 99 422 99 343 440 422 440 424 440 340 99 408 99 345 99 345 441 408 441 410 441 345 245 410 245 412 245 400 99 402 99 340 99 340 442 402 442 404 442 340 243 404 243 406 243 406 99 408 99 340 99 412 99 414 99 345 99 345 443 414 443 416 443 345 99 416 99 418 99 418 99 420 99 345 99 424 99 426 99 343 99 343 444 426 444 428 444 343 445 428 445 430 445 430 99 432 99 343 99 436 446 438 446 339 446 339 447 438 447 440 447 339 448 440 448 394 448 394 99 396 99 339 99 337 1 442 1 339 1 339 1 442 1 443 1 339 449 443 449 343 449 343 1 443 1 341 1 395 450 442 450 397 450 397 122 442 122 444 122 397 451 444 451 399 451 399 122 444 122 401 122 401 122 444 122 403 122 403 122 444 122 405 122 405 122 444 122 407 122 407 122 444 122 409 122 409 122 444 122 445 122 409 122 445 122 411 122 411 122 445 122 413 122 413 122 445 122 415 122 415 122 445 122 417 122 417 122 445 122 419 122 419 452 445 452 421 452 421 122 445 122 443 122 421 453 443 453 423 453 423 122 443 122 425 122 425 122 443 122 427 122 427 122 443 122 429 122 429 122 443 122 431 122 431 122 443 122 433 122 433 122 443 122 442 122 433 122 442 122 435 122 435 122 442 122 437 122 437 122 442 122 439 122 439 122 442 122 441 122 441 122 442 122 395 122 446 121 444 121 336 121 336 454 444 454 337 454 337 121 444 121 442 121 342 99 447 99 344 99 344 99 447 99 446 99 344 99 446 99 338 99 338 99 446 99 336 99 447 145 342 145 445 145 445 145 342 145 341 145 445 145 341 145 443 145 340 1 348 1 338 1 338 455 348 455 350 455 338 456 350 456 352 456 345 457 384 457 340 457 340 458 384 458 386 458 340 459 386 459 388 459 344 1 372 1 345 1 345 460 372 460 374 460 345 461 374 461 376 461 338 462 360 462 344 462 344 463 360 463 362 463 344 464 362 464 364 464 352 1 354 1 338 1 338 465 354 465 356 465 338 466 356 466 358 466 358 467 360 467 338 467 364 1 366 1 344 1 344 468 366 468 368 468 344 469 368 469 370 469 370 1 372 1 344 1 376 1 378 1 345 1 345 470 378 470 380 470 345 471 380 471 382 471 382 1 384 1 345 1 388 1 390 1 340 1 340 472 390 472 392 472 340 473 392 473 346 473 346 1 348 1 340 1 347 3 444 3 349 3 349 3 444 3 446 3 349 3 446 3 351 3 351 3 446 3 353 3 353 474 446 474 355 474 355 475 446 475 357 475 357 3 446 3 359 3 359 3 446 3 361 3 361 476 446 476 447 476 361 3 447 3 363 3 363 3 447 3 365 3 365 477 447 477 367 477 367 3 447 3 369 3 369 3 447 3 371 3 371 3 447 3 373 3 373 3 447 3 445 3 373 3 445 3 375 3 375 3 445 3 377 3 377 3 445 3 379 3 379 478 445 478 381 478 381 3 445 3 383 3 383 3 445 3 385 3 385 479 445 479 444 479 385 3 444 3 387 3 387 3 444 3 389 3 389 480 444 480 391 480 391 481 444 481 393 481 393 3 444 3 347 3 448 482 449 482 450 482 450 483 449 483 451 483 450 122 451 122 452 122 452 122 451 122 453 122 453 484 451 484 454 484 453 122 454 122 455 122 455 485 454 485 456 485 455 122 456 122 457 122 457 486 456 486 458 486 457 487 458 487 459 487 459 488 458 488 460 488 459 122 460 122 461 122 461 489 460 489 462 489 461 122 462 122 463 122 463 122 462 122 464 122 463 122 464 122 465 122 465 122 464 122 466 122 466 490 464 490 467 490 466 122 467 122 468 122 468 491 467 491 469 491 468 492 469 492 470 492 471 122 472 122 448 122 448 493 472 493 473 493 448 494 473 494 474 494 475 122 476 122 471 122 471 495 476 495 477 495 471 496 477 496 478 496 475 122 479 122 476 122 476 122 479 122 480 122 480 497 479 497 481 497 480 498 481 498 482 498 482 499 481 499 483 499 482 500 483 500 484 500 484 501 485 501 482 501 482 502 486 502 480 502 480 122 486 122 487 122 487 503 486 503 488 503 488 504 486 504 489 504 489 505 486 506 490 507 490 122 486 122 491 122 478 122 472 122 471 122 474 508 449 508 448 508 470 509 492 510 468 511 468 122 492 122 493 122 468 122 494 122 466 122 466 512 494 512 495 512 495 504 494 504 496 504 496 505 494 506 497 507 497 122 494 122 498 122 452 513 499 513 450 513 450 122 499 122 500 122 500 514 499 514 501 514 500 122 501 122 502 122 502 122 501 122 503 122 503 122 501 122 504 122 504 515 501 515 505 515 504 122 505 122 506 122 506 122 505 122 507 122 507 122 505 122 508 122 508 122 505 122 509 122 510 99 511 99 512 99 512 516 511 516 513 516 512 517 513 517 514 517 515 518 516 518 510 518 510 519 516 519 517 519 510 520 517 520 518 520 519 99 520 99 515 99 515 521 520 521 521 521 515 522 521 522 522 522 522 99 521 99 523 99 522 99 523 99 524 99 524 523 523 523 525 523 524 524 525 524 526 524 526 525 525 525 527 525 526 526 527 526 528 526 528 527 527 527 529 527 528 99 529 99 530 99 530 528 529 528 531 528 530 529 531 529 532 529 532 530 531 530 533 530 532 99 533 99 534 99 520 99 519 99 535 99 535 531 519 531 536 531 535 532 536 532 537 532 537 99 538 99 535 99 535 533 538 533 539 533 539 534 538 534 540 534 539 535 540 535 541 535 541 99 542 99 539 99 539 536 542 536 543 536 544 99 545 99 534 99 534 537 545 537 546 537 534 538 546 538 547 538 545 99 544 99 548 99 548 539 544 539 549 539 548 540 549 540 550 540 550 541 551 542 548 543 548 99 551 99 552 99 553 99 554 99 545 99 545 544 554 544 555 544 545 540 555 540 556 540 556 545 546 545 545 545 547 99 532 99 534 99 522 546 516 546 515 546 518 547 511 547 510 547 514 99 557 99 512 99 512 99 557 99 558 99 558 99 557 99 559 99 559 99 557 99 560 99 559 99 560 99 561 99 561 99 560 99 562 99 561 548 562 548 563 548 563 99 562 99 564 99 564 549 562 549 565 549 562 550 560 550 566 550 566 551 560 551 567 551 566 552 567 552 568 552 568 553 569 553 566 553 566 544 569 544 570 544 566 99 570 99 571 99 572 99 573 99 574 99 574 554 573 554 575 554 574 99 575 99 576 99 576 99 575 99 577 99 577 555 575 555 578 555 577 99 578 99 579 99 579 556 578 556 580 556 579 99 580 99 581 99 581 557 580 557 582 557 581 99 582 99 583 99 583 99 582 99 584 99 583 99 584 99 585 99 586 122 587 122 588 122 588 558 587 558 589 558 588 559 589 559 590 559 586 122 591 122 587 122 588 560 590 560 592 560 592 561 590 561 593 561 592 562 593 562 594 562 594 563 593 563 595 563 594 564 595 564 596 564 596 122 595 122 597 122 596 122 597 122 598 122 598 565 597 565 599 565 600 122 601 122 602 122 602 122 601 122 603 122 602 122 603 122 604 122 604 122 603 122 605 122 605 566 603 566 606 566 605 122 606 122 607 122 607 567 606 567 608 567 607 122 608 122 609 122 609 568 608 568 610 568 609 569 610 569 611 569 611 570 610 570 612 570 611 122 612 122 613 122 614 99 615 99 616 99 616 571 615 571 617 571 617 572 615 572 618 572 617 573 618 573 619 573 617 574 619 574 620 574 620 99 619 99 621 99 620 99 621 99 622 99 622 575 621 575 623 575 622 99 623 99 624 99 624 576 623 576 625 576 624 99 625 99 626 99 626 99 625 99 627 99 628 577 629 577 630 577 630 578 629 578 631 578 630 579 631 579 632 579 632 580 631 580 633 580 632 581 633 581 634 581 634 582 633 582 635 582 634 583 635 583 636 583 636 584 635 585 637 584 636 586 637 587 638 588 638 589 637 589 639 589 638 590 639 591 640 592 640 593 639 594 641 595 640 596 641 597 642 598 642 599 641 599 643 599 642 600 643 600 644 600 644 601 643 601 645 601 644 602 645 602 646 602 646 603 645 603 647 603 646 604 647 604 648 604 648 605 647 605 649 605 650 606 651 606 652 606 652 606 651 606 653 606 652 607 653 607 654 607 654 608 653 608 655 608 654 609 655 609 656 609 656 609 655 609 657 609 656 610 657 611 658 612 658 613 657 614 659 615 658 616 659 617 660 618 660 619 659 620 661 621 660 622 661 623 662 624 662 625 661 626 663 627 662 628 663 629 664 630 664 631 663 632 665 633 664 634 665 635 666 636 666 637 665 638 667 639 668 640 669 641 670 642 670 643 669 644 671 645 670 646 671 646 672 646 672 647 671 647 673 647 672 648 673 648 674 648 674 648 673 648 675 648 674 649 675 650 676 651 676 652 675 653 677 654 676 655 677 656 678 657 678 658 677 659 679 660 678 661 679 662 680 663 680 664 679 665 681 666 680 667 681 668 682 669 682 670 681 671 683 672 682 673 683 674 684 675 684 676 683 677 685 678 505 679 539 680 509 681 509 682 539 682 543 682 509 683 543 683 542 683 509 683 542 683 508 683 508 684 542 684 541 684 508 685 541 685 507 685 507 686 541 686 540 686 507 686 540 686 506 686 506 687 540 687 538 687 506 688 538 688 504 688 504 689 538 689 537 689 504 690 537 690 503 690 503 691 537 692 536 693 503 694 536 695 502 696 502 697 536 697 500 697 500 697 536 697 519 697 686 698 687 698 688 698 688 698 687 698 689 698 690 698 691 698 692 698 692 698 691 698 693 698 691 122 694 122 693 122 693 699 694 699 695 699 693 122 695 122 696 122 686 700 697 700 691 700 691 701 697 701 698 701 691 702 698 702 694 702 688 122 699 122 686 122 686 703 699 703 700 703 686 704 700 704 701 704 702 122 703 122 688 122 688 705 703 705 704 705 688 706 704 706 705 706 706 122 707 122 702 122 702 122 707 122 708 122 702 707 708 707 703 707 707 122 709 122 708 122 708 122 709 122 710 122 710 708 709 708 711 708 710 122 711 122 712 122 712 122 711 122 713 122 712 709 713 709 714 709 714 122 713 122 715 122 715 122 713 122 716 122 716 122 713 122 717 122 716 122 717 122 718 122 718 122 717 122 719 122 719 710 717 710 720 710 720 711 717 711 721 711 720 712 721 712 722 712 722 713 721 713 723 713 723 122 721 122 724 122 723 122 724 122 725 122 725 122 724 122 726 122 726 714 724 714 727 714 727 122 724 122 728 122 727 122 728 122 729 122 729 715 728 715 730 715 729 122 730 122 731 122 709 122 732 122 711 122 728 122 733 122 730 122 734 122 735 122 731 122 731 716 735 716 736 716 731 122 736 122 729 122 736 122 735 122 737 122 737 122 735 122 693 122 737 717 693 717 696 717 705 122 699 122 688 122 701 718 697 718 686 718 690 99 738 99 687 99 687 719 738 719 739 719 687 99 739 99 740 99 692 720 741 721 690 99 690 722 741 722 742 722 690 99 742 99 738 99 743 99 744 99 692 99 692 723 744 723 745 723 692 724 745 724 746 724 747 99 748 99 743 99 743 99 748 99 749 99 743 725 749 725 744 725 748 99 750 99 749 99 749 99 750 99 751 99 751 726 750 726 752 726 751 99 752 99 753 99 753 99 752 99 754 99 753 99 754 99 755 99 755 99 754 99 756 99 756 99 754 99 757 99 757 727 754 99 758 728 757 99 758 99 759 99 759 99 758 99 760 99 760 99 758 99 761 99 760 729 761 729 762 729 762 99 761 99 763 99 763 99 761 99 764 99 764 730 761 99 765 731 764 99 765 99 766 99 766 732 765 732 767 732 767 99 765 99 768 99 768 99 765 99 769 99 768 99 769 99 770 99 770 733 769 733 771 733 770 99 771 99 772 99 750 99 773 99 752 99 769 99 774 99 771 99 775 99 776 99 772 99 772 99 776 99 777 99 772 99 777 99 770 99 777 99 776 99 778 99 778 99 776 99 689 99 778 99 689 99 779 99 779 99 689 99 780 99 780 99 689 99 781 99 781 734 689 99 687 735 781 99 687 99 740 99 746 99 741 99 692 99 782 736 783 736 784 736 784 736 783 736 785 736 785 736 783 736 786 736 787 737 788 737 789 737 789 737 788 737 790 737 790 737 788 737 791 737 791 1 782 1 790 1 790 738 782 738 784 738 790 739 784 739 792 739 792 740 784 740 793 740 792 1 793 1 794 1 794 741 793 741 795 741 794 742 795 743 796 744 796 745 795 745 797 745 796 1 797 1 798 1 798 746 797 746 799 746 798 1 799 1 800 1 800 1 799 1 801 1 800 1 801 1 802 1 802 747 801 748 803 749 799 1 804 1 801 1 801 750 804 750 805 750 805 751 804 751 806 751 805 1 806 1 807 1 786 752 787 752 785 752 785 753 787 753 789 753 785 3 789 3 808 3 808 754 789 754 809 754 808 3 809 3 810 3 810 755 809 755 811 755 810 3 811 3 812 3 812 756 811 756 813 756 812 757 813 757 814 757 814 758 813 758 815 758 814 3 815 3 816 3 816 3 815 3 817 3 816 3 817 3 818 3 818 3 817 3 819 3 815 759 820 759 817 759 817 760 820 760 821 760 821 761 820 761 822 761 821 3 822 3 823 3 821 122 801 122 817 122 817 122 801 122 805 122 789 640 790 641 809 642 809 643 790 644 792 645 809 646 792 646 811 646 811 647 792 647 794 647 811 762 794 762 813 762 813 648 794 648 796 648 813 649 796 650 815 651 815 763 796 764 798 765 815 655 798 656 820 657 820 658 798 659 800 660 820 661 800 662 822 663 822 664 800 665 802 666 822 766 802 767 823 768 823 670 802 671 803 672 823 769 803 770 821 771 821 676 803 677 801 678 784 606 785 606 793 606 793 606 785 606 808 606 793 607 808 607 795 607 795 608 808 608 810 608 795 609 810 609 797 609 797 772 810 772 812 772 797 610 812 611 799 612 799 613 812 614 814 615 799 616 814 617 804 618 804 619 814 620 816 621 804 622 816 623 806 624 806 773 816 774 818 775 806 628 818 629 807 630 807 776 818 777 819 778 807 634 819 635 805 636 805 779 819 780 817 781 732 1 774 1 711 1 711 1 774 1 769 1 711 145 769 145 713 145 713 145 769 145 765 145 761 698 717 698 765 698 765 698 717 698 713 698 721 698 758 698 724 698 724 698 758 698 754 698 724 145 754 145 728 145 728 145 754 145 752 145 728 3 752 3 733 3 733 3 752 3 773 3 730 782 733 782 824 782 824 783 733 783 773 783 824 784 773 784 750 784 748 785 747 785 825 785 825 786 747 786 734 786 825 787 734 787 731 787 734 3 747 3 735 3 735 3 747 3 743 3 735 121 743 121 693 121 693 121 743 121 692 121 688 121 689 121 702 121 702 121 689 121 776 121 702 1 776 1 706 1 706 1 776 1 775 1 739 788 701 788 740 788 740 788 701 788 700 788 740 789 700 789 781 789 781 790 700 790 699 790 781 791 699 791 780 791 780 792 699 792 705 792 780 793 705 794 779 793 779 795 705 793 704 793 779 796 704 796 778 796 778 796 704 796 703 796 778 797 703 797 777 797 777 797 703 797 708 797 701 145 739 145 697 145 697 145 739 145 738 145 749 798 736 798 744 798 744 798 736 798 737 798 744 799 737 799 745 799 745 799 737 799 696 799 745 800 696 800 746 800 746 800 696 800 695 800 746 801 695 801 741 801 741 802 695 802 694 802 741 803 694 803 742 803 742 804 694 804 698 804 742 805 698 805 738 805 738 805 698 805 697 805 736 3 749 3 729 3 729 3 749 3 751 3 760 806 720 806 759 806 759 807 720 807 722 807 759 808 722 808 757 808 757 809 722 809 723 809 757 810 723 810 756 810 756 811 723 811 725 811 756 812 725 812 755 812 755 813 725 813 726 813 755 814 726 814 753 814 753 815 726 815 727 815 753 816 727 816 751 816 751 817 727 817 729 817 720 121 760 121 719 121 719 121 760 121 762 121 770 818 710 818 768 818 768 819 710 819 712 819 768 820 712 820 767 820 767 821 712 821 714 821 767 822 714 823 766 824 766 825 714 825 715 825 766 826 715 826 764 826 764 826 715 826 716 826 764 827 716 827 763 827 763 828 716 828 718 828 763 829 718 829 762 829 762 830 718 830 719 830 710 1 770 1 708 1 708 1 770 1 777 1 707 831 706 831 826 831 826 832 706 832 775 832 826 831 775 831 772 831 771 833 774 833 827 833 827 834 774 834 732 834 827 833 732 833 709 833 771 835 827 835 828 835 828 836 827 836 829 836 828 837 829 838 830 839 830 840 829 840 831 840 831 841 829 842 832 843 831 844 832 845 833 846 833 847 832 847 834 847 834 848 832 849 835 850 834 851 835 851 836 852 836 853 835 854 837 855 837 856 835 856 788 856 837 857 788 858 787 859 709 860 838 860 827 860 827 861 838 861 829 861 838 862 839 863 829 864 829 865 839 866 840 867 829 868 840 869 832 870 832 871 840 872 841 873 832 874 841 875 842 876 832 877 842 878 835 879 835 880 842 881 843 882 835 883 843 884 844 885 791 886 788 887 844 888 844 889 788 889 835 889 782 890 845 891 783 892 783 893 845 894 846 895 783 896 846 896 847 896 847 897 846 898 848 899 848 900 846 900 849 900 849 901 846 902 850 903 849 904 850 905 851 906 851 907 850 908 852 909 852 910 850 910 853 910 852 911 853 911 854 911 854 912 853 913 855 914 855 915 853 915 826 915 855 916 826 916 772 916 845 917 856 918 846 919 846 920 856 921 857 922 846 923 857 924 850 925 850 926 857 927 858 928 850 929 858 930 859 931 850 932 859 933 853 934 853 935 859 936 860 937 853 938 860 939 861 940 707 941 826 942 861 943 861 944 826 945 853 946 847 947 786 948 783 949 787 950 786 950 837 950 837 951 786 952 862 953 837 954 862 954 863 954 863 955 862 955 864 955 863 956 864 956 865 956 865 957 864 958 866 959 865 960 866 961 867 962 867 963 866 963 868 963 867 964 868 964 831 964 831 965 868 965 830 965 830 966 868 966 869 966 830 967 869 967 828 967 828 968 869 968 771 968 771 969 869 969 870 969 771 970 870 970 871 970 871 971 870 971 872 971 871 972 872 972 873 972 873 973 872 973 874 973 873 974 874 974 875 974 875 975 874 975 876 975 875 976 876 976 877 976 877 977 876 977 878 977 877 955 878 955 879 955 879 978 878 978 786 978 879 979 786 979 880 979 880 980 786 981 881 982 880 983 881 983 882 983 882 984 881 984 883 984 882 985 883 985 884 985 884 986 883 986 885 986 884 987 885 987 886 987 886 988 885 988 887 988 886 989 887 989 888 989 888 990 887 990 889 990 888 991 889 991 855 991 855 992 889 992 890 992 855 993 890 994 854 995 854 996 890 996 891 996 854 997 891 997 852 997 852 998 891 998 892 998 852 999 892 999 851 999 851 1000 892 1001 849 1002 849 1003 892 1003 893 1003 849 1004 893 1004 848 1004 848 1005 893 1006 894 1007 848 1008 894 1008 847 1008 847 1009 894 1009 786 1009 786 1010 894 1011 881 1012 772 1013 771 1013 855 1013 855 1014 771 1014 895 1014 855 1015 895 1015 888 1015 888 1016 895 1016 886 1016 831 1017 833 1018 867 1019 867 1020 833 1021 834 1022 867 1023 834 1023 896 1023 896 1024 834 1024 836 1024 896 1025 836 1025 897 1026 897 1027 836 1028 837 1029 897 1030 837 1031 898 1032 898 1033 837 1034 863 1035 898 1036 863 1037 865 1036 883 1038 881 1038 894 1038 879 1039 880 1040 899 1041 899 1042 880 1042 882 1042 899 1043 882 1043 900 1043 900 1044 882 1044 884 1044 900 963 884 963 901 963 901 1045 884 1045 886 1045 901 972 886 972 895 972 862 1046 786 1046 902 1046 902 1047 786 1048 878 1049 902 1050 878 1050 876 1050 862 1051 902 1052 903 1053 903 1054 902 1055 876 1056 903 1057 876 1057 874 1057 896 1041 897 1039 898 1058 896 1059 898 1059 865 1059 885 1060 883 1060 893 1060 893 1038 883 1038 894 1038 879 1061 899 1062 877 1063 877 1064 899 1064 904 1064 877 1065 904 1066 875 1067 875 1068 904 1068 905 1068 875 1069 905 1070 873 1071 873 1072 905 1072 906 1072 873 1073 906 1073 871 1073 871 1074 906 1074 771 1074 904 962 899 960 900 961 862 1075 903 1075 864 1075 864 1076 903 1077 907 1078 864 985 907 985 866 985 866 1079 907 1079 908 1079 866 1080 908 1080 868 1080 868 1081 908 1081 869 1081 907 1082 903 1082 874 1082 867 1078 896 1076 865 1077 887 1083 885 1083 892 1083 892 1084 885 1085 893 1086 904 1087 900 1087 909 1087 909 973 900 973 901 973 909 972 901 972 910 972 910 1073 901 1073 895 1073 910 1088 895 1088 771 1088 908 987 907 987 872 987 872 1087 907 1087 874 1087 889 1089 887 1089 891 1089 891 1090 887 1090 892 1090 890 1089 889 1089 891 1089 904 1091 909 1091 905 1091 905 1092 909 1093 911 1094 905 1095 911 1095 906 1095 906 1096 911 1096 771 1096 911 1097 909 1097 910 1097 869 1073 908 1073 870 1073 870 1098 908 1098 872 1098 771 1099 911 1099 910 1099 782 1100 791 1101 845 1102 845 1103 791 1104 912 1105 845 1106 912 1107 913 1108 913 1109 912 1110 914 1111 913 1112 914 1112 915 1112 915 1113 914 1113 916 1113 915 1114 916 1114 917 1114 917 1115 916 1115 918 1115 917 1116 918 1116 919 1116 919 1117 918 1117 920 1118 919 1119 920 1120 921 1121 921 1122 920 1123 707 1124 921 1125 707 1125 922 1125 922 1126 707 1126 861 1126 922 1127 861 1127 860 1127 844 1128 923 1129 791 1130 791 1131 923 1131 924 1131 791 1132 924 1133 925 1134 925 1135 924 1135 926 1135 925 1136 926 1136 927 1136 927 1137 926 1137 928 1137 927 1113 928 1113 929 1113 929 1138 928 1138 930 1138 929 1138 930 1138 931 1138 931 1139 930 1140 932 1141 931 1142 932 1142 933 1142 933 1143 932 1144 838 1145 933 1146 838 1147 707 1148 707 1149 838 1149 709 1149 844 1150 843 1151 923 1152 923 1153 843 1153 934 1153 923 1154 934 1154 935 1154 935 1155 934 1155 936 1155 935 1113 936 1113 937 1113 937 1138 936 1138 938 1138 937 1156 938 1157 939 1158 939 1159 938 1159 940 1159 939 1160 940 1161 941 1162 941 1163 940 1164 838 1165 941 1166 838 1167 932 1168 843 1169 842 1170 934 1171 934 1172 842 1173 942 1174 934 1175 942 1175 936 1175 936 1176 942 1177 943 1178 936 1179 943 1180 938 1181 938 1182 943 1183 944 1184 938 1142 944 1142 940 1142 940 1185 944 1186 838 1187 842 1188 841 1188 942 1188 942 1189 841 1190 840 1191 942 1192 840 1193 945 1194 945 1195 840 1196 839 1197 945 1198 839 1198 946 1198 946 1199 839 1199 838 1199 946 1200 838 1201 947 1202 947 1203 838 1204 944 1163 947 1161 944 1162 943 1160 922 1205 860 1205 948 1205 948 1206 860 1207 859 1208 948 1209 859 1209 949 1209 949 1210 859 1210 858 1210 949 1211 858 1212 857 1213 949 1214 857 1214 950 1214 950 1215 857 1216 856 1217 950 1218 856 1218 951 1218 951 1219 856 1220 845 1221 951 1222 845 1223 952 1224 952 1225 845 1226 953 1227 952 1228 953 1228 954 1228 954 1154 953 1154 955 1154 954 1155 955 1155 956 1155 956 1175 955 1175 957 1175 956 1229 957 1230 958 1231 958 1232 957 1232 919 1232 958 1233 919 1234 921 1235 926 1236 924 1236 935 1236 935 1228 924 1228 923 1228 925 1237 959 1237 791 1237 791 1238 959 1239 960 1240 791 1241 960 1241 961 1241 961 1242 960 1242 962 1242 961 1136 962 1136 963 1136 963 1243 962 1243 964 1243 963 1114 964 1114 965 1114 965 1115 964 1115 966 1115 965 1138 966 1138 967 1138 967 1244 966 1244 968 1244 967 1245 968 1246 969 1247 969 1248 968 1248 707 1248 969 1249 707 1250 970 1251 970 1252 707 1253 971 1254 970 1255 971 1255 972 1255 972 1244 971 1244 973 1244 972 1256 973 1257 974 1258 974 1259 973 1259 975 1259 974 1260 975 1260 976 1260 976 1261 975 1261 977 1261 976 1262 977 1262 978 1262 978 1263 977 1263 979 1263 978 1264 979 1265 791 1266 791 1267 979 1268 980 1269 791 1270 980 1271 981 1272 981 1263 980 1263 982 1263 981 1273 982 1274 983 1275 983 1276 982 1276 984 1276 983 1277 984 1277 985 1277 985 1116 984 1116 986 1116 985 1115 986 1115 987 1115 987 1182 986 1278 988 1184 987 1279 988 1280 989 1281 989 1282 988 1282 707 1282 989 1283 707 1283 920 1283 925 1284 927 1284 959 1284 959 1273 927 1274 990 1285 959 1135 990 1135 960 1135 960 1273 990 1274 962 1275 961 1286 991 1287 791 1288 791 1241 991 1241 992 1241 791 1289 992 1290 993 1291 993 1263 992 1263 994 1263 993 1292 994 1292 995 1292 995 1293 994 1293 996 1293 995 1294 996 1294 974 1294 974 1295 996 1295 972 1295 961 1296 963 1296 991 1296 991 1273 963 1274 997 1275 991 1297 997 1298 992 1299 992 1300 997 1300 994 1300 978 1301 791 1302 998 1303 998 1304 791 1305 993 1306 998 1307 993 1307 995 1307 976 1308 978 1308 998 1308 976 1309 998 1310 995 1311 912 1312 791 1313 981 1314 980 1109 979 1315 999 1111 999 1316 979 1316 977 1316 999 1317 977 1317 1000 1317 1000 1318 977 1318 975 1318 1000 1319 975 1319 1001 1319 1001 1319 975 1319 973 1319 1001 1117 973 1117 1002 1118 1002 1142 973 1142 971 1142 1002 1320 971 1320 707 1320 914 1136 912 1136 983 1136 983 1242 912 1242 981 1242 913 1321 1003 1322 845 1323 845 1324 1003 1325 1004 1326 845 1327 1004 1328 953 1329 953 1330 1004 1330 955 1330 913 1263 915 1263 1003 1263 1003 1273 915 1274 1005 1331 1003 1242 1005 1242 1004 1242 1004 1332 1005 1332 955 1332 950 1242 951 1242 952 1242 950 1236 952 1236 954 1236 928 1137 926 1137 937 1137 937 1113 926 1113 935 1113 927 1113 929 1113 990 1113 990 1114 929 1114 1006 1114 990 1113 1006 1113 962 1113 962 1277 1006 1277 964 1277 963 1276 965 1276 997 1276 997 1114 965 1114 1007 1114 997 1333 1007 1333 994 1333 994 1293 1007 1293 996 1293 974 1294 976 1294 995 1294 980 1112 999 1112 982 1112 982 1333 999 1333 1008 1333 982 1334 1008 1334 984 1334 984 1335 1008 1336 1009 1337 984 1319 1009 1319 986 1319 986 1338 1009 1338 1010 1338 986 1279 1010 1280 988 1339 988 1340 1010 1341 707 1342 1008 1114 999 1114 1000 1114 916 1343 914 1343 985 1343 985 1344 914 1344 983 1344 957 1243 955 1243 1005 1243 957 1345 1005 1345 917 1345 917 1276 1005 1276 915 1276 949 1113 950 1113 954 1113 949 1346 954 1346 956 1346 930 1181 928 1179 939 1180 939 1319 928 1319 937 1319 929 1115 931 1115 1006 1115 1006 1347 931 1348 1011 1349 1006 1350 1011 1351 964 1352 964 1353 1011 1354 966 1355 965 1356 967 1357 1007 1358 1007 1359 967 1359 1012 1359 1007 1360 1012 1360 996 1360 996 1295 1012 1295 972 1295 1008 1138 1000 1138 1013 1138 1013 1257 1000 1258 1001 1256 1013 1244 1001 1244 1014 1244 1014 1255 1001 1255 1002 1255 1014 1361 1002 1362 707 1363 918 1138 916 1138 987 1138 987 1138 916 1138 985 1138 919 1319 957 1319 917 1319 948 1364 949 1365 956 1366 948 1115 956 1115 958 1115 947 1235 943 1233 945 1234 945 1232 943 1232 942 1232 946 1120 947 1121 945 1119 932 1367 930 1160 941 1161 941 1184 930 1182 939 1183 931 1117 933 1118 1011 1117 1011 1255 933 1255 1015 1255 1011 1140 1015 1141 966 1139 966 1255 1015 1255 968 1255 970 1368 972 1368 1012 1368 970 1369 1012 1370 969 1371 969 1372 1012 1373 967 1374 1008 1138 1013 1138 1009 1138 1009 1139 1013 1140 1016 1141 1009 1142 1016 1142 1010 1142 1010 1320 1016 1320 707 1320 1016 1255 1013 1255 1014 1255 920 1375 918 1375 989 1375 989 1376 918 1377 987 1378 922 1184 948 1182 958 1379 922 1380 958 1380 921 1380 707 1381 968 1382 1015 1383 1015 1384 933 1384 707 1384 707 1385 1016 1386 1014 1387 471 1388 512 1388 475 1388 475 1388 512 1388 558 1388 475 1389 558 1389 479 1389 479 1389 558 1389 559 1389 479 1390 559 1390 481 1390 481 1390 559 1390 561 1390 481 1391 561 1392 483 1393 483 1394 561 1394 563 1394 483 1395 563 1395 484 1395 484 1395 563 1395 564 1395 484 1396 564 1396 485 1396 485 1397 564 1397 565 1397 485 1398 565 1399 482 1400 482 1401 565 1401 562 1401 562 145 566 145 482 145 482 145 566 145 486 145 486 1402 566 1403 491 1404 491 1405 566 1406 571 1407 491 1408 571 1409 490 1410 490 1411 571 1412 570 1413 490 1414 570 1414 489 1414 489 1415 570 1416 569 1417 489 1418 569 1419 488 1420 488 1421 569 1421 568 1421 488 1422 568 1423 487 1424 487 1425 568 1426 567 1427 487 1428 567 1429 480 1430 480 1431 567 1432 560 1433 480 1 560 1 476 1 476 1 560 1 557 1 532 1434 462 1434 530 1434 530 1435 462 1435 460 1435 530 1436 460 1436 528 1436 528 1437 460 1437 458 1437 528 1438 458 1439 526 1440 526 1441 458 1442 456 1443 526 1444 456 1444 524 1444 524 1445 456 1445 454 1445 524 1446 454 1446 522 1446 522 1447 454 1447 451 1447 522 1448 451 1448 516 1448 516 1449 451 1449 449 1449 516 1450 449 1450 517 1450 517 1451 449 1451 474 1451 517 1452 474 1452 518 1452 518 1452 474 1452 473 1452 518 1453 473 1453 511 1453 511 1454 473 1454 472 1454 511 1455 472 1455 513 1455 513 1455 472 1455 478 1455 513 1456 478 1456 514 1456 514 1457 478 1457 477 1457 514 1458 477 1458 557 1458 557 1459 477 1459 476 1459 547 3 464 3 532 3 532 3 464 3 462 3 464 1460 547 1460 467 1460 467 1460 547 1460 546 1460 467 1461 546 1462 469 1463 469 1464 546 1465 556 1466 469 1467 556 1468 470 1469 470 1470 556 1471 555 1472 470 1473 555 1474 492 1475 492 1476 555 1476 554 1476 492 1477 554 1478 493 1479 493 1480 554 1481 553 1482 493 1483 553 1484 468 1485 468 1486 553 1487 545 1488 545 145 548 145 468 145 468 145 548 145 494 145 494 1402 548 1403 498 1404 498 1405 548 1406 552 1407 498 1408 552 1409 497 1410 497 1411 552 1412 551 1413 497 1414 551 1414 496 1414 496 1415 551 1416 550 1417 496 1418 550 1419 495 1420 495 1421 550 1421 549 1421 495 1422 549 1423 466 1424 466 1425 549 1426 544 1427 466 1428 544 1429 465 1430 465 1431 544 1432 534 1433 465 1 534 1 463 1 463 1 534 1 533 1 535 1489 501 1489 520 1489 520 1490 501 1490 499 1490 520 1491 499 1491 452 1491 520 1491 452 1491 521 1491 521 1492 452 1492 453 1492 521 1493 453 1493 523 1493 523 1494 453 1494 455 1494 523 1495 455 1495 525 1495 525 1496 455 1496 457 1496 525 1497 457 1497 527 1497 527 1498 457 1498 459 1498 527 1499 459 1499 529 1499 529 1500 459 1500 461 1500 529 1501 461 1501 531 1501 531 1502 461 1502 533 1502 533 1502 461 1502 463 1502 505 1503 501 1503 539 1503 539 1503 501 1503 535 1503 448 3 510 3 471 3 471 3 510 3 512 3 515 1 450 1 519 1 519 1 450 1 500 1 510 3 448 3 1017 3 1017 3 448 3 1018 3 1017 1504 1018 1504 1019 1504 1019 3 1018 3 1020 3 1019 1505 1020 1505 1021 1505 1021 1506 1020 1506 1022 1506 1021 1507 1022 1507 1023 1507 1023 1508 1022 1508 1024 1508 1023 3 1024 3 1025 3 1025 1509 1024 1509 1026 1509 1027 1 1028 1 1029 1 1029 1 1028 1 1030 1 1030 1510 1028 1510 1031 1510 1030 1 1031 1 1032 1 1032 1511 1031 1511 1033 1511 1032 1 1033 1 1034 1 1034 1 1033 1 1035 1 1034 1 1035 1 1036 1 1036 1512 1035 1512 450 1512 1036 1 450 1 515 1 1026 1513 1037 1513 1027 1513 1027 1514 1037 1514 1038 1514 1027 1515 1038 1515 1028 1515 1028 1516 1038 1517 1031 1518 1031 1519 1038 1520 1039 1521 1031 1522 1039 1523 1033 1524 1033 1525 1039 1526 1040 1527 1033 1528 1040 1529 1035 1530 1035 1531 1040 1532 1041 1533 1035 1534 1041 1534 450 1534 450 1535 1041 1536 1042 1537 450 1538 1042 1539 1043 1540 1043 1541 1042 1542 1044 1543 1043 1544 1044 1545 1045 1546 1045 1547 1044 1548 1046 1549 1045 1550 1046 1551 1022 1552 1022 1553 1046 1554 1024 1555 1024 1556 1046 1557 1047 1558 1024 1559 1047 1559 1026 1559 1026 1559 1047 1559 1048 1559 1026 1560 1048 1560 1037 1560 1037 1558 1048 1556 1049 1557 1037 1555 1049 1553 1039 1554 1039 1551 1049 1552 1040 1550 1022 1561 1020 1562 1045 1563 1045 1564 1020 1564 1050 1564 1045 1543 1050 1541 1043 1542 1043 1565 1050 1565 448 1565 1043 1566 448 1566 450 1566 1020 1567 1018 1568 1050 1569 1050 1565 1018 1565 448 1565 1048 1570 1047 1571 1051 1572 1051 1554 1047 1555 1046 1553 1051 1551 1046 1552 1044 1550 1039 1572 1038 1570 1037 1571 1048 1573 1051 1574 1049 1575 1049 1576 1051 1577 1052 1578 1049 1579 1052 1580 1040 1581 1040 1545 1052 1546 1041 1544 1052 1563 1051 1561 1044 1562 1041 1542 1052 1543 1042 1541 1042 1564 1052 1564 1044 1564 1053 1582 1054 1582 1055 1582 1055 1583 1054 1584 1056 1585 1055 1586 1056 1587 1057 1588 1057 1589 1056 1590 1058 1591 1057 1592 1058 1593 1059 1594 1059 1595 1058 1596 1060 1597 1059 1598 1060 1598 1061 1598 1061 1599 1060 1599 1062 1599 1061 1600 1062 1600 1063 1600 1063 1601 1062 1601 1064 1601 1063 1602 1064 1602 1065 1602 1065 1603 1064 1603 1066 1603 1065 1604 1066 1604 1067 1604 1067 1605 1066 1606 1068 1607 1067 1608 1068 1609 1069 1610 1069 1611 1068 1611 1070 1611 1071 1612 1072 1612 1070 1612 1070 1613 1072 1613 1069 1613 1072 1614 1071 1615 1073 1616 1073 1617 1071 1617 1074 1617 1073 1618 1074 1618 1075 1618 1075 1619 1074 1620 1076 1621 1075 1622 1076 1622 1077 1622 1077 1623 1076 1623 1078 1623 1077 1624 1078 1625 1079 1626 1079 1627 1078 1628 1080 1629 1079 1630 1080 1631 1081 1630 1081 1632 1080 1633 1082 1634 1081 1635 1082 1636 1083 1637 1083 1638 1082 1639 1084 1640 1083 1641 1084 1641 1085 1641 1085 1642 1084 1643 1086 1644 1085 1645 1086 1646 1087 1647 1087 1648 1086 1648 1088 1648 1089 1649 1087 1649 1090 1649 1090 1650 1087 1650 1088 1650 1091 1651 1092 1651 1093 1651 1093 1652 1092 1652 1094 1652 1093 1653 1094 1653 1095 1653 1095 1654 1094 1654 1096 1654 1095 1655 1096 1655 1097 1655 1097 1656 1096 1656 1098 1656 1097 1657 1098 1657 1099 1657 1099 1658 1098 1658 1100 1658 1099 1659 1100 1659 1101 1659 1101 1660 1100 1660 1102 1660 1101 1661 1102 1661 1103 1661 1103 1662 1102 1663 1104 1664 1103 1665 1104 1666 1105 1667 1105 1668 1104 1668 1106 1668 1105 1669 1106 1669 1107 1669 1107 1670 1106 1670 1108 1670 1107 1671 1108 1671 1109 1671 1109 1672 1108 1672 1110 1672 1109 1673 1110 1673 1090 1673 1090 1674 1110 1674 1089 1674 1091 1675 1054 1675 1092 1675 1092 1676 1054 1676 1053 1676 1111 1677 1112 1677 1113 1677 1113 1678 1112 1678 1114 1678 1115 1679 1114 1679 1116 1679 1116 1680 1114 1680 1112 1680 1117 1681 1118 1681 1119 1681 1119 1682 1118 1682 1120 1682 1119 1683 1120 1683 1121 1683 1121 1684 1120 1684 1122 1684 1121 1685 1122 1685 1123 1685 1123 1686 1122 1686 1124 1686 1123 1687 1124 1687 1125 1687 1125 1688 1124 1688 1126 1688 1125 1689 1126 1689 1127 1689 1127 1690 1126 1690 1128 1690 1127 1691 1128 1691 1116 1691 1116 1692 1128 1692 1115 1692 1025 3 1026 3 1117 3 1117 3 1026 3 1118 3 1029 1693 1129 1694 1025 1695 1025 1696 1129 1696 1130 1696 1025 1697 1130 1697 1131 1697 1131 1698 1130 1698 1132 1698 1131 1699 1132 1699 1133 1699 1133 1700 1132 1701 1134 1702 1133 1703 1134 1704 1019 1705 1019 1706 1134 1707 1017 1708 1017 1709 1134 1710 1135 1711 1017 1712 1135 1713 510 1714 510 1715 1135 1716 1136 1717 510 1718 1136 1719 1137 1720 1137 1721 1136 1722 1138 1723 1137 1708 1138 1706 1139 1707 1139 1724 1138 1725 1140 1726 1139 1727 1140 1728 1141 1729 1141 1730 1140 1730 1142 1730 1141 1699 1142 1699 1143 1699 1143 1731 1142 1731 1029 1731 1143 1732 1029 1732 1144 1732 1144 1733 1029 1733 1145 1733 1144 1699 1145 1699 1146 1699 1146 1734 1145 1734 1147 1734 1146 1735 1147 1736 1148 1737 1148 1738 1147 1739 1149 1740 1148 1741 1149 1742 1150 1743 1150 1744 1149 1745 1151 1746 1150 1747 1151 1748 515 1749 515 1750 1151 1751 1036 1752 1036 1753 1151 1754 1034 1755 1034 1756 1151 1757 1149 1758 1034 1759 1149 1760 1032 1761 1032 1729 1149 1727 1147 1728 1032 1730 1147 1730 1030 1730 1030 1762 1147 1762 1145 1762 1030 1763 1145 1764 1029 1763 510 1765 1152 1766 515 1767 515 1768 1152 1769 1153 1770 515 1771 1153 1772 1150 1773 1150 1774 1153 1775 1148 1776 1019 1727 1021 1728 1133 1777 1133 1778 1021 1778 1154 1778 1133 1779 1154 1779 1131 1779 1131 1731 1154 1731 1025 1731 1021 1734 1023 1734 1154 1734 1154 1780 1023 1780 1025 1780 1129 1731 1029 1731 1142 1731 1143 1781 1144 1781 1155 1781 1155 1734 1144 1734 1146 1734 1155 1782 1146 1783 1156 1784 1156 1785 1146 1726 1148 1724 1156 1758 1148 1756 1153 1757 1142 1762 1140 1762 1129 1762 1129 1734 1140 1734 1157 1734 1129 1699 1157 1699 1130 1699 1130 1786 1157 1786 1132 1786 1143 1734 1155 1734 1141 1734 1141 1728 1155 1777 1158 1727 1141 1787 1158 1788 1139 1789 1139 1758 1158 1756 1159 1757 1139 1710 1159 1711 1137 1709 1137 1790 1159 1791 510 1792 1158 1725 1155 1726 1156 1724 1140 1793 1138 1702 1157 1700 1157 1794 1138 1795 1160 1796 1157 1797 1160 1798 1132 1799 1132 1726 1160 1724 1134 1785 1153 1711 1152 1709 1156 1710 1156 1742 1152 1743 1158 1741 1135 1757 1134 1758 1160 1756 1135 1775 1160 1776 1136 1774 1136 1800 1160 1801 1138 1802 510 1803 1159 1804 1152 1805 1152 1774 1159 1775 1158 1776 1027 1806 1029 1806 1161 1806 1161 1807 1029 1807 1162 1807 1163 1808 1164 1808 1165 1808 1165 1809 1164 1810 1166 1811 1165 1812 1166 1812 1167 1812 1167 1813 1166 1814 1168 1813 1167 1815 1168 1815 1169 1815 1169 1816 1168 1816 1170 1816 1169 1817 1170 1817 1171 1817 1171 1818 1170 1819 1172 1820 1171 1821 1172 1821 1173 1821 1173 1822 1172 1822 1174 1822 1173 1823 1174 1823 1162 1823 1162 1824 1174 1824 1161 1824 1175 1825 1164 1825 1176 1825 1176 1826 1164 1826 1163 1826 1177 1827 1175 1827 1178 1827 1178 1828 1175 1828 1176 1828 1179 1829 1165 1829 1180 1829 1180 1830 1165 1830 1127 1830 1180 1831 1127 1832 1116 1833 1178 1834 1176 1834 1179 1834 1179 1835 1176 1835 1163 1835 1179 1836 1163 1837 1165 1838 1165 1839 1167 1839 1127 1839 1127 1840 1167 1840 1125 1840 1125 1841 1167 1841 1169 1841 1125 1842 1169 1842 1123 1842 1123 1843 1169 1843 1171 1843 1123 1844 1171 1844 1121 1844 1121 1845 1171 1845 1173 1845 1121 1846 1173 1846 1119 1846 1119 1847 1173 1847 1162 1847 1119 1848 1162 1848 1117 1848 1117 1849 1162 1849 1101 1849 1117 1850 1101 1850 1103 1850 1029 1851 1091 1851 1162 1851 1162 1852 1091 1852 1093 1852 1162 1853 1093 1853 1095 1853 1025 1854 1070 1854 1029 1854 1029 1855 1070 1856 1068 1857 1029 1858 1068 1859 1066 1860 1117 1861 1090 1861 1025 1861 1025 1862 1090 1862 1088 1862 1025 1863 1088 1864 1086 1865 1116 1866 1112 1866 1180 1866 1180 1867 1112 1867 1111 1867 1056 1868 1054 1869 1029 1870 1029 1871 1054 1871 1091 1871 1095 1872 1097 1872 1162 1872 1162 1873 1097 1873 1099 1873 1162 1874 1099 1874 1101 1874 1103 1875 1105 1875 1117 1875 1117 1876 1105 1876 1107 1876 1117 1877 1107 1878 1109 1879 1109 1880 1090 1880 1117 1880 1086 1881 1084 1882 1025 1883 1025 1884 1084 1885 1082 1886 1025 1887 1082 1887 1080 1887 1080 1888 1078 1888 1025 1889 1025 1890 1078 1891 1076 1892 1025 1893 1076 1894 1074 1895 1074 1896 1071 1897 1025 1898 1025 1899 1071 1899 1070 1899 1066 1900 1064 1901 1029 1902 1029 1903 1064 1904 1062 1905 1029 1906 1062 1906 1060 1906 1060 1907 1058 1908 1029 1909 1029 1910 1058 1911 1056 1912 1179 1913 1181 1913 1178 1913 1178 1914 1181 1914 1177 1914 1177 1915 1181 1915 1182 1915 1177 1916 1182 1916 1175 1916 1175 1917 1182 1917 1164 1917 1164 1918 1182 1919 1166 1920 1166 1921 1182 1921 1183 1921 1166 1922 1183 1922 1128 1922 1128 1923 1183 1924 1115 1925 1115 1926 1183 1926 1114 1926 1114 1927 1183 1927 1113 1927 1166 1928 1128 1928 1168 1928 1168 1929 1128 1929 1126 1929 1168 1930 1126 1930 1170 1930 1170 1931 1126 1931 1124 1931 1170 1932 1124 1932 1172 1932 1172 1933 1124 1933 1122 1933 1172 1934 1122 1934 1174 1934 1174 1935 1122 1935 1120 1935 1174 1936 1120 1936 1161 1936 1161 1937 1120 1937 1118 1937 1161 1938 1118 1938 1102 1938 1102 1939 1118 1939 1104 1939 1104 1940 1118 1940 1106 1940 1106 1941 1118 1941 1108 1941 1108 1942 1118 1942 1110 1942 1110 1943 1118 1943 1089 1943 1089 1944 1118 1944 1026 1944 1089 1945 1026 1945 1087 1945 1087 1946 1026 1947 1085 1948 1085 1949 1026 1949 1083 1949 1083 1950 1026 1950 1081 1950 1081 1951 1026 1951 1079 1951 1079 1952 1026 1953 1077 1954 1077 1955 1026 1956 1075 1957 1075 1958 1026 1959 1073 1960 1073 1961 1026 1962 1072 1963 1072 1964 1026 1964 1069 1964 1069 1965 1026 1965 1027 1965 1069 1966 1027 1967 1067 1968 1067 1969 1027 1970 1065 1971 1065 1972 1027 1973 1063 1974 1063 1975 1027 1976 1061 1977 1061 1978 1027 1978 1059 1978 1059 1979 1027 1980 1057 1981 1057 1982 1027 1982 1055 1982 1055 1983 1027 1984 1053 1985 1053 1986 1027 1986 1092 1986 1092 1987 1027 1987 1161 1987 1092 1988 1161 1988 1094 1988 1094 1989 1161 1989 1096 1989 1096 1990 1161 1990 1098 1990 1098 1991 1161 1991 1100 1991 1100 1992 1161 1992 1102 1992 1183 1993 1184 1994 1113 1995 1113 1996 1184 1996 1111 1996 1111 1997 1184 1997 1180 1997 721 1 1185 1 758 1 758 1998 1185 1998 1186 1998 1186 1999 1185 1999 1187 1999 1186 1 1187 1 1188 1 1188 1 1187 1 1189 1 1188 1 1189 1 1190 1 1190 2000 1189 2000 1191 2000 1190 1 1191 1 1192 1 1192 2001 1191 2001 1193 2001 1192 1 1193 1 1194 1 1179 2002 1194 2002 1195 2002 1195 2003 1194 2003 1193 2003 1195 2004 1193 2005 1182 2005 1182 2006 1181 2006 1195 2006 1195 2007 1181 2007 1179 2007 1180 2008 1184 2008 1196 2008 1196 2009 1184 2009 1183 2009 1196 2010 1183 2011 1197 2012 1197 2013 1198 2014 1196 2015 1196 2016 1198 2016 1180 2016 1198 2017 1197 2017 1199 2017 1199 2018 1197 2018 1200 2018 1199 2019 1200 2019 1201 2019 1201 2020 1200 2020 1202 2020 1201 2021 1202 2021 1203 2021 1203 3 1202 3 1204 3 1203 2022 1204 2022 1205 2022 1205 2023 1204 2023 1206 2023 1205 3 1206 3 761 3 761 3 1206 3 717 3 1198 2024 1207 2025 1180 2026 1180 2027 1207 2028 1208 2029 1180 2030 1208 2030 1209 2030 1209 2031 1208 2032 1210 2033 1209 2034 1210 2034 1211 2034 1211 2035 1210 2035 1212 2035 1211 2036 1212 2036 1213 2036 1213 2037 1212 2037 1214 2037 1213 2038 1214 2038 1215 2038 1215 2039 1214 2039 758 2039 1215 2040 758 2040 1216 2040 1216 2041 758 2041 1217 2041 1216 2038 1217 2038 1218 2038 1218 2037 1217 2037 1219 2037 1218 2042 1219 2042 1220 2042 1220 2042 1219 2042 1221 2042 1220 2043 1221 2044 1222 2045 1222 2032 1221 2033 1223 2031 1222 2046 1223 2046 1194 2046 1194 2047 1223 2047 1192 2047 1192 2048 1223 2048 1221 2048 1192 2049 1221 2049 1190 2049 1190 2050 1221 2050 1219 2050 1190 2051 1219 2052 1188 2053 1188 2054 1219 2054 1217 2054 1188 2055 1217 2055 1186 2055 1186 2056 1217 2056 758 2056 1198 2057 1199 2057 1207 2057 1207 2058 1199 2059 1224 2060 1207 2034 1224 2034 1225 2034 1225 2035 1224 2035 1226 2035 1225 2061 1226 2061 1227 2061 1227 2037 1226 2037 1228 2037 1227 2062 1228 2062 1229 2062 1229 2063 1228 2063 758 2063 1229 2064 758 2064 1214 2064 1199 2065 1201 2065 1224 2065 1224 2066 1201 2066 1230 2066 1224 2067 1230 2067 1226 2067 1226 2068 1230 2068 1231 2068 1226 2038 1231 2038 1228 2038 1228 2039 1231 2039 758 2039 1201 2069 1203 2069 1230 2069 1230 2070 1203 2070 1232 2070 1230 2071 1232 2071 1231 2071 1231 2072 1232 2073 1205 2074 1231 2075 1205 2075 758 2075 758 2076 1205 2076 761 2076 1203 2077 1205 2077 1232 2077 1179 2078 1180 2079 1194 2080 1194 2081 1180 2081 1233 2081 1194 2082 1233 2082 1234 2082 1234 2031 1233 2032 1235 2033 1234 2083 1235 2083 1220 2083 1220 2084 1235 2084 1218 2084 1210 2044 1208 2045 1225 2043 1225 2085 1208 2085 1207 2085 1233 2086 1180 2086 1236 2086 1236 2087 1180 2088 1209 2088 1236 2089 1209 2090 1211 2091 1222 2092 1194 2092 1234 2092 1233 2031 1236 2032 1237 2033 1237 2044 1236 2045 1211 2043 1237 2061 1211 2061 1213 2061 1220 2085 1222 2085 1234 2085 1212 2093 1210 2093 1227 2093 1227 2036 1210 2036 1225 2036 1233 2045 1237 2043 1235 2044 1235 2042 1237 2042 1238 2042 1235 2067 1238 2067 1218 2067 1218 2068 1238 2068 1216 2068 1238 2036 1237 2036 1213 2036 1214 2094 1212 2094 1229 2094 1229 2095 1212 2095 1227 2095 1216 2071 1238 2071 1215 2071 1215 2037 1238 2037 1213 2037 1183 2096 1182 2097 1197 2098 1197 2099 1182 2099 1239 2099 1197 2100 1239 2101 1240 2102 1240 2103 1239 2103 1241 2103 1240 2104 1241 2104 1242 2104 1242 2105 1241 2105 1243 2105 1242 2106 1243 2106 1244 2106 1244 2107 1243 2107 1245 2107 1244 2108 1245 2108 1246 2108 1246 2109 1245 2109 717 2109 1246 2110 717 2110 1247 2110 1247 2111 717 2111 1248 2111 1247 2108 1248 2108 1249 2108 1249 2107 1248 2107 1250 2107 1249 2112 1250 2112 1251 2112 1251 2105 1250 2105 1252 2105 1251 2104 1252 2104 1253 2104 1253 2104 1252 2104 1254 2104 1253 2113 1254 2114 1197 2115 1197 2116 1254 2116 1200 2116 1200 2117 1254 2117 1252 2117 1200 2118 1252 2119 1202 2120 1202 2121 1252 2122 1250 2123 1202 2124 1250 2124 1204 2124 1204 2125 1250 2125 1248 2125 1204 2126 1248 2126 1206 2126 1206 2127 1248 2128 717 2129 1193 2130 1255 2131 1182 2132 1182 2133 1255 2133 1256 2134 1182 2135 1256 2135 1257 2135 1257 2104 1256 2104 1258 2104 1257 2103 1258 2103 1259 2103 1259 2136 1258 2136 1260 2136 1259 2137 1260 2137 1261 2137 1261 2138 1260 2138 1262 2138 1261 2139 1262 2139 1263 2139 1263 2140 1262 2140 717 2140 1263 2141 717 2141 1264 2141 1264 2142 717 2142 1265 2142 1264 2107 1265 2107 1266 2107 1266 2108 1265 2108 1267 2108 1266 2137 1267 2137 1268 2137 1268 2136 1267 2136 1269 2136 1268 2103 1269 2103 1270 2103 1270 2104 1269 2104 1271 2104 1270 2143 1271 2143 1182 2143 1182 2144 1271 2144 1272 2144 1182 2145 1272 2145 1273 2145 1273 2103 1272 2103 1274 2103 1273 2146 1274 2146 1275 2146 1275 2147 1274 2147 1276 2147 1275 2112 1276 2112 1277 2112 1277 2107 1276 2107 1278 2107 1277 2108 1278 2108 1279 2108 1279 2142 1278 2142 717 2142 1279 2148 717 2148 1245 2148 1193 2149 1191 2149 1255 2149 1255 2150 1191 2150 1280 2150 1255 2151 1280 2151 1281 2151 1281 2152 1280 2152 1282 2152 1281 2137 1282 2137 1283 2137 1283 2138 1282 2138 1284 2138 1283 2138 1284 2138 1285 2138 1285 2153 1284 2154 1185 2155 1285 2156 1185 2156 717 2156 717 2157 1185 2158 721 2159 1191 2160 1189 2161 1280 2162 1280 2163 1189 2163 1286 2164 1280 2165 1286 2165 1282 2165 1282 2166 1286 2166 1287 2166 1282 2138 1287 2138 1284 2138 1284 2167 1287 2168 1185 2169 1189 2170 1187 2170 1286 2170 1286 2171 1187 2171 1288 2171 1286 2166 1288 2166 1287 2166 1287 2172 1288 2173 1185 2174 1187 2175 1185 2175 1288 2175 1258 2103 1256 2103 1281 2103 1281 2176 1256 2176 1255 2176 1257 2177 1289 2177 1182 2177 1182 2178 1289 2179 1290 2180 1182 2181 1290 2182 1291 2182 1291 2146 1290 2146 1292 2146 1291 2103 1292 2103 1268 2103 1268 2105 1292 2105 1266 2105 1257 2104 1259 2104 1289 2104 1289 2104 1259 2104 1293 2104 1289 2103 1293 2103 1290 2103 1290 2183 1293 2183 1292 2183 1270 2184 1182 2185 1291 2186 1268 2104 1270 2104 1291 2104 1239 2187 1182 2187 1273 2187 1272 2103 1271 2103 1294 2103 1294 2104 1271 2104 1269 2104 1294 2188 1269 2189 1295 2190 1295 2106 1269 2106 1267 2106 1295 2107 1267 2107 1296 2107 1296 2107 1267 2107 1265 2107 1296 2141 1265 2141 717 2141 1241 2103 1239 2103 1275 2103 1275 2183 1239 2183 1273 2183 1240 2191 1297 2192 1197 2193 1197 2194 1297 2195 1298 2196 1197 2197 1298 2198 1299 2199 1299 2104 1298 2104 1300 2104 1299 2146 1300 2146 1251 2146 1251 2147 1300 2147 1249 2147 1240 2104 1242 2104 1297 2104 1297 2104 1242 2104 1301 2104 1297 2104 1301 2104 1298 2104 1298 2200 1301 2200 1300 2200 1253 2201 1197 2202 1299 2203 1251 2204 1253 2204 1299 2204 1260 2137 1258 2137 1283 2137 1283 2136 1258 2136 1281 2136 1259 2105 1261 2105 1293 2105 1293 2205 1261 2206 1302 2207 1293 2208 1302 2209 1292 2210 1292 2137 1302 2137 1266 2137 1272 2104 1294 2104 1274 2104 1274 2188 1294 2189 1303 2190 1274 2205 1303 2206 1276 2207 1276 2211 1303 2211 1304 2211 1276 2108 1304 2108 1278 2108 1278 2141 1304 2141 717 2141 1303 2106 1294 2106 1295 2106 1243 2112 1241 2112 1277 2112 1277 2105 1241 2105 1275 2105 1242 2189 1244 2190 1301 2188 1301 2106 1244 2106 1305 2106 1301 2105 1305 2105 1300 2105 1300 2212 1305 2213 1249 2214 1262 2138 1260 2138 1285 2138 1285 2107 1260 2107 1283 2107 1264 2108 1266 2108 1302 2108 1264 2107 1302 2107 1263 2107 1263 2215 1302 2215 1261 2215 1303 2107 1295 2107 1306 2107 1306 2108 1295 2108 1296 2108 1306 2216 1296 2216 717 2216 1245 2108 1243 2108 1279 2108 1279 2107 1243 2107 1277 2107 1247 2217 1249 2217 1305 2217 1247 2215 1305 2215 1246 2215 1246 2218 1305 2218 1244 2218 717 2219 1262 2219 1285 2219 717 2220 1304 2220 1306 2220 1306 2215 1304 2215 1303 2215 748 2221 825 2222 1307 2223 1307 2224 825 2224 1308 2224 1307 2225 1308 2226 1309 2227 1309 2228 1308 2229 1310 2230 1310 2231 1308 2231 1311 2231 1310 2232 1311 2233 1312 2234 1312 2235 1311 2235 1313 2235 1313 2236 1311 2237 1314 2238 1313 2239 1314 2239 1315 2239 1315 2240 1314 2241 1316 2242 1316 2243 1314 2243 1317 2243 1316 2244 1317 2245 1318 2246 731 2247 1319 2248 825 2249 825 2250 1319 2250 1308 2250 1319 2251 1320 2252 1308 2253 1308 2254 1320 2255 1321 2254 1308 2256 1321 2256 1311 2256 1311 2257 1321 2258 1322 2259 1311 2260 1322 2261 1323 2262 1311 2263 1323 2264 1314 2265 1314 2266 1323 2266 1324 2266 1314 2267 1324 2268 1325 2269 1326 2270 1317 2271 1325 2272 1325 2273 1317 2273 1314 2273 1327 2274 1328 2275 1329 2276 1329 2277 1328 2277 1330 2277 1329 2278 1330 2278 1331 2278 1331 2279 1330 2280 1332 2281 1332 2282 1330 2283 1333 2284 1333 2285 1330 2286 1334 2287 1333 2288 1334 2289 1335 2290 1335 2291 1334 2292 1336 2293 1336 2294 1334 2294 1337 2294 1336 2295 1337 2295 1338 2295 1338 2296 1337 2297 1339 2298 1339 2299 1337 2299 824 2299 1339 2300 824 2301 750 2302 1328 2303 1340 2304 1330 2305 1330 2306 1340 2307 1341 2308 1330 2309 1341 2310 1334 2311 1334 2312 1341 2313 1342 2314 1334 2315 1342 2316 1343 2317 1334 2318 1343 2318 1337 2318 1337 2319 1343 2320 1344 2321 1337 2322 1344 2323 1345 2324 730 2325 824 2326 1345 2327 1345 2328 824 2328 1337 2328 1331 2329 1346 2330 1329 2331 1318 2332 1346 2332 1316 2332 1316 2333 1346 2333 1347 2333 1316 2334 1347 2335 1348 2336 1348 2337 1347 2337 1349 2337 1348 2338 1349 2338 1350 2338 1350 2339 1349 2339 1351 2339 1350 2340 1351 2340 1352 2340 1352 2341 1351 2341 1353 2341 1352 2342 1353 2342 1310 2342 1310 2343 1353 2343 1309 2343 1309 2344 1353 2344 1354 2344 1309 2345 1354 2345 1307 2345 1307 2346 1354 2346 748 2346 748 2347 1354 2347 1355 2347 748 2348 1355 2348 1356 2348 1356 2349 1355 2349 1357 2349 1356 2350 1357 2350 1358 2350 1358 2351 1357 2351 1359 2351 1358 2352 1359 2352 1360 2352 1360 2353 1359 2353 1361 2353 1360 2354 1361 2354 1362 2354 1362 2355 1361 2355 1363 2355 1362 2356 1363 2356 1364 2356 1364 2357 1363 2357 1346 2357 1364 2358 1346 2358 1365 2358 1365 2359 1346 2359 1366 2359 1365 2338 1366 2338 1367 2338 1367 2360 1366 2360 1368 2360 1367 2361 1368 2361 1369 2361 1369 2362 1368 2362 1370 2362 1369 2363 1370 2363 1371 2363 1371 2364 1370 2364 1372 2364 1371 2365 1372 2365 1373 2365 1373 2366 1372 2366 1374 2366 1373 2367 1374 2367 1339 2367 1339 2368 1374 2368 1375 2368 1339 2369 1375 2369 1338 2369 1338 2370 1375 2370 1376 2370 1338 2371 1376 2371 1336 2371 1336 2372 1376 2372 1377 2372 1336 2373 1377 2373 1335 2373 1335 2374 1377 2374 1333 2374 1333 2375 1377 2375 1378 2375 1333 2376 1378 2376 1332 2376 1332 2377 1378 2377 1379 2377 1332 2378 1379 2378 1331 2378 1331 2379 1379 2379 1346 2379 1346 2380 1379 2380 1366 2380 750 2381 748 2381 1339 2381 1339 2382 748 2382 1380 2382 1339 2368 1380 2368 1373 2368 1373 2383 1380 2383 1371 2383 1310 2384 1312 2384 1352 2384 1352 2385 1312 2385 1313 2385 1352 2386 1313 2386 1381 2386 1381 2387 1313 2387 1315 2387 1381 2388 1315 2388 1382 2388 1382 2389 1315 2389 1316 2389 1382 2390 1316 2391 1383 2392 1383 2393 1316 2394 1348 2395 1383 2338 1348 2338 1350 2338 1368 2396 1366 2396 1379 2396 1364 2397 1365 2397 1384 2397 1384 2398 1365 2398 1367 2398 1384 2399 1367 2399 1385 2399 1385 2400 1367 2400 1369 2400 1385 2352 1369 2352 1386 2352 1386 2352 1369 2352 1371 2352 1386 2401 1371 2401 1380 2401 1347 2402 1346 2402 1387 2402 1387 2403 1346 2403 1363 2403 1387 2355 1363 2355 1361 2355 1347 2398 1387 2398 1388 2398 1388 2398 1387 2398 1361 2398 1388 2404 1361 2404 1359 2404 1381 2405 1382 2405 1383 2405 1381 2405 1383 2405 1350 2405 1370 2404 1368 2404 1378 2404 1378 2396 1368 2396 1379 2396 1364 2406 1384 2406 1362 2406 1362 2407 1384 2407 1389 2407 1362 2408 1389 2408 1360 2408 1360 2409 1389 2409 1390 2409 1360 2352 1390 2352 1358 2352 1358 2401 1390 2401 1391 2401 1358 2383 1391 2383 1356 2383 1356 2410 1391 2410 748 2410 1389 2411 1384 2411 1385 2411 1347 2396 1388 2396 1349 2396 1349 2412 1388 2412 1392 2412 1349 2413 1392 2413 1351 2413 1351 2414 1392 2414 1393 2414 1351 2415 1393 2415 1353 2415 1353 2416 1393 2416 1354 2416 1392 2417 1388 2417 1359 2417 1352 2418 1381 2418 1350 2418 1372 2351 1370 2351 1377 2351 1377 2400 1370 2400 1378 2400 1389 2419 1385 2419 1394 2419 1394 2420 1385 2420 1386 2420 1394 2421 1386 2421 1395 2421 1395 2422 1386 2422 1380 2422 1395 2423 1380 2423 748 2423 1393 2363 1392 2363 1357 2363 1357 2424 1392 2424 1359 2424 1374 2401 1372 2401 1376 2401 1376 2351 1372 2351 1377 2351 1375 2425 1374 2425 1376 2425 1389 2426 1394 2426 1390 2426 1390 2427 1394 2427 1396 2427 1390 2383 1396 2383 1391 2383 1391 2428 1396 2428 748 2428 1396 2429 1394 2429 1395 2429 1354 2430 1393 2430 1355 2430 1355 2431 1393 2431 1357 2431 748 2432 1396 2432 1395 2432 1327 2433 1326 2434 1328 2435 1328 2436 1326 2436 1397 2436 1328 2437 1397 2438 1398 2439 1398 2440 1397 2440 1399 2440 1398 2441 1399 2441 1400 2441 1400 2442 1399 2442 1401 2442 1400 2442 1401 2442 1402 2442 1402 2443 1401 2443 1403 2443 1402 2444 1403 2444 1404 2444 1404 2445 1403 2445 1405 2445 1404 2446 1405 2446 1406 2446 1406 2447 1405 2447 730 2447 1406 2448 730 2448 1407 2448 1407 2449 730 2449 1345 2449 1407 2450 1345 2450 1344 2450 1325 2451 1408 2451 1326 2451 1326 2452 1408 2452 1409 2452 1326 2453 1409 2453 1410 2453 1410 2454 1409 2454 1411 2454 1410 2455 1411 2455 1412 2455 1412 2456 1411 2456 1413 2456 1412 2457 1413 2457 1414 2457 1414 2443 1413 2443 1415 2443 1414 2443 1415 2443 1416 2443 1416 2458 1415 2458 1417 2458 1416 2459 1417 2459 1418 2459 1418 2460 1417 2460 1319 2460 1418 2461 1319 2461 730 2461 730 2462 1319 2462 731 2462 1325 2463 1324 2463 1408 2463 1408 2464 1324 2464 1419 2464 1408 2441 1419 2441 1420 2441 1420 2465 1419 2465 1421 2465 1420 2466 1421 2466 1422 2466 1422 2467 1421 2467 1423 2467 1422 2468 1423 2468 1424 2468 1424 2469 1423 2469 1425 2469 1424 2470 1425 2470 1426 2470 1426 2471 1425 2471 1319 2471 1426 2472 1319 2473 1417 2474 1324 2475 1323 2475 1419 2475 1419 2476 1323 2476 1427 2476 1419 2442 1427 2442 1421 2442 1421 2477 1427 2477 1428 2477 1421 2478 1428 2478 1423 2478 1423 2479 1428 2479 1429 2479 1423 2445 1429 2445 1425 2445 1425 2480 1429 2480 1319 2480 1323 2481 1322 2481 1427 2481 1427 2482 1322 2482 1321 2482 1427 2483 1321 2483 1430 2483 1430 2484 1321 2484 1320 2484 1430 2485 1320 2485 1431 2485 1431 2486 1320 2486 1319 2486 1431 2487 1319 2487 1432 2487 1432 2488 1319 2488 1429 2488 1432 2489 1429 2489 1428 2489 1407 2490 1344 2490 1433 2490 1433 2491 1344 2491 1343 2491 1433 2492 1343 2492 1434 2492 1434 2493 1343 2493 1342 2493 1434 2494 1342 2494 1341 2494 1434 2495 1341 2495 1435 2495 1435 2496 1341 2496 1340 2496 1435 2497 1340 2497 1436 2497 1436 2498 1340 2498 1328 2498 1436 2499 1328 2500 1437 2501 1437 2502 1328 2503 1438 2504 1437 2505 1438 2505 1439 2505 1439 2506 1438 2506 1440 2506 1439 2507 1440 2507 1441 2507 1441 2442 1440 2442 1442 2442 1441 2443 1442 2443 1443 2443 1443 2443 1442 2443 1404 2443 1443 2508 1404 2508 1406 2508 1411 2509 1409 2509 1420 2509 1420 2505 1409 2505 1408 2505 1410 2510 1444 2510 1326 2510 1326 2511 1444 2511 1445 2511 1326 2512 1445 2512 1446 2512 1446 2513 1445 2513 1447 2513 1446 2514 1447 2514 1448 2514 1448 2515 1447 2515 1449 2515 1448 2457 1449 2457 1450 2457 1450 2443 1449 2443 1451 2443 1450 2443 1451 2443 1452 2443 1452 2516 1451 2516 1453 2516 1452 2517 1453 2517 1454 2517 1454 2518 1453 2518 730 2518 1454 2519 730 2519 1455 2519 1455 2520 730 2520 1456 2520 1455 2521 1456 2521 1457 2521 1457 2522 1456 2522 1458 2522 1457 2523 1458 2523 1459 2523 1459 2524 1458 2524 1460 2524 1459 2525 1460 2525 1461 2525 1461 2525 1460 2525 1462 2525 1461 2526 1462 2526 1463 2526 1463 2527 1462 2527 1464 2527 1463 2528 1464 2528 1326 2528 1326 2529 1464 2529 1465 2529 1326 2530 1465 2530 1466 2530 1466 2531 1465 2531 1467 2531 1466 2532 1467 2532 1468 2532 1468 2442 1467 2442 1469 2442 1468 2533 1469 2533 1470 2533 1470 2534 1469 2534 1471 2534 1470 2477 1471 2477 1472 2477 1472 2508 1471 2508 1473 2508 1472 2446 1473 2446 1474 2446 1474 2535 1473 2535 730 2535 1474 2536 730 2536 1405 2536 1410 2537 1412 2537 1444 2537 1444 2441 1412 2441 1475 2441 1444 2506 1475 2506 1445 2506 1445 2538 1475 2538 1447 2538 1446 2539 1476 2539 1326 2539 1326 2530 1476 2530 1477 2530 1326 2540 1477 2540 1478 2540 1478 2513 1477 2513 1479 2513 1478 2514 1479 2514 1480 2514 1480 2541 1479 2541 1481 2541 1480 2542 1481 2542 1459 2542 1459 2543 1481 2543 1457 2543 1446 2544 1448 2544 1476 2544 1476 2441 1448 2441 1482 2441 1476 2506 1482 2506 1477 2506 1477 2538 1482 2538 1479 2538 1463 2545 1326 2545 1483 2545 1483 2539 1326 2539 1478 2539 1483 2546 1478 2546 1480 2546 1461 2547 1463 2547 1483 2547 1461 2538 1483 2538 1480 2538 1397 2548 1326 2548 1466 2548 1465 2549 1464 2549 1484 2549 1484 2550 1464 2550 1462 2550 1484 2551 1462 2551 1485 2551 1485 2551 1462 2551 1460 2551 1485 2552 1460 2552 1486 2552 1486 2553 1460 2553 1458 2553 1486 2554 1458 2554 1487 2554 1487 2555 1458 2555 1456 2555 1487 2556 1456 2556 730 2556 1399 2557 1397 2557 1468 2557 1468 2506 1397 2506 1466 2506 1398 2504 1488 2558 1328 2559 1328 2560 1488 2560 1489 2560 1328 2561 1489 2562 1438 2563 1438 2440 1489 2440 1440 2440 1398 2506 1400 2506 1488 2506 1488 2506 1400 2506 1490 2506 1488 2506 1490 2506 1489 2506 1489 2455 1490 2455 1440 2455 1435 2454 1436 2454 1437 2454 1435 2509 1437 2509 1439 2509 1413 2533 1411 2533 1422 2533 1422 2564 1411 2564 1420 2564 1412 2442 1414 2442 1475 2442 1475 2442 1414 2442 1491 2442 1475 2457 1491 2457 1447 2457 1447 2565 1491 2565 1449 2565 1448 2566 1450 2566 1482 2566 1482 2567 1450 2567 1492 2567 1482 2442 1492 2442 1479 2442 1479 2568 1492 2568 1481 2568 1459 2542 1461 2542 1480 2542 1465 2538 1484 2538 1467 2538 1467 2442 1484 2442 1493 2442 1467 2457 1493 2457 1469 2457 1469 2569 1493 2569 1494 2569 1469 2570 1494 2570 1471 2570 1471 2445 1494 2445 1495 2445 1471 2571 1495 2571 1473 2571 1473 2572 1495 2572 730 2572 1493 2567 1484 2567 1485 2567 1401 2442 1399 2442 1470 2442 1470 2515 1399 2515 1468 2515 1442 2573 1440 2573 1490 2573 1442 2533 1490 2533 1402 2533 1402 2507 1490 2507 1400 2507 1434 2564 1435 2564 1439 2564 1434 2466 1439 2466 1441 2466 1415 2477 1413 2477 1424 2477 1424 2574 1413 2574 1422 2574 1414 2477 1416 2477 1491 2477 1491 2575 1416 2576 1496 2577 1491 2444 1496 2444 1449 2444 1449 2578 1496 2578 1451 2578 1450 2543 1452 2543 1492 2543 1492 2444 1452 2444 1497 2444 1492 2468 1497 2468 1481 2468 1481 2579 1497 2579 1457 2579 1493 2443 1485 2443 1498 2443 1498 2543 1485 2543 1486 2543 1498 2516 1486 2516 1499 2516 1499 2580 1486 2580 1487 2580 1499 2581 1487 2581 730 2581 1403 2443 1401 2443 1472 2443 1472 2443 1401 2443 1470 2443 1404 2468 1442 2468 1402 2468 1433 2467 1434 2467 1441 2467 1433 2582 1441 2582 1443 2582 1432 2583 1428 2583 1430 2583 1430 2584 1428 2584 1427 2584 1431 2446 1432 2446 1430 2446 1417 2446 1415 2446 1426 2446 1426 2458 1415 2458 1424 2458 1416 2445 1418 2445 1496 2445 1496 2571 1418 2571 1500 2571 1496 2516 1500 2516 1451 2516 1451 2580 1500 2580 1453 2580 1455 2516 1457 2516 1497 2516 1455 2580 1497 2580 1454 2580 1454 2585 1497 2585 1452 2585 1493 2477 1498 2477 1494 2477 1494 2516 1498 2516 1501 2516 1494 2445 1501 2445 1495 2445 1495 2586 1501 2586 730 2586 1501 2571 1498 2571 1499 2571 1405 2587 1403 2587 1474 2587 1474 2508 1403 2508 1472 2508 1407 2479 1433 2479 1443 2479 1407 2489 1443 2489 1406 2489 730 2519 1453 2519 1500 2519 1500 2588 1418 2588 730 2588 730 2589 1501 2589 1499 2589 666 122 667 122 685 122 685 122 667 122 684 122 1346 1 1318 1 669 1 669 2590 1318 2590 650 2590 669 2591 650 2591 671 2591 671 2592 650 2592 652 2592 671 1 652 1 673 1 673 2593 652 2593 654 2593 673 1 654 1 675 1 675 2594 654 2594 656 2594 675 1 656 1 677 1 677 2595 656 2595 658 2595 677 1 658 1 679 1 679 1 658 1 685 1 679 751 685 751 681 751 681 2596 685 2596 683 2596 658 1 660 1 685 1 685 2597 660 2597 666 2597 666 2598 660 2598 662 2598 666 1 662 1 664 1 1318 2599 1317 2599 650 2599 650 736 1317 736 651 736 651 2600 1317 2600 1326 2600 1326 2601 1327 2601 651 2601 651 2602 1327 2602 668 2602 651 3 668 3 653 3 653 2603 668 2603 670 2603 653 2604 670 2604 655 2604 655 2605 670 2605 672 2605 655 3 672 3 657 3 657 2606 672 2606 674 2606 657 3 674 3 659 3 659 2607 674 2607 676 2607 659 3 676 3 661 3 661 3 676 3 667 3 661 761 667 761 663 761 663 3 667 3 665 3 676 2608 678 2608 667 2608 667 2609 678 2609 684 2609 684 2610 678 2610 680 2610 684 2611 680 2611 682 2611 1327 2612 1329 2612 668 2612 668 2613 1329 2613 669 2613 669 2614 1329 2614 1346 2614 1502 2615 1503 2615 1504 2615 1504 2616 1503 2616 1505 2616 1504 2617 1505 2617 1506 2617 1506 2618 1507 2618 1504 2618 1504 2619 1507 2619 1502 2619 1507 2620 1508 2620 1502 2620 1502 2621 1508 2621 1509 2621 1502 1 1509 1 1510 1 1510 2622 1509 2622 1511 2622 1510 2623 1511 2623 1512 2623 1512 1 1511 1 1513 1 1513 2624 1511 2624 1514 2624 1514 2625 1511 2625 1515 2625 1514 2626 1515 2626 690 2626 690 1 1515 1 691 1 686 3 1516 3 687 3 687 3 1516 3 1517 3 1517 2627 1516 2627 1518 2627 1517 2628 1518 2628 1519 2628 1519 2629 1518 2629 1520 2629 1520 2630 1518 2630 1521 2630 1521 2631 1518 2631 1522 2631 1521 3 1522 3 1523 3 1523 2632 1522 2632 1524 2632 1523 2633 1524 2633 1525 2633 1523 2634 1525 2634 1526 2634 1526 2635 1525 2635 1527 2635 1526 2636 1527 2636 1528 2636 1528 2637 1529 2637 1526 2637 1526 2638 1529 2638 1523 2638 1517 2639 1530 2639 687 2639 687 2640 1530 2640 1531 2640 687 2641 1531 2641 1532 2641 1532 2642 1531 2642 1533 2642 1532 2643 1533 2643 1534 2643 1534 2644 1533 2644 1535 2644 1534 2645 1535 2645 1536 2645 1536 2646 1535 2647 1537 2648 1536 2649 1537 2650 1538 2651 1538 2652 1537 2652 1503 2652 1538 2653 1503 2654 1539 2655 1539 2656 1503 2656 1540 2656 1539 2650 1540 2651 1541 2649 1541 2647 1540 2648 1542 2646 1541 2657 1542 2657 1543 2657 1543 2658 1542 2658 1544 2658 1543 2659 1544 2659 1545 2659 1545 2642 1544 2642 1546 2642 1545 2660 1546 2661 1514 2662 1514 2663 1546 2663 1513 2663 1513 2664 1546 2664 1544 2664 1513 2665 1544 2666 1512 2667 1512 2668 1544 2668 1542 2668 1512 2669 1542 2669 1510 2669 1510 2670 1542 2671 1540 2672 1510 2673 1540 2673 1502 2673 1502 2674 1540 2675 1503 2676 1517 2677 1519 2677 1530 2677 1530 2678 1519 2678 1547 2678 1530 2679 1547 2679 1548 2679 1548 2680 1547 2680 1549 2680 1548 2657 1549 2657 1550 2657 1550 2646 1549 2647 1551 2648 1550 2681 1551 2681 1552 2681 1552 2682 1551 2682 1523 2682 1552 2683 1523 2683 1503 2683 1503 2684 1523 2684 1529 2684 1519 2685 1520 2686 1547 2687 1547 2688 1520 2688 1553 2688 1547 2689 1553 2689 1549 2689 1549 2690 1553 2690 1554 2690 1549 2649 1554 2650 1551 2651 1551 2691 1554 2691 1523 2691 1520 2692 1521 2692 1553 2692 1553 2693 1521 2694 1555 2695 1553 2681 1555 2681 1554 2681 1554 2696 1555 2696 1523 2696 1521 2697 1523 2697 1555 2697 690 2698 687 2698 1514 2698 1514 2699 687 2699 1545 2699 1533 2659 1531 2659 1548 2659 1548 2700 1531 2700 1530 2700 1532 2701 1556 2701 687 2701 687 2702 1556 2702 1557 2702 687 2703 1557 2703 1558 2703 1558 2642 1557 2642 1559 2642 1558 2704 1559 2704 1543 2704 1543 2680 1559 2680 1541 2680 1532 2705 1534 2705 1556 2705 1556 2659 1534 2659 1560 2659 1556 2642 1560 2642 1557 2642 1557 2659 1560 2659 1559 2659 1545 2706 687 2706 1558 2706 1543 2700 1545 2700 1558 2700 1535 2689 1533 2689 1550 2689 1550 2645 1533 2645 1548 2645 1534 2657 1536 2657 1560 2657 1560 2658 1536 2658 1561 2658 1560 2658 1561 2658 1559 2658 1559 2689 1561 2689 1541 2689 1537 2651 1535 2649 1552 2650 1552 2707 1535 2707 1550 2707 1539 2690 1541 2690 1561 2690 1539 2708 1561 2709 1538 2710 1538 2648 1561 2646 1536 2647 1503 2711 1537 2711 1552 2711 1527 2712 1525 2713 1562 2714 1562 2715 1525 2715 1524 2715 1562 2716 1524 2716 1563 2716 1563 2717 1524 2718 1522 2719 1563 2720 1522 2720 1564 2720 1564 2721 1522 2721 1518 2721 1564 2722 1518 2722 1565 2722 1565 2723 1518 2723 1516 2723 1565 2724 1516 2725 1566 2726 1566 2727 1516 2728 1567 2729 1566 2730 1567 2730 1568 2730 1568 2731 1567 2731 1569 2731 1568 2732 1569 2733 1570 2734 1570 2735 1569 2735 1571 2735 1570 2736 1571 2736 1572 2736 1572 2737 1571 2737 1573 2737 1572 2738 1573 2739 1527 2740 1527 2741 1573 2742 1574 2743 1527 2744 1574 2745 1575 2746 1575 2747 1574 2747 1576 2747 1575 2747 1576 2747 1577 2747 1577 2748 1576 2748 1578 2748 1577 2749 1578 2749 1579 2749 1579 2750 1578 2750 1580 2750 1579 2751 1580 2751 1581 2751 1581 2752 1580 2752 691 2752 1581 2753 691 2753 1582 2753 1582 2754 691 2754 1583 2754 1582 2750 1583 2750 1584 2750 1584 2755 1583 2755 1585 2755 1584 2756 1585 2757 1586 2758 1586 2759 1585 2759 1587 2759 1586 2760 1587 2760 1588 2760 1588 2747 1587 2747 1589 2747 1588 2761 1589 2762 1527 2763 1527 2764 1589 2765 1590 2766 1527 2767 1590 2768 1507 2769 1507 2770 1590 2771 1591 2772 1507 2773 1591 2774 1592 2775 1592 2776 1591 2776 1593 2776 1592 2760 1593 2760 1594 2760 1594 2777 1593 2777 1595 2777 1594 2778 1595 2778 1596 2778 1596 2779 1595 2779 1597 2779 1596 2779 1597 2779 1598 2779 1598 2780 1597 2780 691 2780 1598 2781 691 2781 1599 2781 1599 2782 691 2783 1515 2784 1599 2785 1515 2785 1511 2785 686 2786 691 2786 1516 2786 1516 2787 691 2787 1600 2787 1516 2788 1600 2789 1567 2790 1567 2791 1600 2791 1569 2791 1599 2792 1511 2792 1601 2792 1601 2793 1511 2793 1509 2793 1601 2794 1509 2794 1602 2794 1602 2795 1509 2796 1508 2797 1602 2798 1508 2798 1603 2798 1603 2799 1508 2799 1507 2799 1603 2800 1507 2801 1604 2802 1604 2803 1507 2804 1605 2805 1604 2760 1605 2760 1606 2760 1606 2747 1605 2747 1607 2747 1606 2759 1607 2759 1608 2759 1608 2778 1607 2778 1596 2778 1608 2779 1596 2779 1598 2779 1507 2806 1506 2807 1527 2808 1572 2809 1527 2809 1562 2809 1570 2747 1572 2747 1562 2747 1574 2810 1573 2810 1609 2810 1609 2747 1573 2747 1571 2747 1609 2759 1571 2759 1610 2759 1610 2749 1571 2749 1569 2749 1610 2750 1569 2750 1600 2750 1575 2811 1611 2812 1527 2813 1527 2814 1611 2814 1612 2815 1527 2816 1612 2817 1613 2818 1613 2737 1612 2737 1614 2737 1613 2760 1614 2760 1586 2760 1586 2759 1614 2759 1584 2759 1575 2747 1577 2747 1611 2747 1611 2760 1577 2760 1615 2760 1611 2760 1615 2760 1612 2760 1612 2776 1615 2776 1614 2776 1588 2819 1527 2820 1613 2821 1586 2747 1588 2747 1613 2747 1590 2760 1589 2760 1616 2760 1616 2747 1589 2747 1587 2747 1616 2759 1587 2759 1617 2759 1617 2778 1587 2778 1585 2778 1617 2755 1585 2755 1618 2755 1618 2750 1585 2750 1583 2750 1618 2822 1583 2822 691 2822 1591 2760 1590 2760 1619 2760 1619 2747 1590 2747 1616 2747 1619 2777 1616 2777 1620 2777 1620 2778 1616 2778 1617 2778 1620 2755 1617 2755 1621 2755 1621 2750 1617 2750 1618 2750 1621 2822 1618 2822 691 2822 1605 2823 1507 2824 1622 2825 1622 2826 1507 2827 1592 2828 1622 2747 1592 2747 1594 2747 1607 2760 1605 2760 1622 2760 1607 2747 1622 2747 1594 2747 1602 2829 1603 2829 1604 2829 1602 2830 1604 2830 1606 2830 1568 2748 1570 2748 1563 2748 1563 2747 1570 2747 1562 2747 1574 2747 1609 2747 1576 2747 1576 2759 1609 2759 1623 2759 1576 2749 1623 2749 1578 2749 1578 2750 1623 2750 1624 2750 1578 2755 1624 2755 1580 2755 1580 2831 1624 2831 691 2831 1623 2757 1609 2758 1610 2756 1577 2748 1579 2748 1615 2748 1615 2832 1579 2832 1625 2832 1615 2833 1625 2834 1614 2835 1614 2758 1625 2756 1584 2757 1591 2737 1619 2737 1593 2737 1593 2836 1619 2836 1626 2836 1593 2778 1626 2778 1595 2778 1595 2779 1626 2779 1627 2779 1595 2779 1627 2779 1597 2779 1597 2822 1627 2822 691 2822 1626 2837 1619 2837 1620 2837 1596 2777 1607 2777 1594 2777 1601 2838 1602 2838 1606 2838 1601 2839 1606 2839 1608 2839 1566 2750 1568 2750 1564 2750 1564 2749 1568 2749 1563 2749 1565 2755 1566 2755 1564 2755 1623 2750 1610 2750 1628 2750 1628 2755 1610 2755 1600 2755 1628 2840 1600 2840 691 2840 1582 2755 1584 2755 1625 2755 1582 2755 1625 2755 1581 2755 1581 2841 1625 2841 1579 2841 1626 2730 1620 2730 1629 2730 1629 2842 1620 2842 1621 2842 1629 2843 1621 2843 691 2843 1599 2844 1601 2844 1608 2844 1599 2845 1608 2845 1598 2845 691 2846 1624 2846 1628 2846 1628 2755 1624 2755 1623 2755 691 2822 1627 2822 1629 2822 1629 2755 1627 2755 1626 2755 591 1 572 1 587 1 587 1 572 1 574 1 575 2847 588 2848 578 2849 578 2850 588 2851 592 2852 578 2853 592 2854 580 2855 580 2856 592 2857 594 2858 580 2859 594 2859 582 2859 582 2859 594 2859 596 2859 582 2860 596 2860 584 2860 584 2860 596 2860 598 2860 584 2861 598 2861 585 2861 585 2861 598 2861 599 2861 585 2862 599 2862 583 2862 583 2863 599 2863 597 2863 583 2864 597 2864 581 2864 581 2865 597 2865 595 2865 581 2866 595 2866 579 2866 579 2866 595 2866 593 2866 579 2867 593 2867 577 2867 577 2868 593 2868 590 2868 577 2869 590 2869 576 2869 576 2869 590 2869 589 2869 576 2870 589 2870 574 2870 574 2870 589 2870 587 2870 573 2871 1630 2871 575 2871 575 2871 1630 2871 588 2871 588 2871 1630 2871 586 2871 601 2872 1631 2872 603 2872 603 2872 1631 2872 617 2872 617 2872 1631 2872 616 2872 615 2873 602 2873 618 2873 618 2873 602 2873 604 2873 618 2874 604 2874 619 2874 619 2874 604 2874 605 2874 619 2875 605 2875 621 2875 621 2876 605 2876 607 2876 621 2877 607 2877 623 2877 623 2877 607 2877 609 2877 623 2878 609 2879 625 2880 625 2881 609 2882 611 2883 625 2884 611 2884 627 2884 627 2885 611 2886 613 2887 627 2888 613 2888 626 2888 626 2889 613 2889 612 2889 626 2890 612 2890 624 2890 624 2891 612 2891 610 2891 624 2892 610 2892 622 2892 622 2892 610 2892 608 2892 622 2893 608 2893 620 2893 620 2893 608 2893 606 2893 620 2894 606 2895 617 2896 617 2897 606 2897 603 2897 614 3 600 3 615 3 615 3 600 3 602 3 572 1 591 1 1632 1 1632 1 591 1 1633 1 1632 2898 1633 2898 1634 2898 1634 1 1633 1 1635 1 1634 1 1635 1 1636 1 1636 2899 1635 2899 1637 2899 1636 1 1637 1 1638 1 1638 1510 1637 1510 1639 1510 1638 1 1639 1 1640 1 1640 2900 1639 2900 1641 2900 1642 2901 1643 2901 1644 2901 1644 2902 1643 2902 1645 2902 1644 2903 1645 2904 1646 2905 1646 2906 1645 2907 1647 2908 1647 2909 1645 2909 1648 2909 1647 2910 1648 2910 1649 2910 1649 2911 1648 2912 1650 2913 1649 2914 1650 2915 1651 2916 1651 2917 1650 2918 1652 2919 1652 2920 1650 2921 1630 2922 1652 2923 1630 2924 573 2925 1653 2926 1654 2926 1643 2926 1643 2927 1654 2927 1645 2927 1654 2928 1655 2929 1645 2929 1645 2930 1655 2930 1656 2931 1645 2932 1656 2933 1648 2934 1648 2935 1656 2936 1657 2937 1648 2938 1657 2938 1658 2938 1648 2939 1658 2940 1650 2941 1650 2942 1658 2943 1659 2944 1650 2945 1659 2946 1660 2947 586 2948 1630 2949 1660 2950 1660 2951 1630 2952 1650 2953 601 2954 1661 2955 1631 2956 1631 2957 1661 2958 1662 2959 1631 2960 1662 2960 1663 2960 1663 2961 1662 2962 1664 2963 1664 2964 1662 2965 1665 2966 1665 2967 1662 2967 1666 2967 1665 2968 1666 2968 1667 2968 1667 2969 1666 2970 1668 2971 1667 2972 1668 2973 1669 2974 1669 2975 1668 2976 1670 2977 1670 2978 1668 2978 1671 2978 1670 2979 1671 2980 1672 2979 1661 2981 1673 2982 1662 2983 1662 2984 1673 2985 1674 2986 1662 2987 1674 2987 1666 2988 1666 2989 1674 2990 1675 2991 1666 2992 1675 2993 1676 2994 1666 2995 1676 2996 1668 2997 1668 2998 1676 2999 1677 3000 1668 3001 1677 3002 1678 3003 1679 3004 1671 3005 1678 3006 1678 3007 1671 3007 1668 3007 1663 3008 616 3008 1631 3008 1680 3009 1681 3009 1682 3009 1682 3 1681 3 1683 3 1683 1508 1681 1508 1684 1508 1683 3 1684 3 1685 3 1685 1505 1684 1505 1686 1505 1685 3 1686 3 1687 3 1687 3 1686 3 1688 3 1687 3010 1688 3010 1689 3010 1689 3 1688 3 600 3 1689 3 600 3 614 3 601 3011 600 3012 1661 3013 1661 3014 600 3014 1688 3014 1661 3015 1688 3016 1673 3017 1673 3018 1688 3019 1686 3020 1673 3021 1686 3022 1674 3023 1674 3024 1686 3025 1675 3026 1675 3027 1686 3028 1684 3029 1675 3030 1684 3031 1676 3032 1676 3033 1684 3033 1677 3033 1677 3034 1684 3035 1681 3036 1677 3037 1681 3038 1678 3039 1678 3040 1681 3040 1680 3040 1678 3041 1680 3041 1679 3041 586 3042 1660 3042 591 3042 591 3043 1660 3043 1633 3043 1633 3044 1660 3045 1659 3046 1633 3047 1659 3048 1635 3049 1635 3050 1659 3051 1658 3052 1635 3053 1658 3054 1657 3053 1635 3055 1657 3056 1637 3057 1637 3058 1657 3058 1656 3058 1637 3059 1656 3059 1655 3059 1637 3060 1655 3061 1639 3062 1639 3063 1655 3064 1654 3065 1639 3066 1654 3066 1641 3066 1641 3067 1654 3067 1653 3067 1690 3068 1691 3068 1692 3068 1692 3069 1691 3069 1693 3069 1694 3070 1693 3070 1695 3070 1695 3071 1693 3071 1691 3071 1696 3072 1697 3072 1698 3072 1698 3073 1697 3073 1699 3073 1698 3074 1699 3074 1700 3074 1700 3075 1699 3075 1701 3075 1700 3076 1701 3077 1702 3078 1702 3079 1701 3079 1703 3079 1702 3080 1703 3081 1704 3082 1704 3083 1703 3083 1705 3083 1704 3084 1705 3084 1706 3084 1706 3085 1705 3085 1707 3085 1706 3086 1707 3086 1695 3086 1695 3087 1707 3087 1694 3087 1640 1 1641 1 1696 1 1696 1 1641 1 1697 1 573 3088 572 3089 1652 3090 1652 3091 572 3092 1708 3093 1652 3094 1708 3095 1651 3096 1651 3097 1708 3098 1709 3099 1651 3100 1709 3101 1649 3102 1649 3103 1709 3104 1647 3105 1647 3106 1709 3107 1710 3108 1647 3109 1710 3110 1646 3111 1646 3112 1710 3112 1711 3112 1646 3113 1711 3113 1644 3113 1644 3114 1711 3115 1642 3116 1642 3117 1711 3117 1640 3117 1640 3118 1711 3119 1638 3120 1638 3121 1711 3121 1636 3121 1636 3122 1711 3122 1710 3122 1636 3123 1710 3124 1634 3125 1634 3126 1710 3127 1709 3128 1634 3129 1709 3130 1632 3131 1632 3132 1709 3133 1708 3134 1632 3135 1708 3136 572 3137 1642 3138 629 3138 1643 3138 1643 3139 629 3139 628 3139 1643 3140 628 3140 1653 3140 1679 3141 648 3141 1671 3141 1671 3142 648 3142 649 3142 1671 3143 649 3143 1672 3143 1689 3144 614 3145 1712 3146 1712 3147 614 3148 616 3149 1712 3150 616 3151 1663 3152 1663 3153 1664 3154 1712 3155 1712 3156 1664 3157 1713 3158 1712 3131 1713 3129 1687 3130 1687 3128 1713 3126 1685 3127 1685 3124 1713 3125 1714 3123 1685 3122 1714 3122 1683 3122 1683 3159 1714 3159 1715 3159 1683 3160 1715 3160 1682 3160 1682 3161 1715 3162 1670 3163 1682 3164 1670 3164 1672 3164 1664 3165 1665 3166 1713 3167 1713 3168 1665 3169 1714 3170 1665 3171 1667 3172 1714 3173 1714 3174 1667 3175 1669 3176 1714 3177 1669 3177 1715 3177 1715 3178 1669 3179 1670 3180 1687 3181 1689 3182 1712 3183 1680 3 1682 3 1716 3 1716 3184 1682 3184 1717 3184 1718 3185 1719 3185 1720 3185 1720 3186 1719 3187 1721 3188 1720 3189 1721 3189 1722 3189 1722 3190 1721 3191 1723 3192 1722 3193 1723 3193 1724 3193 1724 3194 1723 3194 1725 3194 1724 3195 1725 3195 1726 3195 1726 3196 1725 3196 1727 3196 1726 3197 1727 3197 1728 3197 1728 3198 1727 3198 1729 3198 1728 3199 1729 3199 1717 3199 1717 3200 1729 3200 1716 3200 1730 3201 1719 3201 1731 3201 1731 3202 1719 3202 1718 3202 1732 3203 1730 3203 1733 3203 1733 3 1730 3 1731 3 1690 3204 1503 3204 1691 3204 1691 3205 1503 3205 1695 3205 1695 3206 1503 3207 1706 3208 1706 3209 1503 3209 1529 3209 1706 3210 1529 3210 1720 3210 1720 3211 1529 3212 1718 3213 1718 3214 1529 3214 1731 3214 1731 3215 1529 3215 1733 3215 1706 3216 1720 3217 1704 3218 1704 3219 1720 3220 1722 3221 1704 3222 1722 3222 1702 3222 1702 3223 1722 3223 1724 3223 1702 3224 1724 3224 1700 3224 1700 3225 1724 3226 1726 3227 1700 3228 1726 3228 1698 3228 1698 3229 1726 3229 1728 3229 1698 3230 1728 3230 1696 3230 1696 3231 1728 3231 1717 3231 1696 3232 1717 3232 639 3232 639 3233 1717 3233 641 3233 641 3234 1717 3234 643 3234 643 3235 1717 3235 645 3235 645 3236 1717 3236 647 3236 647 3237 1717 3237 649 3237 649 3238 1717 3238 1682 3238 649 3239 1682 3239 1672 3239 639 3240 637 3240 1696 3240 1696 3241 637 3241 635 3241 1696 3242 635 3242 633 3242 633 3243 631 3244 1696 3245 1696 3246 631 3246 629 3246 1696 3247 629 3247 1640 3247 1640 3248 629 3248 1642 3248 1527 3249 1732 3250 1528 3251 1528 3252 1732 3252 1733 3252 1528 3253 1733 3253 1529 3253 1506 3254 1707 3254 1527 3254 1527 3255 1707 3255 1721 3255 1527 3256 1721 3257 1719 3258 1692 3259 1693 3259 1506 3259 1506 3260 1693 3260 1694 3260 1506 3261 1694 3262 1707 3262 1707 3263 1705 3264 1721 3265 1721 3266 1705 3266 1723 3266 1723 3267 1705 3267 1703 3267 1723 3268 1703 3269 1725 3270 1725 3271 1703 3271 1701 3271 1725 3272 1701 3272 1727 3272 1727 3273 1701 3273 1699 3273 1727 3274 1699 3274 1729 3274 1729 3275 1699 3275 1697 3275 1729 3276 1697 3276 1716 3276 1716 3277 1697 3277 638 3277 1716 3278 638 3278 640 3278 1641 3279 628 3279 1697 3279 1697 3280 628 3280 630 3280 1697 3281 630 3281 632 3281 1641 3282 1653 3282 628 3282 632 3283 634 3283 1697 3283 1697 3284 634 3284 636 3284 1697 3285 636 3285 638 3285 640 3286 642 3286 1716 3286 1716 3287 642 3287 644 3287 1716 3288 644 3288 646 3288 646 3289 648 3289 1716 3289 1716 3290 648 3290 1680 3290 1680 3282 648 3282 1679 3282 1719 3291 1730 3291 1527 3291 1527 3292 1730 3292 1732 3292 1503 3293 1690 3293 1505 3293 1505 3294 1690 3294 1692 3294 1505 3295 1692 3295 1506 3295 1738 122 1739 122 1740 122 1740 3296 1739 3296 1741 3296 1740 122 1741 122 1742 122 1742 3297 1741 3297 1743 3297 1742 3298 1743 3298 1744 3298 1744 3299 1743 3299 1745 3299 1744 3300 1745 3300 1746 3300 1746 122 1745 122 1747 122 1746 3301 1747 3301 1748 3301 1748 3302 1747 3302 1749 3302 1748 3303 1749 3303 1750 3303 1750 3304 1749 3304 1751 3304 1750 3305 1751 3305 1752 3305 1739 122 1738 122 1753 122 1753 3306 1738 3306 1754 3306 1753 122 1754 122 1755 122 1755 3307 1754 3307 1756 3307 1755 122 1756 122 1757 122 1757 3308 1756 3308 1758 3308 1757 3309 1758 3309 1759 3309 1759 3310 1758 3310 1760 3310 1759 3311 1760 3311 1761 3311 1762 122 1763 122 1764 122 1764 3296 1763 3296 1765 3296 1764 122 1765 122 1766 122 1766 3312 1765 3312 1767 3312 1766 3313 1767 3313 1768 3313 1768 3314 1767 3314 1769 3314 1768 3315 1769 3315 1770 3315 1770 122 1769 122 1771 122 1770 3316 1771 3316 1772 3316 1772 3317 1771 3317 1773 3317 1772 3303 1773 3303 1774 3303 1774 3304 1773 3304 1775 3304 1774 3305 1775 3305 1776 3305 1763 122 1762 122 1777 122 1777 3306 1762 3306 1778 3306 1777 122 1778 122 1779 122 1779 3307 1778 3307 1780 3307 1779 122 1780 122 1781 122 1781 3308 1780 3308 1782 3308 1781 3309 1782 3309 1783 3309 1783 3310 1782 3310 1784 3310 1783 3311 1784 3311 1785 3311 1786 122 1787 122 1788 122 1788 3296 1787 3296 1789 3296 1788 3318 1789 3318 1790 3318 1790 3319 1789 3319 1791 3319 1790 3320 1791 3320 1792 3320 1792 3321 1791 3321 1793 3321 1792 122 1793 122 1794 122 1794 122 1793 122 1795 122 1794 122 1795 122 1796 122 1796 3322 1795 3322 1797 3322 1796 3303 1797 3303 1798 3303 1798 3323 1797 3323 1799 3323 1798 3324 1799 3324 1800 3324 1787 122 1786 122 1801 122 1801 122 1786 122 1802 122 1801 122 1802 122 1803 122 1803 122 1802 122 1804 122 1803 3325 1804 3325 1805 3325 1805 3326 1804 3326 1806 3326 1805 3309 1806 3309 1807 3309 1807 122 1806 122 1808 122 1807 3327 1808 3327 1809 3327 1810 122 1811 122 1812 122 1812 3328 1811 3328 1813 3328 1812 3329 1813 3329 1814 3329 1814 3330 1813 3330 1815 3330 1814 3331 1815 3331 1816 3331 1816 3332 1815 3332 1817 3332 1816 122 1817 122 1818 122 1818 122 1817 122 1819 122 1818 122 1819 122 1820 122 1820 3322 1819 3322 1821 3322 1820 3303 1821 3303 1822 3303 1822 3323 1821 3323 1823 3323 1822 3333 1823 3333 1824 3333 1811 122 1810 122 1825 122 1825 122 1810 122 1826 122 1825 122 1826 122 1827 122 1827 122 1826 122 1828 122 1827 3325 1828 3325 1829 3325 1829 3326 1828 3326 1830 3326 1829 3309 1830 3309 1831 3309 1831 122 1830 122 1832 122 1831 3334 1832 3334 1833 3334 1834 3335 1835 3335 1836 3335 1836 3336 1835 3336 1837 3336 1836 122 1837 122 1838 122 1838 3337 1837 3337 1839 3337 1838 3338 1839 3338 1840 3338 1840 3339 1839 3339 1841 3339 1840 3340 1841 3340 1842 3340 1842 122 1841 122 1843 122 1842 3316 1843 3316 1844 3316 1844 3322 1843 3322 1845 3322 1844 3303 1845 3303 1846 3303 1846 3323 1845 3323 1847 3323 1846 3333 1847 3333 1848 3333 1835 3313 1834 3313 1849 3313 1849 3341 1834 3341 1850 3341 1849 122 1850 122 1851 122 1851 3342 1850 3342 1852 3342 1851 122 1852 122 1853 122 1853 3343 1852 3343 1854 3343 1853 3309 1854 3309 1855 3309 1855 122 1854 122 1856 122 1855 3334 1856 3334 1857 3334 1858 121 1859 121 1860 121 1860 121 1859 121 1861 121 1860 99 1862 99 1858 99 1858 99 1862 99 1863 99 1862 145 1864 145 1863 145 1863 145 1864 145 1865 145 1864 122 1861 122 1865 122 1865 122 1861 122 1859 122 1742 3344 1866 3345 1740 3346 1740 3347 1866 3347 1867 3347 1740 3348 1867 3348 1738 3348 1738 3349 1867 3350 1868 3351 1738 3352 1868 3353 1754 3354 1754 3355 1868 3355 1869 3355 1754 3356 1869 3356 1756 3356 1756 3357 1869 3358 1870 3359 1756 3360 1870 3360 1758 3360 1758 3361 1870 3361 1871 3361 1758 3362 1871 3363 1760 3364 1760 3365 1871 3365 1872 3365 1760 3366 1872 3367 1761 3368 1761 3369 1872 3369 1873 3369 1761 3370 1873 3370 1759 3370 1759 3371 1873 3372 1874 3373 1759 3374 1874 3374 1757 3374 1757 3374 1874 3374 1875 3374 1757 3375 1875 3375 1755 3375 1755 3376 1875 3377 1876 3378 1755 3379 1876 3380 1753 3381 1753 3382 1876 3382 1877 3382 1753 3383 1877 3384 1739 3385 1739 3386 1877 3387 1878 3388 1739 3389 1878 3390 1741 3391 1741 3392 1878 3393 1879 3394 1741 3395 1879 3396 1743 3397 1743 3398 1879 3399 1880 3400 1743 3401 1880 3402 1745 3403 1745 3404 1880 3405 1881 3406 1745 3407 1881 3408 1747 3409 1747 3410 1881 3411 1882 3412 1747 3413 1882 3414 1749 3415 1749 3416 1882 3416 1883 3416 1749 3417 1883 3417 1751 3417 1751 3417 1883 3417 1884 3417 1751 3418 1884 3418 1752 3418 1752 3419 1884 3419 1885 3419 1752 3420 1885 3420 1750 3420 1750 3421 1885 3422 1886 3423 1750 3424 1886 3425 1748 3426 1748 3427 1886 3427 1887 3427 1748 3428 1887 3428 1746 3428 1746 3429 1887 3429 1888 3429 1746 3430 1888 3431 1744 3432 1744 3433 1888 3434 1889 3435 1744 3436 1889 3436 1742 3436 1742 3437 1889 3437 1866 3437 1766 3347 1890 3347 1764 3347 1764 3347 1890 3347 1891 3347 1764 3348 1891 3348 1762 3348 1762 3349 1891 3350 1892 3351 1762 3352 1892 3353 1778 3354 1778 3355 1892 3355 1893 3355 1778 3356 1893 3356 1780 3356 1780 3357 1893 3358 1894 3359 1780 3360 1894 3360 1782 3360 1782 3361 1894 3361 1895 3361 1782 3362 1895 3363 1784 3364 1784 3365 1895 3365 1896 3365 1784 3366 1896 3367 1785 3368 1785 3369 1896 3369 1897 3369 1785 3370 1897 3370 1783 3370 1783 3371 1897 3372 1898 3373 1783 3374 1898 3374 1781 3374 1781 3374 1898 3374 1899 3374 1781 3375 1899 3375 1779 3375 1779 3376 1899 3377 1900 3378 1779 3379 1900 3380 1777 3381 1777 3382 1900 3382 1901 3382 1777 3383 1901 3384 1763 3385 1763 3386 1901 3387 1902 3388 1763 3389 1902 3390 1765 3391 1765 3392 1902 3393 1903 3394 1765 3438 1903 3439 1767 3397 1767 3440 1903 3441 1904 3442 1767 3443 1904 3444 1769 3445 1769 3446 1904 3405 1905 3447 1769 3448 1905 3449 1771 3409 1771 3450 1905 3451 1906 3452 1771 3416 1906 3416 1773 3416 1773 3453 1906 3454 1907 3455 1773 3417 1907 3417 1775 3417 1775 3417 1907 3417 1908 3417 1775 3418 1908 3418 1776 3418 1776 3419 1908 3419 1909 3419 1776 3420 1909 3420 1774 3420 1774 3421 1909 3422 1910 3423 1774 3424 1910 3425 1772 3426 1772 3427 1910 3427 1911 3427 1772 3429 1911 3429 1770 3429 1770 3428 1911 3428 1912 3428 1770 3456 1912 3457 1768 3432 1768 3458 1912 3459 1913 3460 1768 3436 1913 3436 1766 3436 1766 3436 1913 3436 1890 3436 1790 3461 1914 3461 1788 3461 1788 3462 1914 3463 1915 3464 1788 3465 1915 3466 1786 3467 1786 3468 1915 3468 1916 3468 1786 3469 1916 3469 1802 3469 1802 3470 1916 3470 1917 3470 1802 3471 1917 3471 1804 3471 1804 3472 1917 3473 1918 3474 1804 3475 1918 3475 1806 3475 1806 3476 1918 3476 1919 3476 1806 3477 1919 3478 1808 3479 1808 3480 1919 3481 1920 3482 1808 3483 1920 3484 1809 3485 1809 3486 1920 3487 1921 3488 1809 3370 1921 3370 1807 3370 1807 3371 1921 3372 1922 3373 1807 3374 1922 3374 1805 3374 1805 3374 1922 3374 1923 3374 1805 3489 1923 3490 1803 3491 1803 3492 1923 3493 1924 3494 1803 3379 1924 3380 1801 3381 1801 3382 1924 3382 1925 3382 1801 3495 1925 3496 1787 3497 1787 3498 1925 3499 1926 3500 1787 3501 1926 3502 1789 3503 1789 3504 1926 3505 1927 3506 1789 3507 1927 3508 1791 3509 1791 3510 1927 3399 1928 3400 1791 3511 1928 3512 1793 3513 1793 3514 1928 3515 1929 3516 1793 3448 1929 3449 1795 3409 1795 3450 1929 3451 1930 3452 1795 3517 1930 3518 1797 3519 1797 3520 1930 3521 1931 3522 1797 3417 1931 3417 1799 3417 1799 3417 1931 3417 1932 3417 1799 3418 1932 3418 1800 3418 1800 3419 1932 3419 1933 3419 1800 3523 1933 3524 1798 3525 1798 3526 1933 3526 1934 3526 1798 3527 1934 3528 1796 3529 1796 3530 1934 3531 1935 3532 1796 3533 1935 3533 1794 3533 1794 3534 1935 3534 1936 3534 1794 3535 1936 3536 1792 3537 1792 3538 1936 3539 1937 3540 1792 3541 1937 3541 1790 3541 1790 3542 1937 3542 1914 3542 1814 3543 1938 3543 1812 3543 1812 3544 1938 3545 1939 3546 1812 3547 1939 3548 1810 3549 1810 3550 1939 3551 1940 3552 1810 3470 1940 3470 1826 3470 1826 3470 1940 3470 1941 3470 1826 3553 1941 3554 1828 3555 1828 3556 1941 3556 1942 3556 1828 3557 1942 3557 1830 3557 1830 3475 1942 3475 1943 3475 1830 3558 1943 3559 1832 3560 1832 3561 1943 3562 1944 3563 1832 3564 1944 3565 1833 3566 1833 3567 1944 3568 1945 3569 1833 3570 1945 3570 1831 3570 1831 3570 1945 3570 1946 3570 1831 3571 1946 3571 1829 3571 1829 3572 1946 3572 1947 3572 1829 3573 1947 3574 1827 3575 1827 3576 1947 3576 1948 3576 1827 3577 1948 3578 1825 3579 1825 3580 1948 3581 1949 3582 1825 3583 1949 3584 1811 3497 1811 3585 1949 3586 1950 3587 1811 3588 1950 3589 1813 3590 1813 3591 1950 3505 1951 3592 1813 3593 1951 3594 1815 3509 1815 3595 1951 3596 1952 3597 1815 3598 1952 3599 1817 3600 1817 3601 1952 3515 1953 3602 1817 3603 1953 3603 1819 3603 1819 3604 1953 3605 1954 3606 1819 3607 1954 3608 1821 3609 1821 3610 1954 3610 1955 3610 1821 3611 1955 3611 1823 3611 1823 3417 1955 3417 1956 3417 1823 3612 1956 3612 1824 3612 1824 3613 1956 3613 1957 3613 1824 3614 1957 3615 1822 3616 1822 3617 1957 3617 1958 3617 1822 3527 1958 3528 1820 3529 1820 3618 1958 3619 1959 3620 1820 3621 1959 3621 1818 3621 1818 3533 1959 3533 1960 3533 1818 3622 1960 3623 1816 3537 1816 3624 1960 3624 1961 3624 1816 3541 1961 3541 1814 3541 1814 3625 1961 3625 1938 3625 1962 3 1963 3 1964 3 1964 3 1963 3 1965 3 1966 1 1858 1 1967 1 1967 1 1858 1 1863 1 1967 1 1863 1 1865 1 1966 1 1968 1 1858 1 1858 1 1968 1 1859 1 1859 1 1968 1 1969 1 1859 3626 1969 3626 1865 3626 1865 1 1969 1 1967 1 1967 145 1969 145 1965 145 1965 145 1969 145 1964 145 1838 3627 1970 3627 1836 3627 1836 3628 1970 3628 1971 3628 1836 3629 1971 3629 1834 3629 1834 3629 1971 3629 1972 3629 1834 3355 1972 3355 1850 3355 1850 3355 1972 3355 1973 3355 1850 3630 1973 3631 1852 3632 1852 3633 1973 3633 1974 3633 1852 3634 1974 3634 1854 3634 1854 3635 1974 3635 1975 3635 1854 3558 1975 3559 1856 3560 1856 3561 1975 3562 1976 3563 1856 3564 1976 3565 1857 3566 1857 3567 1976 3568 1977 3569 1857 3570 1977 3570 1855 3570 1855 3570 1977 3570 1978 3570 1855 3571 1978 3571 1853 3571 1853 3572 1978 3572 1979 3572 1853 3573 1979 3574 1851 3575 1851 3576 1979 3576 1980 3576 1851 3577 1980 3578 1849 3579 1849 3580 1980 3581 1981 3582 1849 3583 1981 3584 1835 3497 1835 3585 1981 3586 1982 3587 1835 3588 1982 3589 1837 3590 1837 3591 1982 3505 1983 3592 1837 3593 1983 3594 1839 3509 1839 3595 1983 3596 1984 3597 1839 3598 1984 3599 1841 3600 1841 3601 1984 3515 1985 3602 1841 3603 1985 3603 1843 3603 1843 3604 1985 3605 1986 3606 1843 3607 1986 3608 1845 3609 1845 3610 1986 3610 1987 3610 1845 3611 1987 3611 1847 3611 1847 3417 1987 3417 1988 3417 1847 3612 1988 3612 1848 3612 1848 3613 1988 3613 1989 3613 1848 3614 1989 3615 1846 3616 1846 3617 1989 3617 1990 3617 1846 3527 1990 3528 1844 3529 1844 3618 1990 3619 1991 3620 1844 3636 1991 3636 1842 3636 1842 3637 1991 3637 1992 3637 1842 3638 1992 3639 1840 3432 1840 3640 1992 3640 1993 3640 1840 3436 1993 3436 1838 3436 1838 3641 1993 3642 1970 3643 1963 121 1962 121 1966 121 1966 121 1962 121 1968 121 1963 99 1994 99 1965 99 1965 99 1994 99 1995 99 1965 3644 1995 3644 1996 3644 1966 99 1997 99 1963 99 1963 3645 1997 3645 1998 3645 1963 3646 1998 3646 1999 3646 1967 99 2000 99 1966 99 1966 3647 2000 3647 2001 3647 1966 3648 2001 3648 2002 3648 1965 99 2003 99 1967 99 1967 3649 2003 3649 2004 3649 1967 3650 2004 3650 2005 3650 2002 99 2006 99 1966 99 1966 3651 2006 3651 2007 3651 1966 3652 2007 3652 2008 3652 2008 99 2009 99 1966 99 1966 3653 2009 3653 1997 3653 1999 3654 2010 3654 1963 3654 1963 3655 2010 3655 2011 3655 1963 3656 2011 3656 2012 3656 2012 99 2013 99 1963 99 1963 3657 2013 3657 1994 3657 1995 99 1994 99 2014 99 2014 99 1994 99 2015 99 2014 99 2015 99 2016 99 2014 99 2016 99 2017 99 2017 99 2016 99 2018 99 2017 99 2018 99 2019 99 2019 99 2018 99 2020 99 2019 99 2020 99 2021 99 2021 99 2020 99 2022 99 2021 99 2022 99 2023 99 2023 99 2022 99 2024 99 2024 99 2022 99 2025 99 2024 99 2025 99 2026 99 2026 99 2025 99 2027 99 2026 99 2027 99 2028 99 2028 99 2027 99 2029 99 2028 99 2029 99 2030 99 2030 99 2029 99 2031 99 2030 99 2031 99 2000 99 2032 3658 2033 3658 1967 3658 1967 3659 2033 3659 2034 3659 1967 99 2034 99 2000 99 2000 99 2034 99 2030 99 1996 99 2035 99 1965 99 1965 3660 2035 3660 2036 3660 1965 3661 2036 3661 2037 3661 2037 3662 2038 3662 1965 3662 1965 3663 2038 3663 2039 3663 1965 3664 2039 3664 2003 3664 2005 99 2040 99 1967 99 1967 3665 2040 3665 2041 3665 1967 3666 2041 3666 2032 3666 2042 3 1862 3 2043 3 2043 3667 1862 3667 1860 3667 2043 3668 1860 3668 2044 3668 2044 3 1860 3 1861 3 2044 3 1861 3 2045 3 2045 3 1861 3 2042 3 2042 3669 1861 3669 1864 3669 2042 3 1864 3 1862 3 1972 122 1971 122 1964 122 1964 3670 1971 3670 1970 3670 1964 3671 1970 3671 1895 3671 1895 122 1970 122 1896 122 1896 3672 1970 3672 1993 3672 1896 122 1993 122 1897 122 1897 3673 1993 3673 1898 3673 1898 3674 1993 3674 1992 3674 1898 122 1992 122 1899 122 1899 3675 1992 3675 1991 3675 1899 122 1991 122 1900 122 1900 3676 1991 3676 1990 3676 1900 122 1990 122 1901 122 1901 3677 1990 3677 1989 3677 1901 3678 1989 3678 1917 3678 1917 122 1989 122 1918 122 1918 3679 1989 3679 1988 3679 1918 3680 1988 3680 1987 3680 1986 122 1960 122 1987 122 1987 3681 1960 3681 1959 3681 1987 122 1959 122 1918 122 1918 3682 1959 3682 1958 3682 1918 122 1958 122 1919 122 1919 3683 1958 3683 1957 3683 1919 122 1957 122 1920 122 1920 3684 1957 3684 1956 3684 1920 3685 1956 3685 1921 3685 1921 3686 1956 3686 1955 3686 1921 3687 1955 3687 1922 3687 1922 3688 1955 3688 1954 3688 1922 122 1954 122 2046 122 2046 3689 1954 3689 2047 3689 2047 3690 1954 3690 1953 3690 2047 3691 1953 3691 2048 3691 2048 122 1953 122 2049 122 2049 3692 1953 3692 1952 3692 2049 122 1952 122 2050 122 2050 122 1952 122 2051 122 2051 3693 1952 3693 1951 3693 2051 122 1951 122 2052 122 2052 3694 1951 3694 1950 3694 2052 122 1950 122 2053 122 2053 3695 1950 3695 1949 3695 2053 122 1949 122 2054 122 2054 3696 1949 3696 1948 3696 2054 122 1948 122 2055 122 2055 3697 1948 3697 1947 3697 2055 3698 1947 3698 1946 3698 1960 122 1986 122 1961 122 1961 3699 1986 3699 1985 3699 1961 122 1985 122 1938 122 1938 3700 1985 3700 1984 3700 1938 3701 1984 3701 1939 3701 1939 3702 1984 3702 1983 3702 1939 122 1983 122 1940 122 1940 3703 1983 3703 1982 3703 1940 122 1982 122 1941 122 1941 3704 1982 3704 1981 3704 1941 3705 1981 3705 1942 3705 1942 3706 1981 3706 1980 3706 1942 122 1980 122 1943 122 1943 3707 1980 3707 1979 3707 1943 122 1979 122 1944 122 1944 3708 1979 3708 1978 3708 1944 3709 1978 3709 2056 3709 2056 122 1978 122 1969 122 2056 3710 1969 3710 2057 3710 2057 3711 1969 3711 2058 3711 2058 122 1969 122 2059 122 2059 122 1969 122 2060 122 2060 122 1969 122 2061 122 2061 122 1969 122 2062 122 2062 122 1969 122 2063 122 2063 122 1969 122 2064 122 2064 122 1969 122 2065 122 2065 122 1969 122 2066 122 2066 122 1969 122 1968 122 2066 122 1968 122 1925 122 1925 122 1968 122 1926 122 1926 122 1968 122 1927 122 1927 122 1968 122 1928 122 1928 122 1968 122 1929 122 1929 122 1968 122 1930 122 1930 3712 1968 3712 1931 3712 1931 3713 1968 3713 1932 3713 1932 122 1968 122 1933 122 1933 3714 1968 3714 1934 3714 1934 3715 1968 3715 1883 3715 1934 3716 1883 3716 1882 3716 1978 122 1977 122 1969 122 1969 3717 1977 3717 1964 3717 1964 3718 1977 3718 1976 3718 1964 3719 1976 3719 1975 3719 1975 122 1974 122 1964 122 1964 3720 1974 3720 1973 3720 1964 3721 1973 3721 1972 3721 1883 122 1968 122 1884 122 1884 122 1968 122 1962 122 1884 122 1962 122 1885 122 1885 122 1962 122 1886 122 1886 122 1962 122 1887 122 1887 122 1962 122 1888 122 1888 122 1962 122 1889 122 1889 122 1962 122 1866 122 1866 3722 1962 3722 1867 3722 1867 122 1962 122 1891 122 1867 122 1891 122 1868 122 1868 122 1891 122 1890 122 1868 122 1890 122 1869 122 1869 122 1890 122 1913 122 1869 122 1913 122 1870 122 1870 122 1913 122 1912 122 1870 122 1912 122 1871 122 1871 122 1912 122 1911 122 1871 122 1911 122 1872 122 1872 122 1911 122 1910 122 1872 122 1910 122 1873 122 1873 122 1910 122 1909 122 1873 122 1909 122 1874 122 1874 122 1909 122 1908 122 1874 122 1908 122 1875 122 1875 122 1908 122 1907 122 1875 122 1907 122 1876 122 1876 122 1907 122 1906 122 1876 122 1906 122 1877 122 1877 122 1906 122 1905 122 1877 122 1905 122 1878 122 1878 122 1905 122 1904 122 1878 122 1904 122 1879 122 1879 122 1904 122 1903 122 1879 122 1903 122 1915 122 1915 122 1903 122 1916 122 1916 3723 1903 3723 1902 3723 1916 3724 1902 3724 1917 3724 1917 3725 1902 3725 1901 3725 1964 122 1893 122 1962 122 1962 3726 1893 3726 1892 3726 1962 3727 1892 3727 1891 3727 2055 122 1946 122 2067 122 2067 3728 1946 3728 1945 3728 2067 3729 1945 3729 1944 3729 2046 3730 2068 3730 1922 3730 1922 122 2068 122 1923 122 1923 122 2068 122 2069 122 1923 122 2069 122 1924 122 1924 3731 2069 3731 2066 3731 1924 122 2066 122 1925 122 2056 122 2067 122 1944 122 1915 122 1914 122 1879 122 1879 122 1914 122 1880 122 1880 3732 1914 3732 1937 3732 1880 122 1937 122 1881 122 1881 3733 1937 3733 1936 3733 1881 122 1936 122 1882 122 1882 3734 1936 3734 1935 3734 1882 3735 1935 3735 1934 3735 1895 122 1894 122 1964 122 1964 3736 1894 3736 1893 3736 2032 3737 2070 3737 2033 3737 2033 3738 2070 3738 2071 3738 2033 3739 2071 3739 2034 3739 2034 3740 2071 3740 2072 3740 2034 3741 2072 3741 2030 3741 2030 3742 2072 3742 2073 3742 2030 3743 2073 3743 2028 3743 2028 3744 2073 3744 2074 3744 2028 3745 2074 3746 2026 3747 2026 3748 2074 3748 2075 3748 2026 3749 2075 3749 2024 3749 2024 3750 2075 3750 2076 3750 2024 3751 2076 3751 2023 3751 2023 3752 2076 3752 2077 3752 2023 3753 2077 3753 2021 3753 2021 3754 2077 3754 2078 3754 2021 3755 2078 3755 2019 3755 2019 3756 2078 3756 2079 3756 2019 3757 2079 3757 2017 3757 2017 3758 2079 3758 2080 3758 2017 3759 2080 3759 2014 3759 2014 3760 2080 3760 2081 3760 2014 3761 2081 3761 1995 3761 1995 3761 2081 3761 2082 3761 1995 3762 2082 3763 1996 3764 1996 3765 2082 3766 2083 3767 1996 3768 2083 3769 2035 3770 2035 3771 2083 3772 2084 3773 2035 3774 2084 3774 2036 3774 2036 3774 2084 3774 2085 3774 2036 3775 2085 3775 2037 3775 2037 3776 2085 3776 2086 3776 2037 3777 2086 3777 2038 3777 2038 3778 2086 3778 2087 3778 2038 3779 2087 3779 2039 3779 2039 3780 2087 3780 2088 3780 2039 3781 2088 3781 2003 3781 2003 3781 2088 3781 2089 3781 2003 3782 2089 3782 2004 3782 2004 3782 2089 3782 2090 3782 2004 3783 2090 3783 2005 3783 2005 3784 2090 3784 2091 3784 2005 3785 2091 3785 2040 3785 2040 3786 2091 3787 2092 3788 2040 3789 2092 3789 2041 3789 2041 3790 2092 3790 2093 3790 2041 3791 2093 3791 2032 3791 2032 3792 2093 3792 2070 3792 2000 3737 2094 3737 2001 3737 2001 3738 2094 3738 2095 3738 2001 3739 2095 3739 2002 3739 2002 3740 2095 3740 2096 3740 2002 3741 2096 3741 2006 3741 2006 3742 2096 3742 2097 3742 2006 3743 2097 3743 2007 3743 2007 3793 2097 3793 2098 3793 2007 3794 2098 3795 2008 3747 2008 3796 2098 3796 2099 3796 2008 3750 2099 3750 2009 3750 2009 3797 2099 3797 2100 3797 2009 3752 2100 3752 1997 3752 1997 3752 2100 3752 2101 3752 1997 3753 2101 3753 1998 3753 1998 3753 2101 3753 2102 3753 1998 3798 2102 3798 1999 3798 1999 3755 2102 3755 2103 3755 1999 3799 2103 3799 2010 3799 2010 3758 2103 3758 2104 3758 2010 3800 2104 3800 2011 3800 2011 3760 2104 3760 2105 3760 2011 3761 2105 3761 2012 3761 2012 3761 2105 3761 2106 3761 2012 3762 2106 3763 2013 3764 2013 3765 2106 3766 2107 3767 2013 3768 2107 3769 1994 3770 1994 3771 2107 3772 2108 3773 1994 3774 2108 3774 2015 3774 2015 3774 2108 3774 2109 3774 2015 3775 2109 3775 2016 3775 2016 3801 2109 3801 2110 3801 2016 3777 2110 3777 2018 3777 2018 3802 2110 3802 2111 3802 2018 3803 2111 3803 2020 3803 2020 3779 2111 3779 2112 3779 2020 3804 2112 3804 2022 3804 2022 3781 2112 3781 2113 3781 2022 3782 2113 3782 2025 3782 2025 3805 2113 3805 2114 3805 2025 3784 2114 3784 2027 3784 2027 3806 2114 3806 2115 3806 2027 3807 2115 3807 2029 3807 2029 3808 2115 3787 2116 3809 2029 3810 2116 3810 2031 3810 2031 3790 2116 3790 2117 3790 2031 3791 2117 3791 2000 3791 2000 3792 2117 3792 2094 3792 2118 99 2119 99 2042 99 2042 99 2119 99 2045 99 2119 145 2120 145 2045 145 2045 145 2120 145 2044 145 2120 122 2121 122 2044 122 2044 122 2121 122 2043 122 2121 121 2118 121 2043 121 2043 121 2118 121 2042 121 2048 3811 2122 3811 2047 3811 2047 3811 2122 3811 2123 3811 2047 3812 2123 3812 2046 3812 2046 3812 2123 3812 2124 3812 2046 3813 2124 3813 2068 3813 2068 3814 2124 3815 2125 3816 2068 3817 2125 3818 2069 3819 2069 3820 2125 3821 2126 3822 2069 3823 2126 3824 2066 3825 2066 3826 2126 3827 2127 3828 2066 3829 2127 3830 2065 3831 2065 3832 2127 3833 2128 3834 2065 3835 2128 3836 2064 3837 2064 3838 2128 3839 2129 3840 2064 3841 2129 3842 2063 3843 2063 3844 2129 3845 2130 3846 2063 3847 2130 3848 2062 3849 2062 3850 2130 3851 2131 3852 2062 3853 2131 3854 2061 3855 2061 3856 2131 3857 2132 3858 2061 3859 2132 3860 2060 3861 2060 3862 2132 3863 2133 3864 2060 3865 2133 3865 2059 3865 2059 3866 2133 3866 2134 3866 2059 3867 2134 3867 2058 3867 2058 3868 2134 3868 2135 3868 2058 3869 2135 3869 2057 3869 2057 3870 2135 3870 2136 3870 2057 3871 2136 3872 2056 3873 2056 3874 2136 3875 2137 3876 2056 3877 2137 3878 2067 3879 2067 3880 2137 3881 2138 3882 2067 3883 2138 3884 2055 3885 2055 3886 2138 3887 2139 3888 2055 3889 2139 3889 2054 3889 2054 3890 2139 3890 2140 3890 2054 3891 2140 3892 2053 3893 2053 3894 2140 3895 2141 3896 2053 3897 2141 3898 2052 3899 2052 3900 2141 3901 2142 3902 2052 3903 2142 3903 2051 3903 2051 3903 2142 3903 2143 3903 2051 3904 2143 3905 2050 3906 2050 3907 2143 3908 2144 3909 2050 3910 2144 3911 2049 3912 2049 3913 2144 3914 2145 3915 2049 3916 2145 3916 2048 3916 2048 3917 2145 3918 2122 3919 2150 1 2151 1 2152 1 2152 1 2151 1 2153 1 2153 145 2151 145 2160 145 2160 145 2151 145 2161 145 2150 122 2162 122 2151 122 2151 122 2162 122 2161 122 2159 1 2165 1 2155 1 2155 1 2165 1 2160 1 2155 3964 2160 3964 2157 3964 2157 1 2160 1 2164 1 2164 1 2160 1 2161 1 2164 1 2161 1 2162 1 2165 1 2159 1 2162 1 2162 1 2159 1 2164 1 2150 121 2152 121 2162 121 2162 121 2152 121 2165 121 2153 99 2160 99 2152 99 2152 99 2160 99 2165 99 2368 4517 2373 4517 2369 4517 2461 99 2227 99 2454 99 2454 4996 2227 4996 2459 4996 2454 4997 2459 4997 2458 4997 2223 99 2493 99 2503 99 2503 99 2493 99 2496 99 2503 5002 2496 5002 2498 5002 2498 5003 2500 5003 2503 5003 2503 5004 2500 5004 2502 5004 2458 5007 2457 5007 2454 5007 2454 5008 2457 5009 2456 5010 2454 5011 2456 5011 2455 5011 2482 5747 2714 5748 2715 5749 2726 99 2702 99 2696 99 2696 5862 2702 5862 2701 5862 2696 5863 2701 5863 2700 5863 2732 99 2733 99 2726 99 2726 5864 2733 5864 2734 5864 2726 5865 2734 5865 2735 5865 2735 99 2736 99 2726 99 2726 5866 2736 5866 2737 5866 2726 99 2737 99 2702 99 2702 5867 2737 5867 2703 5867 2703 99 2737 99 2738 99 2703 99 2738 99 2710 99 2710 5868 2738 5868 2739 5868 2710 99 2739 99 2740 99 2740 5869 2741 5869 2710 5869 2710 99 2741 99 2742 99 2710 99 2742 99 2743 99 2710 99 2709 99 2703 99 2703 99 2709 99 2704 99 2704 99 2709 99 2705 99 2705 5870 2709 5870 2706 5870 2706 5871 2709 5871 2707 5871 2707 5872 2709 5872 2708 5872 2700 5873 2699 5873 2696 5873 2696 99 2699 99 2698 99 2696 99 2698 99 2697 99 2798 6161 2799 6161 2800 6161 2800 6161 2799 6161 2801 6161 2800 6162 2801 6162 2802 6162 2802 6162 2801 6162 2803 6162 2802 6163 2803 6163 2804 6163 2804 6164 2803 6165 2805 6166 2804 6167 2805 6168 2806 6169 2806 6170 2805 6170 2807 6170 2806 6171 2807 6171 2808 6171 2808 6172 2807 6172 2809 6172 2808 6173 2809 6173 2810 6173 2810 6173 2809 6173 2811 6173 2810 6174 2811 6174 2812 6174 2812 6174 2811 6174 2813 6174 2812 6175 2813 6175 2814 6175 2814 6176 2813 6176 2815 6176 2814 6177 2815 6177 2816 6177 2816 6178 2815 6178 2817 6178 2816 6179 2817 6179 2818 6179 2818 6180 2817 6180 2819 6180 2818 6181 2819 6181 2820 6181 2820 6182 2819 6182 2821 6182 2820 6183 2821 6183 2822 6183 2822 6184 2821 6184 2823 6184 2822 6185 2823 6185 2824 6185 2824 6186 2823 6186 2825 6186 2824 6187 2825 6187 2826 6187 2826 6188 2825 6188 2827 6188 2826 6189 2827 6189 2828 6189 2828 6190 2827 6190 2829 6190 2828 6191 2829 6191 2830 6191 2830 6192 2829 6192 2831 6192 2830 6193 2831 6193 2832 6193 2832 6194 2831 6194 2833 6194 2832 6195 2833 6195 2834 6195 2834 6196 2833 6196 2835 6196 2834 6197 2835 6197 2836 6197 2836 6198 2835 6198 2837 6198 2836 6199 2837 6199 2838 6199 2838 6199 2837 6199 2839 6199 2838 6200 2839 6200 2840 6200 2840 6200 2839 6200 2841 6200 2840 6201 2841 6201 2842 6201 2842 6202 2841 6202 2843 6202 2842 6203 2843 6203 2844 6203 2844 6204 2843 6204 2845 6204 2844 6205 2845 6205 2798 6205 2798 6206 2845 6206 2799 6206 2802 99 2822 99 2800 99 2800 99 2822 99 2824 99 2800 99 2824 99 2798 99 2798 99 2824 99 2826 99 2798 99 2826 99 2844 99 2844 99 2826 99 2828 99 2844 99 2828 99 2842 99 2842 99 2828 99 2830 99 2842 99 2830 99 2840 99 2840 99 2830 99 2832 99 2840 99 2832 99 2838 99 2838 99 2832 99 2834 99 2838 99 2834 99 2836 99 2822 99 2802 99 2820 99 2820 99 2802 99 2804 99 2820 99 2804 99 2818 99 2818 99 2804 99 2806 99 2818 99 2806 99 2816 99 2816 99 2806 99 2808 99 2816 99 2808 99 2814 99 2814 99 2808 99 2810 99 2814 99 2810 99 2812 99 2846 6207 2847 6207 2848 6207 2848 6207 2847 6207 2849 6207 2848 6208 2849 6208 2850 6208 2850 6208 2849 6208 2851 6208 2850 6209 2851 6209 2852 6209 2852 6210 2851 6210 2853 6210 2852 6211 2853 6211 2854 6211 2854 6212 2853 6212 2855 6212 2854 6213 2855 6213 2856 6213 2856 6214 2855 6214 2857 6214 2856 6215 2857 6215 2858 6215 2858 6215 2857 6215 2859 6215 2858 6216 2859 6216 2860 6216 2860 6216 2859 6216 2861 6216 2860 6217 2861 6217 2862 6217 2862 6218 2861 6218 2863 6218 2862 6219 2863 6219 2864 6219 2864 6220 2863 6220 2865 6220 2864 6221 2865 6221 2866 6221 2866 6222 2865 6222 2867 6222 2866 6223 2867 6223 2868 6223 2868 6224 2867 6224 2869 6224 2868 6225 2869 6225 2870 6225 2870 6226 2869 6226 2871 6226 2870 6227 2871 6227 2872 6227 2872 6228 2871 6228 2873 6228 2872 6229 2873 6229 2874 6229 2874 6230 2873 6230 2875 6230 2874 6231 2875 6231 2876 6231 2876 6232 2875 6232 2877 6232 2876 6233 2877 6233 2878 6233 2878 6234 2877 6234 2879 6234 2878 6235 2879 6235 2880 6235 2880 6236 2879 6236 2881 6236 2880 6237 2881 6237 2882 6237 2882 6238 2881 6238 2883 6238 2882 6239 2883 6239 2884 6239 2884 6240 2883 6240 2885 6240 2884 6241 2885 6241 2886 6241 2886 6241 2885 6241 2887 6241 2886 6242 2887 6242 2888 6242 2888 6242 2887 6242 2889 6242 2888 6243 2889 6243 2890 6243 2890 6244 2889 6244 2891 6244 2890 6245 2891 6245 2892 6245 2892 6246 2891 6247 2893 6248 2892 6249 2893 6250 2846 6251 2846 6252 2893 6252 2847 6252 2850 99 2870 99 2848 99 2848 99 2870 99 2872 99 2848 99 2872 99 2846 99 2846 99 2872 99 2874 99 2846 99 2874 99 2892 99 2892 99 2874 99 2876 99 2892 99 2876 99 2890 99 2890 99 2876 99 2878 99 2890 99 2878 99 2888 99 2888 99 2878 99 2880 99 2888 99 2880 99 2886 99 2886 99 2880 99 2882 99 2886 99 2882 99 2884 99 2870 99 2850 99 2868 99 2868 99 2850 99 2852 99 2868 99 2852 99 2866 99 2866 99 2852 99 2854 99 2866 99 2854 99 2864 99 2864 99 2854 99 2856 99 2864 99 2856 99 2862 99 2862 99 2856 99 2858 99 2862 99 2858 99 2860 99 2894 6228 2895 6228 2896 6228 2896 6228 2895 6228 2897 6228 2896 6229 2897 6229 2898 6229 2898 6229 2897 6229 2899 6229 2898 6232 2899 6232 2900 6232 2900 6253 2899 6254 2901 6255 2900 6256 2901 6257 2902 6258 2902 6233 2901 6233 2903 6233 2902 6235 2903 6235 2904 6235 2904 6259 2903 6259 2905 6259 2904 6238 2905 6238 2906 6238 2906 6238 2905 6238 2907 6238 2906 6239 2907 6239 2908 6239 2908 6239 2907 6239 2909 6239 2908 6260 2909 6260 2910 6260 2910 6241 2909 6241 2911 6241 2910 6242 2911 6242 2912 6242 2912 6261 2911 6261 2913 6261 2912 6262 2913 6262 2914 6262 2914 6244 2913 6244 2915 6244 2914 6263 2915 6263 2916 6263 2916 6245 2915 6245 2917 6245 2916 6252 2917 6252 2918 6252 2918 6264 2917 6264 2919 6264 2918 6265 2919 6265 2920 6265 2920 6207 2919 6207 2921 6207 2920 6208 2921 6208 2922 6208 2922 6266 2921 6266 2923 6266 2922 6267 2923 6267 2924 6267 2924 6209 2923 6209 2925 6209 2924 6212 2925 6212 2926 6212 2926 6268 2925 6268 2927 6268 2926 6213 2927 6213 2928 6213 2928 6269 2927 6269 2929 6269 2928 6270 2929 6270 2930 6270 2930 6215 2929 6215 2931 6215 2930 6216 2931 6216 2932 6216 2932 6271 2931 6271 2933 6271 2932 6218 2933 6218 2934 6218 2934 6218 2933 6218 2935 6218 2934 6219 2935 6219 2936 6219 2936 6219 2935 6219 2937 6219 2936 6272 2937 6272 2938 6272 2938 6222 2937 6222 2939 6222 2938 6224 2939 6224 2940 6224 2940 6273 2939 6273 2941 6273 2940 6274 2941 6274 2894 6274 2894 6225 2941 6225 2895 6225 2898 99 2918 99 2896 99 2896 99 2918 99 2920 99 2896 99 2920 99 2894 99 2894 99 2920 99 2922 99 2894 99 2922 99 2940 99 2940 99 2922 99 2924 99 2940 99 2924 99 2938 99 2938 99 2924 99 2926 99 2938 99 2926 99 2936 99 2936 99 2926 99 2928 99 2936 99 2928 99 2934 99 2934 99 2928 99 2930 99 2934 99 2930 99 2932 99 2918 99 2898 99 2916 99 2916 99 2898 99 2900 99 2916 99 2900 99 2914 99 2914 99 2900 99 2902 99 2914 99 2902 99 2912 99 2912 99 2902 99 2904 99 2912 99 2904 99 2910 99 2910 99 2904 99 2906 99 2910 99 2906 99 2908 99 2942 6186 2943 6186 2944 6186 2944 6186 2943 6186 2945 6186 2944 6187 2945 6187 2946 6187 2946 6187 2945 6187 2947 6187 2946 6190 2947 6190 2948 6190 2948 6275 2947 6275 2949 6275 2948 6276 2949 6276 2950 6276 2950 6191 2949 6191 2951 6191 2950 6193 2951 6193 2952 6193 2952 6277 2951 6277 2953 6277 2952 6196 2953 6196 2954 6196 2954 6196 2953 6196 2955 6196 2954 6197 2955 6197 2956 6197 2956 6197 2955 6197 2957 6197 2956 6278 2957 6278 2958 6278 2958 6199 2957 6199 2959 6199 2958 6200 2959 6200 2960 6200 2960 6279 2959 6279 2961 6279 2960 6280 2961 6280 2962 6280 2962 6202 2961 6202 2963 6202 2962 6281 2963 6281 2964 6281 2964 6203 2963 6203 2965 6203 2964 6206 2965 6206 2966 6206 2966 6282 2965 6282 2967 6282 2966 6283 2967 6283 2968 6283 2968 6161 2967 6161 2969 6161 2968 6162 2969 6162 2970 6162 2970 6284 2969 6284 2971 6284 2970 6285 2971 6285 2972 6285 2972 6163 2971 6163 2973 6163 2972 6170 2973 6170 2974 6170 2974 6286 2973 6286 2975 6286 2974 6171 2975 6171 2976 6171 2976 6287 2975 6287 2977 6287 2976 6288 2977 6288 2978 6288 2978 6173 2977 6173 2979 6173 2978 6174 2979 6174 2980 6174 2980 6289 2979 6289 2981 6289 2980 6176 2981 6176 2982 6176 2982 6176 2981 6176 2983 6176 2982 6177 2983 6177 2984 6177 2984 6177 2983 6177 2985 6177 2984 6290 2985 6290 2986 6290 2986 6180 2985 6180 2987 6180 2986 6182 2987 6182 2988 6182 2988 6291 2987 6292 2989 6293 2988 6294 2989 6295 2942 6296 2942 6183 2989 6183 2943 6183 2946 99 2966 99 2944 99 2944 99 2966 99 2968 99 2944 99 2968 99 2942 99 2942 99 2968 99 2970 99 2942 99 2970 99 2988 99 2988 99 2970 99 2972 99 2988 99 2972 99 2986 99 2986 99 2972 99 2974 99 2986 99 2974 99 2984 99 2984 99 2974 99 2976 99 2984 99 2976 99 2982 99 2982 99 2976 99 2978 99 2982 99 2978 99 2980 99 2966 99 2946 99 2964 99 2964 99 2946 99 2948 99 2964 99 2948 99 2962 99 2962 99 2948 99 2950 99 2962 99 2950 99 2960 99 2960 99 2950 99 2952 99 2960 99 2952 99 2958 99 2958 99 2952 99 2954 99 2958 99 2954 99 2956 99 2990 6297 2991 6297 2992 6297 2992 6298 2991 6298 2993 6298 2992 6299 2993 6299 2994 6299 2994 6300 2993 6300 2995 6300 2994 6301 2995 6301 2996 6301 2996 6302 2995 6302 2997 6302 2996 6303 2997 6303 2998 6303 2998 6304 2997 6304 2999 6304 2998 6305 2999 6305 3000 6305 3000 6305 2999 6305 3001 6305 3000 6306 3001 6306 3002 6306 3002 6307 3001 6307 3003 6307 3002 6308 3003 6308 3004 6308 3004 6309 3003 6309 3005 6309 3004 6310 3005 6310 3006 6310 3006 6310 3005 6310 3007 6310 3006 6311 3007 6311 3008 6311 3008 6311 3007 6311 3009 6311 3008 6312 3009 6312 3010 6312 3010 6312 3009 6312 3011 6312 3010 6313 3011 6313 3012 6313 3012 6314 3011 6314 3013 6314 3012 6315 3013 6315 3014 6315 3014 6316 3013 6316 3015 6316 3014 6317 3015 6317 3016 6317 3016 6318 3015 6318 3017 6318 3016 6319 3017 6319 3018 6319 3018 6320 3017 6320 3019 6320 3018 6321 3019 6321 3020 6321 3020 6322 3019 6322 3021 6322 3020 6323 3021 6323 3022 6323 3022 6324 3021 6324 3023 6324 3022 6325 3023 6325 3024 6325 3024 6325 3023 6325 3025 6325 3024 6326 3025 6326 3026 6326 3026 6326 3025 6326 3027 6326 3026 6327 3027 6327 3028 6327 3028 6327 3027 6327 3029 6327 3028 6328 3029 6328 3030 6328 3030 6329 3029 6329 3031 6329 3030 6330 3031 6330 3032 6330 3032 6331 3031 6331 3033 6331 3032 6332 3033 6332 3034 6332 3034 6332 3033 6332 3035 6332 3034 6333 3035 6333 3036 6333 3036 6334 3035 6334 3037 6334 3036 6335 3037 6335 2990 6335 2990 6336 3037 6336 2991 6336 2994 99 3014 99 2992 99 2992 99 3014 99 3016 99 2992 99 3016 99 2990 99 2990 99 3016 99 3018 99 2990 99 3018 99 3036 99 3036 99 3018 99 3020 99 3036 99 3020 99 3034 99 3034 99 3020 99 3022 99 3034 99 3022 99 3032 99 3032 99 3022 99 3024 99 3032 99 3024 99 3030 99 3030 99 3024 99 3026 99 3030 99 3026 99 3028 99 3014 99 2994 99 3012 99 3012 99 2994 99 2996 99 3012 99 2996 99 3010 99 3010 99 2996 99 2998 99 3010 99 2998 99 3008 99 3008 99 2998 99 3000 99 3008 99 3000 99 3006 99 3006 99 3000 99 3002 99 3006 99 3002 99 3004 99 3038 6337 3039 6337 3040 6337 3040 6338 3039 6338 3041 6338 3040 6339 3041 6339 3042 6339 3042 6340 3041 6340 3043 6340 3042 6302 3043 6302 3044 6302 3044 6341 3043 6341 3045 6341 3044 6342 3045 6342 3046 6342 3046 6343 3045 6343 3047 6343 3046 6344 3047 6344 3048 6344 3048 6344 3047 6344 3049 6344 3048 6306 3049 6306 3050 6306 3050 6306 3049 6306 3051 6306 3050 6309 3051 6309 3052 6309 3052 6309 3051 6309 3053 6309 3052 6310 3053 6310 3054 6310 3054 6345 3053 6345 3055 6345 3054 6346 3055 6346 3056 6346 3056 6311 3055 6311 3057 6311 3056 6347 3057 6347 3058 6347 3058 6347 3057 6347 3059 6347 3058 6348 3059 6348 3060 6348 3060 6349 3059 6349 3061 6349 3060 6316 3061 6316 3062 6316 3062 6350 3061 6350 3063 6350 3062 6351 3063 6351 3064 6351 3064 6352 3063 6352 3065 6352 3064 6353 3065 6353 3066 6353 3066 6354 3065 6354 3067 6354 3066 6355 3067 6355 3068 6355 3068 6321 3067 6321 3069 6321 3068 6356 3069 6356 3070 6356 3070 6357 3069 6357 3071 6357 3070 6358 3071 6358 3072 6358 3072 6358 3071 6358 3073 6358 3072 6326 3073 6326 3074 6326 3074 6359 3073 6359 3075 6359 3074 6360 3075 6360 3076 6360 3076 6327 3075 6327 3077 6327 3076 6328 3077 6328 3078 6328 3078 6328 3077 6328 3079 6328 3078 6331 3079 6331 3080 6331 3080 6331 3079 6331 3081 6331 3080 6361 3081 6361 3082 6361 3082 6361 3081 6361 3083 6361 3082 6362 3083 6362 3084 6362 3084 6363 3083 6363 3085 6363 3084 6364 3085 6364 3038 6364 3038 6335 3085 6335 3039 6335 3042 99 3062 99 3040 99 3040 99 3062 99 3064 99 3040 99 3064 99 3038 99 3038 99 3064 99 3066 99 3038 99 3066 99 3084 99 3084 99 3066 99 3068 99 3084 99 3068 99 3082 99 3082 99 3068 99 3070 99 3082 99 3070 99 3080 99 3080 99 3070 99 3072 99 3080 99 3072 99 3078 99 3078 99 3072 99 3074 99 3078 99 3074 99 3076 99 3062 99 3042 99 3060 99 3060 99 3042 99 3044 99 3060 99 3044 99 3058 99 3058 99 3044 99 3046 99 3058 99 3046 99 3056 99 3056 99 3046 99 3048 99 3056 99 3048 99 3054 99 3054 99 3048 99 3050 99 3054 99 3050 99 3052 99 3086 6365 3087 6365 3088 6365 3088 6365 3087 6365 3089 6365 3086 6366 3090 6366 3087 6366 3087 6366 3090 6366 3091 6366 3090 6367 3092 6367 3091 6367 3091 6367 3092 6367 3093 6367 3089 6368 3093 6368 3088 6368 3088 6368 3093 6368 3092 6368 3093 1 3089 1 3094 1 3094 1 3089 1 3095 1 3089 145 3087 145 3095 145 3095 145 3087 145 3096 145 3097 122 3098 122 3099 122 3099 122 3098 122 3100 122 3099 122 3100 122 3101 122 3101 122 3100 122 3102 122 3101 122 3102 122 3103 122 3103 122 3102 122 3104 122 3103 122 3104 122 3105 122 3105 122 3104 122 3106 122 3105 122 3106 122 3107 122 3107 122 3106 122 3108 122 3107 122 3108 122 3109 122 3109 122 3108 122 3110 122 3109 122 3110 122 3111 122 3111 122 3110 122 3112 122 3111 122 3112 122 3113 122 3113 122 3112 122 3114 122 3113 122 3114 122 3115 122 3115 122 3114 122 3116 122 3115 122 3116 122 3117 122 3117 122 3116 122 3118 122 3117 122 3118 122 3119 122 3119 122 3118 122 3120 122 3119 122 3120 122 3121 122 3121 122 3120 122 3122 122 3121 122 3122 122 3123 122 3123 122 3122 122 3124 122 3123 122 3124 122 3092 122 3092 122 3124 122 3088 122 3088 6369 3124 6369 3125 6369 3088 6370 3125 6370 3126 6370 3098 122 3097 122 3127 122 3127 122 3097 122 3128 122 3127 122 3128 122 3129 122 3129 122 3128 122 3130 122 3129 122 3130 122 3131 122 3131 122 3130 122 3132 122 3131 122 3132 122 3133 122 3133 122 3132 122 3134 122 3133 122 3134 122 3086 122 3086 122 3134 122 3090 122 3090 6371 3134 6371 3135 6371 3090 6372 3135 6372 3136 6372 3136 6373 3137 6373 3090 6373 3090 6374 3137 6374 3138 6374 3090 6375 3138 6375 3139 6375 3139 6376 3140 6376 3090 6376 3090 6377 3140 6377 3141 6377 3090 6378 3141 6378 3142 6378 3090 6379 3142 6379 3143 6379 3143 6380 3142 6381 3144 6382 3143 122 3144 122 3145 122 3145 6383 3144 6383 3146 6383 3145 6384 3146 6384 3147 6384 3147 122 3146 122 3148 122 3148 6385 3146 6386 3149 6387 3148 6388 3149 6388 3150 6388 3150 6389 3149 6389 3151 6389 3150 122 3151 122 3152 122 3152 6390 3151 6390 3153 6390 3152 6391 3153 6391 3154 6391 3152 122 3154 122 3155 122 3155 6392 3154 6392 3156 6392 3155 6393 3156 6393 3157 6393 3157 6394 3156 6394 3105 6394 3157 122 3105 122 3107 122 3090 6395 3143 6395 3092 6395 3092 6378 3143 6378 3158 6378 3092 6377 3158 6377 3159 6377 3159 6376 3160 6376 3092 6376 3092 6375 3160 6375 3161 6375 3092 6374 3161 6374 3162 6374 3162 6373 3163 6373 3092 6373 3092 6372 3163 6372 3164 6372 3092 6371 3164 6371 3123 6371 3165 6396 3166 6396 3086 6396 3086 6397 3166 6397 3167 6397 3086 6398 3167 6398 3168 6398 3168 6399 3169 6399 3086 6399 3086 6400 3169 6400 3170 6400 3086 6401 3170 6401 3171 6401 3171 6402 3172 6402 3086 6402 3086 6369 3172 6369 3133 6369 3108 122 3106 122 3173 122 3173 6403 3106 6403 3174 6403 3173 6404 3174 6404 3175 6404 3175 6405 3174 6405 3176 6405 3175 122 3176 122 3177 122 3177 6406 3176 6406 3178 6406 3177 6407 3178 6407 3179 6407 3177 122 3179 122 3180 122 3180 6408 3179 6408 3181 6408 3180 6409 3181 6409 3182 6409 3182 6410 3181 6411 3183 6412 3182 122 3183 122 3184 122 3184 6413 3183 6413 3185 6413 3185 6414 3183 6414 3186 6414 3185 122 3186 122 3187 122 3187 6415 3186 6416 3165 6417 3187 6418 3165 6418 3086 6418 3188 6419 3189 6419 3088 6419 3088 6420 3189 6420 3187 6420 3088 6421 3187 6421 3086 6421 3126 6376 3190 6376 3088 6376 3088 6400 3190 6400 3191 6400 3088 6422 3191 6422 3192 6422 3192 6373 3188 6373 3088 6373 3193 6423 3187 6423 3194 6423 3194 6424 3187 6424 3189 6424 3194 6425 3189 6425 3195 6425 3195 6425 3189 6425 3188 6425 3195 6426 3188 6426 3196 6426 3196 6427 3188 6427 3192 6427 3196 6428 3192 6428 3197 6428 3197 6429 3192 6429 3191 6429 3197 6430 3191 6430 3198 6430 3198 6431 3191 6431 3190 6431 3198 6432 3190 6432 3199 6432 3199 6433 3190 6433 3126 6433 3199 6434 3126 6434 3200 6434 3200 6435 3126 6435 3125 6435 3200 6436 3125 6436 3201 6436 3201 6437 3125 6437 3124 6437 3201 6438 3124 6438 3202 6438 3202 6439 3124 6439 3122 6439 3202 6440 3122 6440 3203 6440 3203 6441 3122 6441 3120 6441 3203 6442 3120 6442 3204 6442 3204 6443 3120 6443 3118 6443 3204 6444 3118 6444 3205 6444 3205 6445 3118 6445 3116 6445 3205 6446 3116 6446 3206 6446 3206 6447 3116 6447 3114 6447 3206 6448 3114 6448 3207 6448 3207 6449 3114 6449 3112 6449 3207 6450 3112 6450 3208 6450 3208 6451 3112 6451 3110 6451 3208 6452 3110 6452 3209 6452 3209 6453 3110 6453 3108 6453 3209 6454 3108 6454 3210 6454 3210 6455 3108 6455 3173 6455 3210 6456 3173 6456 3211 6456 3211 6457 3173 6457 3175 6457 3211 6458 3175 6458 3212 6458 3212 6459 3175 6459 3177 6459 3212 6460 3177 6460 3213 6460 3213 6461 3177 6461 3180 6461 3213 6462 3180 6462 3214 6462 3214 6463 3180 6463 3182 6463 3214 6464 3182 6464 3215 6464 3215 6464 3182 6464 3184 6464 3215 6465 3184 6465 3216 6465 3216 6466 3184 6466 3185 6466 3216 6467 3185 6467 3193 6467 3193 6468 3185 6468 3187 6468 3195 122 3205 122 3194 122 3194 122 3205 122 3206 122 3194 122 3206 122 3193 122 3193 122 3206 122 3207 122 3193 122 3207 122 3216 122 3216 122 3207 122 3208 122 3216 122 3208 122 3215 122 3215 122 3208 122 3209 122 3215 122 3209 122 3214 122 3214 122 3209 122 3210 122 3214 122 3210 122 3213 122 3213 122 3210 122 3211 122 3213 122 3211 122 3212 122 3205 122 3195 122 3204 122 3204 122 3195 122 3196 122 3204 122 3196 122 3203 122 3203 122 3196 122 3197 122 3203 122 3197 122 3202 122 3202 122 3197 122 3198 122 3202 122 3198 122 3201 122 3201 122 3198 122 3199 122 3201 122 3199 122 3200 122 3217 6469 3167 6469 3218 6469 3218 6469 3167 6469 3166 6469 3218 6470 3166 6470 3219 6470 3219 6471 3166 6471 3165 6471 3219 6472 3165 6472 3220 6472 3220 6473 3165 6473 3186 6473 3220 6474 3186 6474 3221 6474 3221 6475 3186 6475 3183 6475 3221 6476 3183 6476 3222 6476 3222 6476 3183 6476 3181 6476 3222 6477 3181 6477 3223 6477 3223 6433 3181 6433 3179 6433 3223 6434 3179 6434 3224 6434 3224 6435 3179 6435 3178 6435 3224 6436 3178 6436 3225 6436 3225 6437 3178 6437 3176 6437 3225 6478 3176 6478 3226 6478 3226 6439 3176 6439 3174 6439 3226 6479 3174 6479 3227 6479 3227 6480 3174 6480 3106 6480 3227 6481 3106 6481 3228 6481 3228 6482 3106 6482 3104 6482 3228 6483 3104 6483 3229 6483 3229 6484 3104 6484 3102 6484 3229 6485 3102 6485 3230 6485 3230 6486 3102 6486 3100 6486 3230 6487 3100 6487 3231 6487 3231 6488 3100 6488 3098 6488 3231 6489 3098 6489 3232 6489 3232 6490 3098 6490 3127 6490 3232 6491 3127 6491 3233 6491 3233 6492 3127 6492 3129 6492 3233 6493 3129 6493 3234 6493 3234 6494 3129 6494 3131 6494 3234 6495 3131 6495 3235 6495 3235 6457 3131 6457 3133 6457 3235 6458 3133 6458 3236 6458 3236 6459 3133 6459 3172 6459 3236 6460 3172 6460 3237 6460 3237 6461 3172 6461 3171 6461 3237 6496 3171 6496 3238 6496 3238 6463 3171 6463 3170 6463 3238 6497 3170 6497 3239 6497 3239 6498 3170 6498 3169 6498 3239 6499 3169 6499 3240 6499 3240 6500 3169 6500 3168 6500 3240 6501 3168 6501 3217 6501 3217 6502 3168 6502 3167 6502 3219 122 3229 122 3218 122 3218 122 3229 122 3230 122 3218 122 3230 122 3217 122 3217 122 3230 122 3231 122 3217 122 3231 122 3240 122 3240 122 3231 122 3232 122 3240 122 3232 122 3239 122 3239 122 3232 122 3233 122 3239 122 3233 122 3238 122 3238 122 3233 122 3234 122 3238 122 3234 122 3237 122 3237 122 3234 122 3235 122 3237 122 3235 122 3236 122 3229 122 3219 122 3228 122 3228 122 3219 122 3220 122 3228 122 3220 122 3227 122 3227 122 3220 122 3221 122 3227 122 3221 122 3226 122 3226 122 3221 122 3222 122 3226 122 3222 122 3225 122 3225 122 3222 122 3223 122 3225 122 3223 122 3224 122 3241 6503 3111 6503 3242 6503 3242 6424 3111 6424 3113 6424 3242 6425 3113 6425 3243 6425 3243 6504 3113 6504 3115 6504 3243 6427 3115 6427 3244 6427 3244 6505 3115 6505 3117 6505 3244 6506 3117 6506 3245 6506 3245 6507 3117 6507 3119 6507 3245 6508 3119 6508 3246 6508 3246 6509 3119 6509 3121 6509 3246 6510 3121 6510 3247 6510 3247 6511 3121 6511 3123 6511 3247 6512 3123 6512 3248 6512 3248 6513 3123 6513 3164 6513 3248 6514 3164 6514 3249 6514 3249 6515 3164 6515 3163 6515 3249 6516 3163 6516 3250 6516 3250 6517 3163 6517 3162 6517 3250 6518 3162 6518 3251 6518 3251 6519 3162 6519 3161 6519 3251 6520 3161 6520 3252 6520 3252 6521 3161 6521 3160 6521 3252 6445 3160 6445 3253 6445 3253 6522 3160 6522 3159 6522 3253 6447 3159 6447 3254 6447 3254 6447 3159 6447 3158 6447 3254 6448 3158 6448 3255 6448 3255 6523 3158 6523 3143 6523 3255 6524 3143 6524 3256 6524 3256 6525 3143 6525 3145 6525 3256 6526 3145 6526 3257 6526 3257 6527 3145 6527 3147 6527 3257 6528 3147 6528 3258 6528 3258 6528 3147 6528 3148 6528 3258 6529 3148 6529 3259 6529 3259 6530 3148 6530 3150 6530 3259 6531 3150 6531 3260 6531 3260 6532 3150 6532 3152 6532 3260 6533 3152 6533 3261 6533 3261 6534 3152 6534 3155 6534 3261 6535 3155 6535 3262 6535 3262 6536 3155 6536 3157 6536 3262 6537 3157 6537 3263 6537 3263 6538 3157 6538 3107 6538 3263 6539 3107 6539 3264 6539 3264 6540 3107 6540 3109 6540 3264 6541 3109 6541 3241 6541 3241 6542 3109 6542 3111 6542 3243 122 3253 122 3242 122 3242 122 3253 122 3254 122 3242 122 3254 122 3241 122 3241 122 3254 122 3255 122 3241 122 3255 122 3264 122 3264 122 3255 122 3256 122 3264 122 3256 122 3263 122 3263 122 3256 122 3257 122 3263 122 3257 122 3262 122 3262 122 3257 122 3258 122 3262 122 3258 122 3261 122 3261 122 3258 122 3259 122 3261 122 3259 122 3260 122 3253 122 3243 122 3252 122 3252 122 3243 122 3244 122 3252 122 3244 122 3251 122 3251 122 3244 122 3245 122 3251 122 3245 122 3250 122 3250 122 3245 122 3246 122 3250 122 3246 122 3249 122 3249 122 3246 122 3247 122 3249 122 3247 122 3248 122 3265 6543 3097 6543 3266 6543 3266 6469 3097 6469 3099 6469 3266 6470 3099 6470 3267 6470 3267 6544 3099 6544 3101 6544 3267 6545 3101 6545 3268 6545 3268 6546 3101 6546 3103 6546 3268 6547 3103 6547 3269 6547 3269 6548 3103 6548 3105 6548 3269 6549 3105 6549 3270 6549 3270 6550 3105 6550 3156 6550 3270 6551 3156 6551 3271 6551 3271 6511 3156 6511 3154 6511 3271 6512 3154 6512 3272 6512 3272 6513 3154 6513 3153 6513 3272 6514 3153 6514 3273 6514 3273 6515 3153 6515 3151 6515 3273 6552 3151 6552 3274 6552 3274 6517 3151 6517 3149 6517 3274 6553 3149 6553 3275 6553 3275 6553 3149 6553 3146 6553 3275 6554 3146 6554 3276 6554 3276 6555 3146 6555 3144 6555 3276 6556 3144 6556 3277 6556 3277 6557 3144 6557 3142 6557 3277 6558 3142 6558 3278 6558 3278 6486 3142 6486 3141 6486 3278 6487 3141 6487 3279 6487 3279 6487 3141 6487 3140 6487 3279 6559 3140 6559 3280 6559 3280 6489 3140 6489 3139 6489 3280 6560 3139 6560 3281 6560 3281 6561 3139 6561 3138 6561 3281 6562 3138 6562 3282 6562 3282 6563 3138 6563 3137 6563 3282 6564 3137 6564 3283 6564 3283 6530 3137 6530 3136 6530 3283 6531 3136 6531 3284 6531 3284 6532 3136 6532 3135 6532 3284 6533 3135 6533 3285 6533 3285 6534 3135 6534 3134 6534 3285 6565 3134 6565 3286 6565 3286 6536 3134 6536 3132 6536 3286 6566 3132 6566 3287 6566 3287 6567 3132 6567 3130 6567 3287 6568 3130 6568 3288 6568 3288 6569 3130 6569 3128 6569 3288 6570 3128 6570 3265 6570 3265 6501 3128 6501 3097 6501 3267 122 3277 122 3266 122 3266 122 3277 122 3278 122 3266 122 3278 122 3265 122 3265 122 3278 122 3279 122 3265 122 3279 122 3288 122 3288 122 3279 122 3280 122 3288 122 3280 122 3287 122 3287 122 3280 122 3281 122 3287 122 3281 122 3286 122 3286 122 3281 122 3282 122 3286 122 3282 122 3285 122 3285 122 3282 122 3283 122 3285 122 3283 122 3284 122 3277 122 3267 122 3276 122 3276 122 3267 122 3268 122 3276 122 3268 122 3275 122 3275 122 3268 122 3269 122 3275 122 3269 122 3274 122 3274 122 3269 122 3270 122 3274 122 3270 122 3273 122 3273 122 3270 122 3271 122 3273 122 3271 122 3272 122 3094 99 3289 99 3290 99 3290 99 3289 99 3291 99 3290 99 3291 99 3096 99 3096 99 3291 99 3095 99 3095 99 3291 99 3292 99 3095 99 3292 99 3293 99 3289 99 3094 99 3293 99 3293 99 3094 99 3095 99 3087 3 3091 3 3096 3 3096 3 3091 3 3290 3 3091 121 3093 121 3290 121 3290 121 3093 121 3094 121 3294 1 3295 1 3292 1 3292 1 3295 1 3293 1 3296 145 3294 145 3291 145 3291 145 3294 145 3292 145 3297 3 3296 3 3289 3 3289 3 3296 3 3291 3 3295 121 3297 121 3293 121 3293 121 3297 121 3289 121 3295 122 3294 122 3298 122 3298 122 3294 122 3299 122 3296 122 3300 122 3294 122 3294 122 3300 122 3301 122 3296 122 3297 122 3302 122 3302 122 3297 122 3303 122 3295 122 3304 122 3297 122 3297 122 3304 122 3305 122 3306 121 3295 121 3307 121 3307 121 3295 121 3298 121 3297 121 3308 121 3303 121 3303 121 3308 121 3309 121 3294 145 3310 145 3299 145 3299 145 3310 145 3311 145 3299 1 3311 1 3298 1 3298 1 3311 1 3307 1 3312 145 3296 145 3313 145 3313 145 3296 145 3302 145 3313 3 3302 3 3309 3 3309 3 3302 3 3303 3 3312 3 3314 3 3296 3 3296 3 3314 3 3300 3 2803 99 2801 99 3315 99 3315 99 2801 99 2799 99 3315 99 2799 99 2845 99 2845 99 2843 99 3315 99 3315 99 2843 99 2841 99 3315 99 2841 99 2839 99 2839 99 2837 99 3315 99 3315 99 2837 99 3310 99 3310 99 2837 99 2835 99 3310 99 2835 99 2833 99 2833 99 2831 99 3310 99 3310 99 2831 99 2829 99 3310 99 2829 99 2827 99 2827 99 2825 99 3310 99 3310 99 2825 99 2873 99 3310 99 2873 99 3312 99 3312 99 2873 99 2871 99 3312 99 2871 99 2869 99 2825 99 2823 99 2873 99 2873 99 2823 99 2875 99 2875 99 2823 99 2821 99 2875 99 2821 99 2877 99 2877 99 2821 99 2819 99 2877 99 2819 99 2879 99 2879 99 2819 99 2817 99 2879 99 2817 99 2881 99 2881 99 2817 99 2815 99 2881 99 2815 99 2883 99 2883 99 2815 99 2813 99 2883 99 2813 99 2885 99 2885 99 2813 99 2887 99 2887 99 2813 99 2811 99 2887 99 2811 99 2889 99 2889 99 2811 99 2809 99 2889 99 2809 99 2891 99 2891 99 2809 99 2807 99 2891 99 2807 99 2893 99 2893 99 2807 99 2805 99 2893 99 2805 99 2803 99 2851 99 2849 99 3314 99 3314 99 2849 99 2847 99 3314 99 2847 99 2803 99 2803 99 2847 99 2893 99 2869 99 2867 99 3312 99 3312 99 2867 99 2865 99 3312 99 2865 99 2863 99 2863 99 2861 99 3312 99 3312 99 2861 99 3314 99 3314 99 2861 99 2859 99 3314 99 2859 99 2857 99 2857 99 2855 99 3314 99 3314 99 2855 99 2853 99 3314 99 2853 99 2851 99 2899 99 2897 99 3316 99 3316 99 2897 99 2895 99 3316 99 2895 99 2941 99 2941 99 2939 99 3316 99 3316 99 2939 99 2937 99 3316 99 2937 99 2935 99 2935 99 2933 99 3316 99 3316 99 2933 99 3308 99 3308 99 2933 99 2931 99 3308 99 2931 99 2929 99 2929 99 2927 99 3308 99 3308 99 2927 99 2925 99 3308 99 2925 99 2923 99 2923 99 2921 99 3308 99 3308 99 2921 99 3306 99 3308 99 3306 99 3310 99 3310 99 3306 99 3077 99 3310 99 3077 99 3075 99 3306 99 2921 99 2969 99 2969 99 2921 99 2919 99 2969 99 2919 99 2971 99 2971 99 2919 99 2917 99 2971 99 2917 99 2973 99 2973 99 2917 99 2975 99 2975 99 2917 99 2915 99 2975 99 2915 99 2977 99 2977 99 2915 99 2913 99 2977 99 2913 99 2979 99 2979 99 2913 99 2911 99 2979 99 2911 99 2981 99 2981 99 2911 99 2909 99 2981 99 2909 99 2907 99 2981 99 2907 99 2983 99 2983 99 2907 99 2905 99 2983 99 2905 99 2985 99 2985 99 2905 99 2903 99 2985 99 2903 99 2987 99 2987 99 2903 99 2901 99 2987 99 2901 99 2989 99 2989 99 2901 99 2943 99 2943 99 2901 99 2899 99 2943 99 2899 99 3316 99 2947 99 2945 99 3317 99 3317 99 2945 99 2943 99 3317 99 2943 99 3316 99 2969 99 2967 99 3306 99 3306 99 2967 99 2965 99 3306 99 2965 99 2963 99 2963 99 2961 99 3306 99 3306 99 2961 99 2959 99 3306 99 2959 99 2957 99 3306 99 2957 99 3317 99 3317 99 2957 99 2955 99 3317 99 2955 99 2953 99 2953 99 2951 99 3317 99 3317 99 2951 99 2949 99 3317 99 2949 99 2947 99 3318 99 3319 99 3313 99 3313 99 3319 99 3320 99 3313 99 3320 99 3312 99 3312 99 3320 99 3321 99 3312 99 3321 99 3322 99 3322 99 3323 99 3312 99 3312 99 3323 99 3324 99 3312 99 3324 99 3325 99 3326 99 3327 99 3325 99 3325 99 3327 99 3328 99 3325 99 3328 99 3312 99 3312 99 3328 99 3308 99 3312 99 3308 99 3310 99 3327 99 3326 99 3329 99 3329 99 3326 99 3330 99 3329 99 3330 99 3331 99 3331 99 3330 99 3332 99 3331 99 3332 99 3333 99 3333 99 3332 99 3334 99 3333 99 3334 99 3335 99 3335 99 3334 99 3336 99 3335 99 3336 99 3337 99 3337 99 3336 99 3338 99 3337 99 3338 99 3339 99 3339 99 3338 99 3340 99 3339 99 3340 99 3341 99 3341 99 3340 99 3342 99 3341 99 3342 99 3343 99 3343 99 3342 99 3344 99 3343 99 3344 99 3345 99 3345 99 3344 99 3346 99 3345 99 3346 99 3347 99 3347 99 3346 99 3348 99 3347 99 3348 99 3309 99 3309 99 3348 99 3313 99 3313 99 3348 99 3349 99 3313 99 3349 99 3350 99 3350 99 3351 99 3313 99 3313 99 3351 99 3352 99 3313 99 3352 99 3353 99 3353 99 3318 99 3313 99 3328 99 3354 99 3308 99 3308 99 3354 99 3355 99 3308 99 3355 99 3356 99 3356 99 3357 99 3308 99 3308 99 3357 99 3358 99 3308 99 3358 99 3309 99 3309 99 3358 99 3359 99 3309 99 3359 99 3360 99 3360 99 3361 99 3309 99 3309 99 3361 99 3362 99 3309 99 3362 99 3363 99 3363 99 3364 99 3309 99 3309 99 3364 99 3365 99 3309 99 3365 99 3347 99 2995 99 2993 99 3307 99 3307 99 2993 99 2991 99 3307 99 2991 99 3306 99 3306 99 2991 99 3037 99 3306 99 3037 99 3035 99 3035 99 3033 99 3306 99 3306 99 3033 99 3031 99 3306 99 3031 99 3029 99 3027 99 3079 99 3029 99 3029 99 3079 99 3077 99 3029 99 3077 99 3306 99 3079 99 3027 99 3081 99 3081 99 3027 99 3025 99 3081 99 3025 99 3083 99 3083 99 3025 99 3023 99 3083 99 3023 99 3085 99 3085 99 3023 99 3021 99 3085 99 3021 99 3039 99 3039 99 3021 99 3019 99 3039 99 3019 99 3041 99 3041 99 3019 99 3017 99 3041 99 3017 99 3043 99 3043 99 3017 99 3015 99 3043 99 3015 99 3045 99 3045 99 3015 99 3013 99 3045 99 3013 99 3047 99 3047 99 3013 99 3011 99 3047 99 3011 99 3049 99 3049 99 3011 99 3009 99 3049 99 3009 99 3051 99 3051 99 3009 99 3007 99 3051 99 3007 99 3311 99 3311 99 3007 99 3307 99 3307 99 3007 99 3005 99 3307 99 3005 99 3003 99 3003 99 3001 99 3307 99 3307 99 3001 99 2999 99 3307 99 2999 99 2997 99 2997 99 2995 99 3307 99 3075 99 3073 99 3310 99 3310 99 3073 99 3071 99 3310 99 3071 99 3069 99 3069 99 3067 99 3310 99 3310 99 3067 99 3311 99 3311 99 3067 99 3065 99 3311 99 3065 99 3063 99 3063 99 3061 99 3311 99 3311 99 3061 99 3059 99 3311 99 3059 99 3057 99 3057 99 3055 99 3311 99 3311 99 3055 99 3053 99 3311 99 3053 99 3051 99 3315 99 3314 99 2803 99 3294 1 3301 1 3310 1 3310 1 3301 1 3315 1 3306 1 3317 1 3295 1 3295 1 3317 1 3304 1 3297 3 3305 3 3308 3 3308 3 3305 3 3316 3 3317 121 3316 121 3304 121 3304 121 3316 121 3305 121 3314 145 3315 145 3300 145 3300 145 3315 145 3301 145 3366 6571 3335 6571 3367 6571 3367 6572 3335 6572 3337 6572 3367 6573 3337 6573 3368 6573 3368 6574 3337 6574 3339 6574 3368 6575 3339 6575 3369 6575 3369 6576 3339 6576 3341 6576 3369 6577 3341 6577 3370 6577 3370 6578 3341 6578 3343 6578 3370 6579 3343 6579 3371 6579 3371 6579 3343 6579 3345 6579 3371 6580 3345 6580 3372 6580 3372 6580 3345 6580 3347 6580 3372 6581 3347 6581 3373 6581 3373 6581 3347 6581 3365 6581 3373 6582 3365 6582 3374 6582 3374 6583 3365 6583 3364 6583 3374 6584 3364 6584 3375 6584 3375 6585 3364 6585 3363 6585 3375 6586 3363 6586 3376 6586 3376 6586 3363 6586 3362 6586 3376 6587 3362 6587 3377 6587 3377 6588 3362 6588 3361 6588 3377 6589 3361 6589 3378 6589 3378 6590 3361 6590 3360 6590 3378 6591 3360 6591 3379 6591 3379 6592 3360 6592 3359 6592 3379 6593 3359 6593 3380 6593 3380 6594 3359 6594 3358 6594 3380 6595 3358 6595 3381 6595 3381 6596 3358 6596 3357 6596 3381 6597 3357 6597 3382 6597 3382 6598 3357 6598 3356 6598 3382 6599 3356 6599 3383 6599 3383 6599 3356 6599 3355 6599 3383 6600 3355 6600 3384 6600 3384 6601 3355 6601 3354 6601 3384 6602 3354 6602 3385 6602 3385 6603 3354 6603 3328 6603 3385 6604 3328 6604 3386 6604 3386 6604 3328 6604 3327 6604 3386 6605 3327 6605 3387 6605 3387 6605 3327 6605 3329 6605 3387 6606 3329 6606 3388 6606 3388 6606 3329 6606 3331 6606 3388 6607 3331 6607 3389 6607 3389 6608 3331 6608 3333 6608 3389 6609 3333 6609 3366 6609 3366 6610 3333 6610 3335 6610 3368 99 3378 99 3367 99 3367 99 3378 99 3379 99 3367 99 3379 99 3366 99 3366 99 3379 99 3380 99 3366 99 3380 99 3389 99 3389 99 3380 99 3381 99 3389 99 3381 99 3388 99 3388 99 3381 99 3382 99 3388 99 3382 99 3387 99 3387 99 3382 99 3383 99 3387 99 3383 99 3386 99 3386 99 3383 99 3384 99 3386 99 3384 99 3385 99 3378 99 3368 99 3377 99 3377 99 3368 99 3369 99 3377 99 3369 99 3376 99 3376 99 3369 99 3370 99 3376 99 3370 99 3375 99 3375 99 3370 99 3371 99 3375 99 3371 99 3374 99 3374 99 3371 99 3372 99 3374 99 3372 99 3373 99 3390 6611 3320 6611 3391 6611 3391 6612 3320 6612 3319 6612 3391 6613 3319 6613 3392 6613 3392 6614 3319 6614 3318 6614 3392 6615 3318 6615 3393 6615 3393 6575 3318 6575 3353 6575 3393 6616 3353 6616 3394 6616 3394 6617 3353 6617 3352 6617 3394 6618 3352 6618 3395 6618 3395 6618 3352 6618 3351 6618 3395 6580 3351 6580 3396 6580 3396 6619 3351 6619 3350 6619 3396 6620 3350 6620 3397 6620 3397 6581 3350 6581 3349 6581 3397 6582 3349 6582 3398 6582 3398 6582 3349 6582 3348 6582 3398 6585 3348 6585 3399 6585 3399 6585 3348 6585 3346 6585 3399 6621 3346 6621 3400 6621 3400 6621 3346 6621 3344 6621 3400 6622 3344 6622 3401 6622 3401 6623 3344 6623 3342 6623 3401 6624 3342 6624 3402 6624 3402 6589 3342 6589 3340 6589 3402 6625 3340 6625 3403 6625 3403 6626 3340 6626 3338 6626 3403 6627 3338 6627 3404 6627 3404 6628 3338 6628 3336 6628 3404 6596 3336 6596 3405 6596 3405 6629 3336 6629 3334 6629 3405 6630 3334 6630 3406 6630 3406 6631 3334 6631 3332 6631 3406 6632 3332 6632 3407 6632 3407 6632 3332 6632 3330 6632 3407 6600 3330 6600 3408 6600 3408 6600 3330 6600 3326 6600 3408 6603 3326 6603 3409 6603 3409 6603 3326 6603 3325 6603 3409 6604 3325 6604 3410 6604 3410 6633 3325 6633 3324 6633 3410 6634 3324 6634 3411 6634 3411 6605 3324 6605 3323 6605 3411 6635 3323 6635 3412 6635 3412 6635 3323 6635 3322 6635 3412 6636 3322 6636 3413 6636 3413 6637 3322 6637 3321 6637 3413 6610 3321 6610 3390 6610 3390 6638 3321 6638 3320 6638 3392 99 3402 99 3391 99 3391 99 3402 99 3403 99 3391 99 3403 99 3390 99 3390 99 3403 99 3404 99 3390 99 3404 99 3413 99 3413 99 3404 99 3405 99 3413 99 3405 99 3412 99 3412 99 3405 99 3406 99 3412 99 3406 99 3411 99 3411 99 3406 99 3407 99 3411 99 3407 99 3410 99 3410 99 3407 99 3408 99 3410 99 3408 99 3409 99 3402 99 3392 99 3401 99 3401 99 3392 99 3393 99 3401 99 3393 99 3400 99 3400 99 3393 99 3394 99 3400 99 3394 99 3399 99 3399 99 3394 99 3395 99 3399 99 3395 99 3398 99 3398 99 3395 99 3396 99 3398 99 3396 99 3397 99</p>
        </triangles>
        <triangles material="Black-material" count="1231">
          <input semantic="VERTEX" source="#shape0-mesh-vertices" offset="0"/>
          <input semantic="NORMAL" source="#shape0-mesh-normals" offset="1"/>
          <p>2154 122 2155 122 2156 122 2156 122 2155 122 2157 122 2158 145 2159 145 2154 145 2154 145 2159 145 2155 145 2163 99 2164 99 2158 99 2158 99 2164 99 2159 99 2157 121 2164 121 2156 121 2156 121 2164 121 2163 121 2154 3 2156 3 2158 3 2158 3 2156 3 2163 3 2166 3965 2167 3965 2168 3965 2168 3966 2167 3966 2169 3966 2170 3967 2171 3967 2172 3967 2172 3968 2171 3968 2173 3968 2172 3969 2173 3970 2174 3969 2174 3971 2173 3971 2175 3971 2174 3972 2175 3973 2176 3974 2176 3975 2175 3975 2177 3975 2177 3976 2175 3977 2178 3978 2177 3979 2178 3980 2179 3981 2179 3982 2178 3982 2180 3982 2180 3983 2178 3984 2181 3984 2180 3985 2181 3986 2182 3987 2182 3988 2181 3989 2183 3990 2182 3991 2183 3992 2184 3993 2184 3994 2183 3994 2185 3994 2184 3995 2185 3996 2186 3997 2186 3998 2185 3999 2187 4000 2187 4001 2185 4002 2188 4002 2187 4003 2188 4004 2189 4005 2189 4006 2188 4006 2190 4006 2173 4007 2191 4008 2175 4009 2175 4010 2191 4011 2192 4012 2175 4013 2192 4014 2178 4013 2178 4015 2192 4016 2193 4017 2178 4018 2193 4019 2181 4020 2181 4021 2193 4022 2194 4023 2181 4024 2194 4024 2183 4024 2183 4025 2194 4025 2195 4025 2183 4026 2195 4026 2185 4026 2185 4027 2195 4028 2196 4029 2185 4030 2196 4031 2197 4032 2197 4033 2188 4033 2185 4033 2198 4034 2170 4034 2199 4034 2199 4035 2170 4035 2172 4035 2199 4036 2172 4036 2189 4036 2189 4037 2172 4038 2174 4039 2189 4040 2174 4041 2176 4042 2198 4043 2200 4043 2170 4043 2170 4044 2200 4045 2201 4046 2201 4047 2200 4048 2202 4049 2202 4050 2200 4051 2203 4052 2203 4053 2200 4054 2204 4055 2204 4056 2200 4057 2205 4058 2205 4059 2200 4060 2206 4061 2206 4062 2200 4063 2207 4064 2207 4065 2200 4066 2208 4067 2208 4068 2200 4069 2209 4070 2176 4071 2177 4071 2189 4071 2189 4072 2177 4073 2179 4074 2189 4075 2179 4076 2180 4077 2180 4078 2182 4079 2189 4080 2189 4081 2182 4082 2184 4083 2189 4084 2184 4085 2186 4086 2186 4087 2187 4088 2189 4089 2209 4090 2200 4091 2210 4090 2210 4092 2200 4092 2211 4092 2210 4093 2211 4094 2212 4095 2212 4096 2213 4097 2210 4098 2210 4099 2213 4100 2214 4101 2210 4102 2214 4103 2209 4104 2209 4105 2214 4106 2208 4107 2208 4108 2214 4109 2207 4110 2207 4111 2214 4111 2215 4111 2207 4112 2215 4113 2206 4114 2206 4115 2215 4116 2216 4117 2206 4118 2216 4118 2205 4118 2205 4119 2216 4119 2217 4119 2205 4120 2217 4120 2204 4120 2204 4121 2217 4121 2203 4121 2203 4122 2217 4122 2202 4122 2202 4123 2217 4124 2201 4125 2201 4126 2217 4127 2218 4128 2201 4129 2218 4129 2171 4129 2214 4130 2213 4131 2215 4130 2215 4132 2213 4132 2219 4132 2215 4133 2219 4133 2216 4133 2216 4134 2219 4135 2220 4136 2216 4137 2220 4138 2217 4139 2217 4140 2220 4141 2221 4142 2217 4143 2221 4144 2218 4145 2171 4146 2170 4147 2201 4148 2173 145 2171 145 2222 145 2222 145 2171 145 2223 145 2224 121 2225 121 2226 121 2226 121 2225 121 2227 121 2228 4149 2229 4149 2230 4149 2230 4150 2229 4150 2231 4150 2230 4151 2231 4151 2232 4151 2230 4152 2232 4152 2233 4152 2233 4153 2232 4154 2234 4155 2233 4156 2234 4156 2235 4156 2235 4157 2234 4157 2236 4157 2236 4158 2234 4158 2237 4158 2236 4159 2237 4159 2238 4159 2236 4160 2238 4160 2239 4160 2239 4161 2238 4161 2240 4161 2239 4162 2240 4162 2241 4162 2241 4163 2240 4163 2242 4163 2242 4164 2240 4164 2243 4164 2242 4165 2243 4165 2244 4165 2242 4166 2244 4166 2245 4166 2245 4167 2244 4167 2246 4167 2245 4168 2246 4168 2247 4168 2247 4169 2246 4169 2224 4169 2224 4170 2246 4170 2225 4170 2248 99 2229 99 2249 99 2249 99 2229 99 2228 99 2248 4171 2249 4171 2250 4171 2250 4172 2249 4172 2251 4172 2250 4173 2251 4173 2252 4173 2250 4174 2252 4174 2253 4174 2253 4175 2252 4175 2254 4175 2253 4176 2254 4177 2255 4178 2255 4179 2254 4179 2256 4179 2256 4180 2254 4180 2257 4180 2256 4181 2257 4181 2258 4181 2256 4182 2258 4182 2259 4182 2259 4183 2258 4183 2260 4183 2259 4184 2260 4184 2261 4184 2261 4185 2260 4185 2262 4185 2262 4186 2260 4186 2263 4186 2262 4187 2263 4187 2264 4187 2262 4188 2264 4188 2265 4188 2265 4189 2264 4189 2266 4189 2265 4190 2266 4190 2267 4190 2267 4191 2266 4191 2268 4191 2268 4192 2266 4192 2269 4192 2270 4193 2271 4193 2272 4193 2272 4194 2271 4194 2273 4194 2272 4195 2273 4196 2274 4197 2274 4198 2273 4199 2275 4200 2274 4201 2275 4201 2276 4201 2276 4202 2275 4203 2277 4204 2276 4205 2277 4206 2278 4207 2278 4208 2277 4209 2279 4210 2278 4211 2279 4212 2280 4213 2280 4214 2279 4215 2281 4216 2280 4217 2281 4217 2282 4217 2282 4218 2281 4218 2283 4218 2282 4219 2283 4220 2284 4221 2284 4222 2283 4223 2248 4224 2284 4225 2248 4225 2250 4225 2250 4226 2253 4226 2284 4226 2284 4227 2253 4228 2285 4229 2284 4230 2285 4231 2282 4232 2282 4233 2285 4234 2286 4233 2282 4235 2286 4235 2280 4235 2280 4236 2286 4237 2287 4238 2280 4239 2287 4240 2278 4241 2278 4242 2287 4243 2288 4244 2278 4245 2288 4246 2276 4247 2276 4248 2288 4249 2289 4250 2276 4251 2289 4251 2274 4251 2274 4252 2289 4253 2290 4254 2274 4255 2290 4256 2272 4257 2272 4258 2290 4258 2291 4258 2272 4259 2291 4259 2292 4259 2292 4260 2291 4261 2293 4262 2293 4263 2291 4263 2294 4263 2293 4264 2294 4265 2295 4266 2295 4267 2294 4268 2296 4269 2295 4270 2296 4271 2297 4272 2297 4273 2296 4274 2298 4275 2298 4276 2296 4277 2299 4278 2298 4279 2299 4280 2300 4281 2300 4282 2299 4282 2301 4282 2300 4283 2301 4284 2302 4285 2302 4286 2301 4287 2303 4288 2302 4289 2303 4290 2304 4291 2304 4292 2303 4293 2305 4294 2305 4295 2303 4295 2306 4295 2306 4296 2303 4297 2307 4296 2306 4298 2307 4298 2308 4298 2308 4299 2307 4300 2309 4301 2308 4302 2309 4303 2310 4304 2310 4305 2309 4306 2311 4307 2310 4308 2311 4308 2312 4308 2312 4309 2311 4309 2313 4309 2312 4310 2313 4311 2314 4311 2314 4312 2313 4313 2315 4314 2314 4315 2315 4315 2316 4315 2316 4316 2315 4317 2317 4318 2316 4319 2317 4320 2318 4321 2318 4322 2317 4323 2319 4324 2318 4325 2319 4325 2320 4325 2320 4326 2319 4327 2288 4328 2320 4329 2288 4330 2287 4331 2253 4332 2255 4333 2285 4334 2285 4335 2255 4336 2321 4337 2285 4338 2321 4339 2286 4340 2286 4341 2321 4342 2322 4343 2286 4344 2322 4345 2287 4346 2287 4347 2322 4348 2320 4349 2255 4350 2256 4351 2321 4352 2321 4353 2256 4354 2323 4355 2321 4356 2323 4357 2322 4358 2322 4359 2323 4360 2324 4361 2322 4362 2324 4363 2320 4364 2320 4365 2324 4365 2318 4365 2256 4366 2259 4367 2323 4368 2323 4369 2259 4370 2261 4371 2323 4372 2261 4372 2325 4372 2325 4373 2261 4374 2262 4375 2325 4376 2262 4376 2326 4376 2326 4377 2262 4377 2265 4377 2326 4378 2265 4378 2327 4378 2327 4379 2265 4379 2267 4379 2327 4380 2267 4380 2268 4380 2268 4381 2328 4381 2327 4381 2327 4382 2328 4382 2329 4382 2327 4383 2329 4383 2330 4383 2330 4384 2329 4384 2314 4384 2330 4385 2314 4385 2316 4385 2328 4386 2331 4387 2329 4388 2329 4389 2331 4390 2312 4391 2329 4392 2312 4393 2314 4394 2331 4395 2310 4395 2312 4395 2292 4396 2270 4396 2272 4396 2294 4397 2291 4398 2332 4399 2332 4400 2291 4401 2290 4402 2332 4403 2290 4404 2333 4405 2333 4406 2290 4407 2289 4408 2333 4409 2289 4410 2319 4411 2319 4412 2289 4413 2288 4414 2296 4415 2294 4416 2334 4417 2334 4418 2294 4419 2332 4420 2334 4421 2332 4422 2335 4423 2335 4424 2332 4425 2333 4426 2335 4427 2333 4427 2317 4427 2317 4428 2333 4428 2319 4428 2299 4429 2296 4430 2336 4431 2336 4432 2296 4433 2334 4434 2336 4435 2334 4436 2337 4437 2337 4438 2334 4438 2335 4438 2337 4439 2335 4439 2315 4439 2315 4440 2335 4440 2317 4440 2307 4441 2303 4442 2301 4443 2301 4444 2299 4445 2338 4446 2338 4447 2299 4448 2336 4449 2338 4450 2336 4451 2339 4452 2339 4453 2336 4454 2337 4455 2339 4456 2337 4457 2313 4458 2313 4459 2337 4459 2315 4459 2309 4460 2307 4461 2338 4462 2338 4463 2307 4464 2301 4464 2309 4465 2338 4465 2339 4465 2311 4466 2309 4467 2339 4468 2311 4469 2339 4470 2313 4471 2316 4472 2318 4473 2340 4474 2340 4475 2318 4475 2324 4475 2340 4476 2324 4477 2325 4478 2325 4479 2324 4479 2323 4479 2316 4480 2340 4480 2330 4480 2330 4481 2340 4481 2326 4481 2330 4482 2326 4483 2327 4484 2326 4485 2340 4486 2325 4487 2341 4488 2342 4488 2343 4488 2343 4488 2342 4488 2344 4488 2343 4489 2344 4490 2345 4491 2345 4492 2344 4493 2346 4494 2345 4495 2346 4496 2347 4497 2347 4498 2346 4499 2348 4500 2347 4501 2348 4502 2349 4503 2349 4504 2348 4505 2350 4506 2349 4507 2350 4508 2351 4509 2351 4510 2350 4511 2352 4512 2351 4513 2352 4514 2353 4515 2353 4516 2352 4516 2354 4516 2353 4517 2354 4517 2283 4517 2283 4518 2354 4518 2248 4518 2248 4518 2354 4518 2355 4518 2248 4519 2355 4519 2356 4519 2356 4517 2355 4517 2357 4517 2356 4516 2357 4516 2358 4516 2358 4514 2357 4515 2359 4513 2358 4512 2359 4510 2360 4511 2360 4508 2359 4509 2361 4507 2360 4506 2361 4504 2362 4505 2362 4502 2361 4503 2363 4501 2362 4500 2363 4498 2364 4499 2364 4496 2363 4497 2342 4495 2364 4494 2342 4492 2341 4493 2341 4495 2365 4496 2364 4497 2364 4498 2365 4499 2366 4500 2364 4501 2366 4502 2362 4503 2362 4504 2366 4505 2367 4506 2362 4507 2367 4508 2360 4509 2360 4510 2367 4511 2368 4512 2360 4513 2368 4514 2358 4515 2358 4516 2368 4516 2369 4516 2358 4517 2369 4517 2356 4517 2356 4520 2369 4520 2248 4521 2365 4501 2370 4502 2366 4503 2366 4504 2370 4505 2371 4506 2366 4507 2371 4508 2367 4509 2367 4510 2371 4511 2372 4512 2367 4513 2372 4514 2368 4515 2368 4516 2372 4516 2373 4516 2369 4522 2373 4522 2229 4522 2369 4523 2229 4524 2248 4525 2370 4507 2374 4508 2371 4509 2371 4510 2374 4511 2375 4512 2371 4513 2375 4514 2372 4515 2372 4516 2375 4516 2376 4516 2372 4517 2376 4517 2373 4517 2373 4526 2376 4527 2229 4528 2374 4513 2377 4514 2375 4515 2375 4516 2377 4516 2378 4516 2375 4517 2378 4517 2376 4517 2376 4518 2378 4518 2229 4518 2377 4517 2379 4517 2378 4517 2378 4518 2379 4518 2229 4518 2283 4516 2281 4516 2353 4516 2353 4514 2281 4515 2380 4513 2353 4512 2380 4510 2351 4511 2351 4508 2380 4509 2381 4507 2351 4506 2381 4504 2349 4505 2349 4502 2381 4503 2382 4501 2349 4500 2382 4498 2347 4499 2347 4496 2382 4497 2383 4495 2347 4494 2383 4492 2345 4493 2345 4529 2383 4529 2343 4529 2281 4512 2279 4510 2380 4511 2380 4508 2279 4509 2384 4507 2380 4506 2384 4504 2381 4505 2381 4502 2384 4503 2385 4501 2381 4500 2385 4498 2382 4499 2382 4496 2385 4497 2386 4495 2382 4494 2386 4492 2383 4493 2383 4488 2386 4488 2271 4488 2383 4488 2271 4488 2343 4488 2279 4506 2277 4504 2384 4505 2384 4502 2277 4503 2387 4501 2384 4500 2387 4498 2385 4499 2385 4496 2387 4497 2388 4495 2385 4494 2388 4492 2386 4493 2386 4488 2388 4488 2271 4488 2277 4500 2275 4498 2387 4499 2387 4496 2275 4497 2389 4495 2387 4494 2389 4492 2388 4493 2388 4488 2389 4488 2271 4488 2275 4494 2273 4492 2389 4493 2389 4488 2273 4488 2271 4488 2346 4497 2344 4495 2363 4496 2363 4494 2344 4492 2342 4493 2348 4503 2346 4501 2361 4502 2361 4500 2346 4498 2363 4499 2350 4509 2348 4507 2359 4508 2359 4506 2348 4504 2361 4505 2352 4515 2350 4513 2357 4514 2357 4512 2350 4510 2359 4511 2354 4517 2352 4517 2355 4517 2355 4516 2352 4516 2357 4516 2390 4530 2391 4531 2392 4532 2392 4533 2391 4533 2393 4533 2392 4534 2393 4535 2394 4536 2394 4537 2393 4537 2395 4537 2394 4538 2395 4539 2396 4540 2396 4541 2395 4542 2397 4543 2396 4544 2397 4545 2398 4546 2398 4547 2397 4547 2399 4547 2398 4548 2399 4549 2400 4550 2400 4551 2399 4551 2401 4551 2400 4552 2401 4552 2402 4552 2402 4553 2401 4554 2403 4553 2402 4555 2403 4556 2404 4557 2404 4558 2403 4558 2240 4558 2404 4559 2240 4559 2238 4560 2397 4561 2405 4562 2399 4562 2399 4563 2405 4564 2406 4565 2399 4566 2406 4567 2401 4567 2401 4568 2406 4568 2407 4568 2401 4569 2407 4570 2403 4571 2403 4572 2407 4572 2243 4572 2403 4573 2243 4574 2240 4575 2405 4576 2408 4577 2406 4578 2406 4579 2408 4579 2409 4579 2406 4580 2409 4580 2407 4580 2407 4581 2409 4581 2244 4581 2407 4582 2244 4582 2243 4582 2408 4583 2225 4583 2409 4583 2409 4584 2225 4584 2246 4584 2409 4585 2246 4585 2244 4585 2238 4586 2237 4587 2404 4588 2404 4589 2237 4590 2410 4591 2404 4592 2410 4593 2411 4594 2411 4595 2410 4595 2412 4596 2411 4597 2412 4598 2413 4599 2413 4600 2412 4601 2414 4602 2413 4603 2414 4604 2415 4604 2415 4605 2414 4606 2416 4607 2415 4608 2416 4608 2417 4608 2417 4609 2416 4609 2418 4609 2417 4610 2418 4610 2419 4610 2419 4611 2418 4612 2420 4613 2419 4614 2420 4615 2421 4616 2421 4617 2420 4618 2422 4619 2421 4620 2422 4621 2423 4622 2423 4623 2422 4624 2424 4625 2424 4626 2422 4626 2425 4626 2424 4627 2425 4628 2426 4629 2426 4630 2425 4630 2427 4630 2426 4631 2427 4631 2428 4631 2428 4632 2427 4632 2343 4632 2343 4633 2427 4633 2341 4633 2341 4634 2427 4635 2429 4636 2341 4637 2429 4638 2365 4639 2365 4640 2429 4640 2430 4640 2365 4641 2430 4642 2370 4642 2370 4643 2430 4644 2431 4645 2370 4646 2431 4647 2374 4648 2374 4649 2431 4650 2432 4651 2374 4652 2432 4653 2377 4654 2377 4655 2432 4656 2433 4657 2377 4658 2433 4658 2379 4658 2379 4659 2433 4660 2434 4661 2379 4662 2434 4663 2229 4664 2229 4665 2434 4665 2231 4665 2231 4666 2434 4666 2232 4666 2232 4667 2434 4668 2435 4669 2232 4670 2435 4671 2234 4672 2234 4673 2435 4674 2410 4675 2234 4676 2410 4677 2237 4678 2423 4679 2436 4680 2421 4681 2421 4682 2436 4683 2437 4684 2421 4685 2437 4686 2438 4687 2438 4688 2437 4689 2439 4690 2438 4691 2439 4691 2440 4691 2440 4692 2439 4693 2441 4694 2440 4695 2441 4696 2392 4697 2392 4698 2441 4699 2390 4700 2440 4701 2392 4702 2442 4703 2442 4704 2392 4705 2394 4706 2442 4707 2394 4708 2443 4709 2443 4710 2394 4711 2396 4712 2443 4713 2396 4713 2444 4714 2444 4715 2396 4716 2398 4717 2444 4718 2398 4719 2400 4720 2419 4721 2421 4722 2438 4723 2438 4724 2440 4725 2445 4726 2445 4727 2440 4728 2442 4727 2445 4729 2442 4730 2446 4731 2446 4732 2442 4732 2443 4732 2446 4733 2443 4734 2447 4735 2447 4736 2443 4736 2444 4736 2447 4737 2444 4737 2448 4737 2448 4738 2444 4739 2400 4740 2448 4741 2400 4742 2402 4743 2429 4744 2427 4745 2425 4746 2425 4747 2422 4748 2449 4749 2449 4750 2422 4751 2420 4752 2449 4753 2420 4754 2450 4755 2450 4756 2420 4757 2418 4758 2450 4759 2418 4760 2451 4759 2451 4761 2418 4762 2416 4763 2451 4764 2416 4765 2452 4766 2452 4767 2416 4768 2414 4767 2452 4769 2414 4770 2453 4771 2453 4772 2414 4773 2412 4774 2453 4775 2412 4776 2435 4777 2435 4778 2412 4779 2410 4780 2417 4781 2419 4781 2445 4781 2445 4782 2419 4783 2438 4784 2417 4785 2445 4786 2446 4787 2430 4788 2429 4788 2449 4788 2449 4789 2429 4790 2425 4791 2430 4792 2449 4793 2450 4794 2415 4795 2417 4796 2446 4797 2415 4798 2446 4799 2447 4800 2431 4801 2430 4802 2450 4803 2431 4804 2450 4805 2451 4806 2415 4807 2447 4808 2413 4809 2413 4810 2447 4810 2448 4810 2413 4811 2448 4811 2411 4811 2411 4812 2448 4813 2402 4814 2411 4815 2402 4815 2404 4815 2431 4816 2451 4816 2432 4817 2432 4818 2451 4819 2452 4820 2432 4821 2452 4821 2433 4821 2433 4822 2452 4823 2453 4824 2433 4825 2453 4826 2434 4827 2434 4828 2453 4829 2435 4830 2454 4831 2455 4832 2391 4832 2391 4833 2455 4834 2393 4833 2393 4835 2455 4835 2456 4835 2393 4836 2456 4836 2395 4836 2395 4837 2456 4837 2457 4837 2395 4838 2457 4839 2397 4840 2397 4841 2457 4841 2458 4841 2397 4842 2458 4842 2405 4842 2405 4843 2458 4843 2459 4843 2405 4844 2459 4845 2408 4846 2408 4847 2459 4847 2227 4847 2408 4848 2227 4848 2225 4848 2460 4849 2461 4849 2462 4849 2462 4850 2461 4851 2190 4852 2462 4853 2190 4853 2188 4853 2188 4854 2197 4854 2462 4854 2462 4855 2197 4856 2463 4857 2462 4858 2463 4858 2464 4858 2464 4859 2463 4859 2465 4859 2465 4860 2463 4860 2466 4860 2465 4861 2466 4861 2467 4861 2467 4862 2466 4862 2468 4862 2467 4863 2468 4863 2469 4863 2469 4864 2468 4864 2470 4864 2469 4865 2470 4865 2222 4865 2222 4866 2470 4866 2191 4866 2222 4867 2191 4867 2173 4867 2197 4868 2196 4869 2463 4870 2463 4871 2196 4872 2195 4873 2463 4874 2195 4874 2466 4874 2466 4875 2195 4876 2194 4877 2466 4878 2194 4878 2193 4878 2466 4879 2193 4879 2468 4879 2468 4880 2193 4881 2192 4882 2468 4883 2192 4883 2470 4883 2470 4884 2192 4885 2191 4886 2464 4887 2460 4887 2462 4887 2190 4888 2471 4888 2189 4888 2189 4889 2471 4889 2199 4889 2199 4890 2471 4891 2472 4891 2472 4892 2471 4892 2473 4892 2472 4893 2473 4894 2474 4895 2474 4896 2473 4897 2475 4898 2475 4899 2473 4899 2476 4899 2476 4900 2473 4900 2477 4900 2476 4901 2477 4902 2478 4903 2471 4904 2479 4905 2473 4906 2473 4907 2479 4908 2480 4909 2473 4910 2480 4911 2477 4912 2476 4913 2478 4914 2481 4915 2481 4916 2478 4916 2482 4916 2476 4917 2483 4917 2475 4917 2475 4918 2483 4919 2484 4920 2475 4921 2484 4921 2485 4921 2475 4922 2485 4922 2474 4922 2474 4923 2485 4923 2486 4923 2474 4924 2486 4925 2472 4926 2472 4927 2486 4928 2199 4929 2199 4930 2486 4930 2198 4930 2487 4931 2198 4932 2488 4933 2488 4934 2198 4934 2489 4934 2488 4935 2489 4935 2490 4935 2490 4936 2489 4936 2491 4936 2491 4937 2489 4938 2492 4939 2492 4940 2489 4941 2484 4942 2492 4943 2484 4944 2483 4945 2198 4946 2486 4947 2489 4948 2489 4949 2486 4950 2485 4951 2489 4952 2485 4952 2484 4952 2198 4953 2487 4953 2200 4953 2200 4954 2487 4954 2211 4954 2493 4955 2223 4955 2494 4955 2494 4956 2223 4956 2171 4956 2494 4957 2171 4957 2218 4957 2218 4958 2221 4958 2494 4958 2494 4959 2221 4960 2495 4961 2494 4962 2495 4963 2493 4964 2493 4965 2495 4965 2496 4965 2496 4966 2495 4966 2497 4966 2496 4967 2497 4967 2498 4967 2498 4968 2497 4969 2499 4970 2498 4971 2499 4971 2500 4971 2500 4972 2499 4973 2501 4974 2500 4975 2501 4975 2502 4975 2502 4976 2501 4977 2503 4978 2503 4979 2501 4979 2212 4979 2503 4980 2212 4981 2211 4982 2221 4983 2220 4983 2495 4983 2495 4984 2220 4984 2497 4984 2220 4985 2219 4985 2497 4985 2497 4986 2219 4987 2499 4988 2219 4989 2213 4990 2499 4991 2499 4992 2213 4992 2501 4992 2213 4993 2212 4994 2501 4995 2460 99 2464 99 2461 99 2461 99 2464 99 2465 99 2461 4998 2465 4998 2467 4998 2467 99 2469 99 2461 99 2461 4999 2469 4999 2222 4999 2461 5000 2222 5000 2227 5000 2227 99 2222 99 2223 99 2227 5001 2223 5001 2226 5001 2226 99 2223 99 2503 99 2226 99 2503 99 2504 99 2505 99 2506 99 2504 99 2504 99 2506 99 2507 99 2504 5005 2507 5005 2508 5005 2508 99 2509 99 2504 99 2504 5006 2509 5006 2226 5006 2224 5012 2226 5012 2510 5012 2510 5013 2226 5013 2509 5013 2510 5014 2509 5014 2511 5014 2511 5015 2509 5015 2508 5015 2511 5016 2508 5016 2512 5016 2512 5017 2508 5018 2507 5019 2512 5020 2507 5021 2513 5022 2513 5023 2507 5023 2506 5023 2513 5024 2506 5025 2514 5026 2514 5027 2506 5028 2505 5029 2514 5030 2505 5030 2515 5030 2515 5031 2505 5032 2504 5033 2247 5034 2224 5034 2516 5034 2516 5035 2224 5036 2510 5037 2516 5038 2510 5039 2517 5040 2517 5041 2510 5041 2511 5041 2517 5042 2511 5042 2518 5042 2518 5043 2511 5043 2512 5043 2518 5044 2512 5045 2519 5046 2519 5047 2512 5048 2520 5049 2519 5050 2520 5051 2521 5052 2521 5053 2520 5054 2522 5055 2521 5056 2522 5056 2523 5056 2523 5057 2522 5058 2524 5059 2523 5060 2524 5061 2525 5062 2525 5063 2524 5064 2526 5065 2525 5066 2526 5067 2527 5068 2512 5069 2513 5070 2520 5071 2520 5072 2513 5072 2528 5072 2520 5073 2528 5073 2522 5073 2522 5074 2528 5075 2529 5076 2522 5077 2529 5078 2524 5079 2524 5080 2529 5080 2530 5080 2524 5081 2530 5082 2526 5083 2513 5084 2514 5085 2528 5086 2528 5087 2514 5088 2531 5089 2528 5090 2531 5091 2529 5092 2529 5093 2531 5094 2532 5095 2529 5096 2532 5097 2530 5098 2514 5099 2515 5100 2531 5101 2531 5102 2515 5103 2533 5104 2531 5105 2533 5106 2532 5107 2527 5108 2534 5109 2525 5110 2525 5111 2534 5112 2535 5113 2525 5114 2535 5115 2536 5116 2536 5117 2535 5118 2537 5119 2536 5120 2537 5121 2538 5122 2538 5123 2537 5124 2539 5125 2538 5126 2539 5127 2540 5128 2540 5129 2539 5129 2541 5129 2540 5130 2541 5131 2542 5132 2542 5133 2541 5133 2543 5133 2542 5134 2543 5134 2544 5134 2544 5135 2543 5136 2545 5135 2544 5137 2545 5137 2546 5137 2546 5138 2545 5139 2547 5140 2546 5141 2547 5142 2236 5143 2236 5144 2547 5145 2235 5146 2235 5147 2547 5148 2548 5149 2235 5150 2548 5151 2233 5152 2233 5153 2548 5153 2549 5154 2233 5155 2549 5155 2230 5155 2230 5156 2549 5156 2228 5156 2228 5157 2549 5158 2550 5159 2550 5160 2549 5161 2551 5162 2550 5163 2551 5164 2552 5165 2552 5166 2551 5167 2553 5168 2552 5169 2553 5170 2554 5171 2554 5172 2553 5173 2555 5174 2554 5175 2555 5176 2556 5175 2556 5177 2555 5178 2557 5179 2556 5180 2557 5181 2558 5182 2558 5183 2557 5184 2559 5185 2558 5186 2559 5187 2560 5188 2560 5189 2559 5190 2561 5191 2560 5192 2561 5192 2562 5192 2562 5193 2561 5194 2563 5195 2563 5196 2561 5197 2564 5198 2564 5199 2561 5200 2565 5201 2564 5202 2565 5203 2566 5204 2566 5205 2565 5206 2535 5207 2566 5208 2535 5209 2534 5210 2236 5211 2239 5212 2546 5211 2546 5213 2239 5214 2241 5215 2546 5216 2241 5216 2567 5216 2567 5217 2241 5217 2242 5217 2567 5218 2242 5218 2568 5218 2568 5219 2242 5219 2245 5219 2568 5220 2245 5220 2516 5220 2516 5221 2245 5222 2247 5223 2568 5224 2516 5225 2569 5226 2569 5227 2516 5228 2517 5229 2569 5230 2517 5230 2570 5230 2570 5231 2517 5232 2518 5233 2570 5234 2518 5235 2571 5236 2571 5237 2518 5238 2519 5239 2571 5240 2519 5240 2521 5240 2544 5241 2546 5241 2567 5241 2567 5242 2568 5242 2572 5242 2572 5243 2568 5243 2569 5243 2572 5244 2569 5244 2573 5244 2573 5245 2569 5245 2570 5245 2573 5246 2570 5246 2574 5246 2574 5247 2570 5248 2571 5249 2574 5250 2571 5251 2575 5250 2575 5252 2571 5252 2521 5252 2575 5253 2521 5254 2523 5255 2551 5256 2549 5257 2548 5258 2548 5259 2547 5260 2576 5261 2576 5262 2547 5263 2545 5264 2576 5265 2545 5265 2577 5265 2577 5266 2545 5267 2543 5268 2577 5269 2543 5269 2578 5269 2578 5270 2543 5271 2541 5272 2578 5273 2541 5274 2579 5273 2579 5275 2541 5276 2539 5276 2579 5277 2539 5278 2580 5279 2580 5280 2539 5281 2537 5282 2580 5283 2537 5284 2565 5285 2565 5286 2537 5287 2535 5288 2542 5289 2544 5289 2572 5289 2572 5290 2544 5291 2567 5290 2542 5292 2572 5292 2573 5292 2553 5293 2551 5293 2576 5293 2576 5294 2551 5295 2548 5294 2553 5296 2576 5296 2577 5296 2540 5297 2542 5297 2573 5297 2540 5298 2573 5299 2574 5299 2555 5300 2553 5301 2577 5302 2555 5303 2577 5303 2578 5303 2540 5304 2574 5305 2538 5306 2538 5307 2574 5307 2575 5307 2538 5308 2575 5308 2536 5308 2536 5309 2575 5310 2523 5311 2536 5312 2523 5313 2525 5314 2555 5315 2578 5316 2557 5317 2557 5318 2578 5319 2579 5320 2557 5321 2579 5321 2559 5321 2559 5322 2579 5323 2580 5324 2559 5325 2580 5326 2561 5327 2561 5328 2580 5329 2565 5330 2550 5331 2581 5332 2228 5333 2228 5334 2581 5335 2582 5336 2228 5337 2582 5338 2583 5339 2583 5340 2582 5340 2584 5340 2583 5340 2584 5340 2585 5340 2585 5341 2584 5342 2586 5343 2585 5344 2586 5345 2587 5346 2587 5347 2586 5348 2588 5349 2587 5350 2588 5351 2589 5352 2589 5353 2588 5354 2590 5355 2589 5356 2590 5357 2591 5358 2591 5359 2590 5360 2592 5361 2591 5362 2592 5363 2593 5364 2593 5365 2592 5365 2594 5365 2594 5365 2592 5365 2595 5365 2594 5366 2595 5366 2596 5366 2596 5363 2595 5364 2597 5362 2596 5361 2597 5359 2598 5360 2598 5357 2597 5358 2599 5356 2598 5355 2599 5353 2600 5354 2600 5351 2599 5352 2601 5350 2600 5349 2601 5347 2602 5348 2602 5345 2601 5346 2603 5344 2602 5343 2603 5341 2604 5342 2604 5340 2603 5340 2581 5340 2604 5340 2581 5340 2550 5340 2550 5340 2552 5340 2604 5340 2604 5341 2552 5342 2605 5343 2604 5344 2605 5345 2602 5346 2602 5347 2605 5348 2606 5349 2602 5350 2606 5351 2600 5352 2600 5353 2606 5354 2607 5355 2600 5356 2607 5357 2598 5358 2598 5359 2607 5360 2608 5361 2598 5362 2608 5363 2596 5364 2596 5367 2608 5367 2594 5367 2552 5344 2554 5345 2605 5346 2605 5347 2554 5348 2609 5349 2605 5350 2609 5351 2606 5352 2606 5353 2609 5354 2610 5355 2606 5356 2610 5357 2607 5358 2607 5359 2610 5360 2611 5361 2607 5362 2611 5363 2608 5364 2608 5368 2611 5368 2562 5368 2608 5369 2562 5369 2594 5369 2554 5350 2556 5351 2609 5352 2609 5353 2556 5354 2612 5355 2609 5356 2612 5357 2610 5358 2610 5359 2612 5360 2613 5361 2610 5362 2613 5363 2611 5364 2611 5366 2613 5366 2562 5366 2556 5356 2558 5357 2612 5358 2612 5359 2558 5360 2614 5361 2612 5362 2614 5363 2613 5364 2613 5365 2614 5365 2562 5365 2558 5362 2560 5363 2614 5364 2614 5365 2560 5365 2562 5365 2593 5361 2615 5359 2591 5360 2591 5357 2615 5358 2616 5356 2591 5355 2616 5353 2589 5354 2589 5351 2616 5352 2617 5350 2589 5349 2617 5347 2587 5348 2587 5345 2617 5346 2618 5344 2587 5343 2618 5341 2585 5342 2585 5340 2618 5340 2619 5340 2585 5340 2619 5340 2583 5340 2583 5370 2619 5371 2228 5372 2615 5355 2620 5353 2616 5354 2616 5351 2620 5352 2621 5350 2616 5349 2621 5347 2617 5348 2617 5345 2621 5346 2622 5344 2617 5343 2622 5341 2618 5342 2618 5340 2622 5340 2623 5340 2618 5340 2623 5340 2619 5340 2619 5373 2623 5374 2249 5375 2619 5376 2249 5377 2228 5378 2620 5349 2624 5347 2621 5348 2621 5345 2624 5346 2625 5344 2621 5343 2625 5341 2622 5342 2622 5340 2625 5340 2626 5340 2622 5340 2626 5340 2623 5340 2623 5379 2626 5380 2249 5381 2624 5343 2627 5341 2625 5342 2625 5340 2627 5340 2628 5340 2625 5340 2628 5340 2626 5340 2626 5382 2628 5383 2249 5384 2627 5340 2629 5340 2628 5340 2628 5385 2629 5386 2249 5387 2584 5340 2582 5340 2603 5340 2603 5340 2582 5340 2581 5340 2586 5346 2584 5344 2601 5345 2601 5343 2584 5341 2603 5342 2588 5352 2586 5350 2599 5351 2599 5349 2586 5347 2601 5348 2590 5358 2588 5356 2597 5357 2597 5355 2588 5353 2599 5354 2592 5364 2590 5362 2595 5363 2595 5361 2590 5359 2597 5360 2251 5388 2249 5388 2630 5388 2630 5389 2249 5389 2629 5390 2630 5391 2629 5392 2631 5393 2631 5394 2629 5394 2627 5394 2631 5395 2627 5396 2632 5397 2632 5398 2627 5399 2624 5400 2632 5401 2624 5402 2633 5403 2633 5404 2624 5405 2620 5406 2633 5407 2620 5408 2634 5409 2634 5410 2620 5411 2615 5412 2634 5413 2615 5414 2635 5415 2635 5416 2615 5417 2593 5417 2635 5418 2593 5419 2636 5420 2636 5421 2593 5421 2594 5421 2636 5422 2594 5423 2637 5424 2637 5425 2638 5426 2636 5427 2636 5428 2638 5429 2639 5430 2636 5431 2639 5432 2635 5433 2635 5434 2639 5435 2640 5436 2635 5437 2640 5437 2634 5437 2634 5438 2640 5439 2641 5440 2634 5441 2641 5442 2633 5443 2633 5444 2641 5444 2642 5444 2633 5445 2642 5446 2632 5447 2632 5448 2642 5448 2643 5448 2632 5449 2643 5449 2631 5449 2631 5450 2643 5450 2644 5450 2631 5451 2644 5452 2630 5453 2630 5454 2644 5455 2645 5456 2630 5457 2645 5458 2252 5459 2252 5460 2645 5461 2254 5462 2254 5463 2645 5464 2646 5465 2254 5466 2646 5467 2257 5466 2257 5468 2646 5468 2647 5469 2257 5470 2647 5471 2258 5472 2258 5473 2647 5473 2260 5473 2260 5474 2647 5474 2648 5474 2260 5475 2648 5475 2263 5475 2263 5476 2648 5476 2649 5476 2263 5477 2649 5477 2264 5477 2264 5478 2649 5478 2650 5478 2264 5479 2650 5480 2266 5481 2266 5482 2650 5482 2269 5482 2269 5483 2650 5483 2651 5483 2651 5484 2650 5485 2652 5486 2651 5487 2652 5487 2653 5487 2653 5488 2652 5489 2654 5490 2653 5491 2654 5491 2655 5491 2655 5492 2654 5493 2656 5492 2655 5494 2656 5495 2657 5496 2657 5497 2656 5498 2658 5499 2657 5500 2658 5501 2659 5502 2659 5503 2658 5503 2660 5503 2659 5504 2660 5504 2661 5504 2661 5505 2660 5505 2662 5505 2661 5506 2662 5507 2663 5508 2663 5509 2662 5510 2664 5511 2663 5512 2664 5512 2665 5512 2665 5513 2664 5513 2642 5513 2665 5514 2642 5514 2641 5514 2638 5515 2666 5516 2639 5517 2639 5518 2666 5519 2667 5520 2639 5521 2667 5522 2640 5523 2640 5524 2667 5525 2668 5526 2640 5527 2668 5528 2641 5529 2641 5530 2668 5531 2665 5532 2666 5533 2669 5534 2667 5535 2667 5536 2669 5537 2670 5538 2667 5539 2670 5540 2668 5541 2668 5542 2670 5543 2671 5544 2668 5545 2671 5546 2665 5547 2665 5548 2671 5549 2663 5549 2669 5550 2672 5551 2670 5552 2670 5553 2672 5554 2673 5555 2670 5556 2673 5557 2674 5558 2674 5559 2673 5560 2675 5561 2674 5562 2675 5562 2676 5562 2676 5563 2675 5564 2677 5565 2676 5566 2677 5567 2678 5568 2678 5569 2677 5570 2679 5571 2678 5572 2679 5573 2680 5574 2680 5575 2681 5576 2678 5577 2678 5578 2681 5579 2682 5580 2678 5581 2682 5582 2683 5583 2683 5584 2682 5585 2659 5586 2683 5587 2659 5588 2661 5589 2681 5590 2684 5591 2682 5592 2682 5593 2684 5593 2657 5593 2682 5594 2657 5595 2659 5596 2684 5597 2655 5598 2657 5599 2252 5600 2251 5600 2630 5600 2646 5601 2645 5602 2685 5601 2685 5603 2645 5604 2644 5605 2685 5606 2644 5607 2686 5608 2686 5609 2644 5609 2643 5609 2686 5610 2643 5610 2664 5610 2664 5611 2643 5611 2642 5611 2647 5612 2646 5612 2687 5612 2687 5613 2646 5614 2685 5615 2687 5616 2685 5616 2688 5616 2688 5617 2685 5618 2686 5619 2688 5620 2686 5620 2662 5620 2662 5621 2686 5621 2664 5621 2648 5622 2647 5622 2689 5622 2689 5623 2647 5623 2687 5623 2689 5624 2687 5625 2690 5626 2690 5627 2687 5627 2688 5627 2690 5628 2688 5628 2660 5628 2660 5629 2688 5629 2662 5629 2652 5630 2650 5631 2649 5632 2649 5633 2648 5633 2691 5633 2691 5634 2648 5635 2689 5634 2691 5636 2689 5636 2692 5636 2692 5637 2689 5638 2690 5639 2692 5640 2690 5641 2658 5642 2658 5643 2690 5643 2660 5643 2654 5644 2652 5645 2691 5646 2691 5647 2652 5647 2649 5647 2654 5648 2691 5648 2692 5648 2656 5649 2654 5649 2692 5649 2656 5650 2692 5651 2658 5652 2661 5653 2663 5654 2693 5655 2693 5656 2663 5656 2671 5656 2693 5657 2671 5658 2674 5659 2674 5660 2671 5661 2670 5662 2661 5663 2693 5664 2683 5665 2683 5666 2693 5667 2676 5668 2683 5669 2676 5670 2678 5671 2676 5672 2693 5673 2674 5674 2492 5675 2483 5676 2694 5677 2694 5678 2483 5678 2695 5678 2696 5679 2697 5680 2680 5681 2680 5682 2697 5682 2681 5682 2681 5683 2697 5684 2698 5685 2681 5686 2698 5687 2684 5688 2684 5689 2698 5689 2699 5689 2684 5690 2699 5691 2655 5692 2655 5693 2699 5694 2700 5695 2655 5696 2700 5696 2653 5696 2653 5697 2700 5697 2701 5697 2653 5698 2701 5698 2651 5698 2651 5699 2701 5699 2702 5699 2651 5700 2702 5700 2269 5700 2702 145 2703 145 2269 145 2269 145 2703 145 2268 145 2268 5701 2703 5701 2328 5701 2328 5702 2703 5702 2704 5702 2328 5703 2704 5704 2331 5705 2331 5706 2704 5706 2705 5706 2331 5707 2705 5707 2310 5707 2310 5708 2705 5708 2706 5708 2310 5709 2706 5710 2308 5711 2308 5712 2706 5712 2707 5712 2308 5713 2707 5713 2306 5713 2306 5714 2707 5714 2708 5714 2306 5715 2708 5716 2305 5717 2305 5718 2708 5718 2709 5718 2709 5719 2710 5719 2305 5719 2305 5720 2710 5720 2711 5720 2305 5721 2711 5721 2304 5721 2304 5722 2711 5722 2302 5722 2302 5723 2711 5723 2300 5723 2300 5724 2711 5724 2298 5724 2298 5725 2711 5725 2297 5725 2297 5726 2711 5726 2295 5726 2295 5727 2711 5727 2293 5727 2293 5728 2711 5728 2712 5728 2293 5729 2712 5729 2292 5729 2292 5730 2712 5730 2270 5730 2270 5731 2712 5731 2271 5731 2271 5732 2712 5732 2482 5732 2271 5733 2482 5733 2343 5733 2343 5734 2482 5734 2478 5734 2343 5735 2478 5735 2471 5735 2471 5736 2478 5736 2479 5736 2479 5737 2478 5738 2480 5739 2480 5740 2478 5741 2477 5742 2712 5743 2713 5743 2482 5743 2482 5744 2713 5745 2714 5746 2190 5750 2424 5750 2471 5750 2471 5751 2424 5751 2426 5751 2471 5752 2426 5753 2428 5754 2461 5755 2391 5755 2190 5755 2190 5756 2391 5756 2390 5756 2190 5757 2390 5757 2441 5757 2461 5719 2454 5719 2391 5719 2441 5758 2439 5758 2190 5758 2190 5759 2439 5759 2437 5759 2190 5760 2437 5760 2436 5760 2436 5761 2423 5761 2190 5761 2190 5762 2423 5762 2424 5762 2428 5763 2343 5763 2471 5763 2712 5764 2716 5764 2713 5765 2713 5766 2716 5766 2717 5766 2713 5767 2717 5768 2714 5769 2714 5770 2717 5771 2715 5772 2715 5773 2717 5774 2482 5775 2482 5776 2717 5776 2718 5776 2482 5777 2718 5777 2481 5777 2716 5778 2719 5779 2717 5780 2717 5781 2719 5782 2720 5782 2717 5783 2720 5784 2718 5785 2481 122 2695 122 2476 122 2476 122 2695 122 2483 122 2721 5786 2722 5787 2694 5788 2694 5789 2722 5790 2723 5791 2694 5792 2723 5793 2724 5794 2725 5795 2666 5795 2724 5795 2724 5796 2666 5796 2638 5796 2724 5797 2638 5797 2637 5797 2726 5798 2680 5798 2725 5798 2725 5799 2680 5799 2679 5799 2725 5800 2679 5800 2677 5800 2726 5801 2696 5801 2680 5801 2677 5802 2675 5802 2725 5802 2725 5803 2675 5803 2673 5803 2725 5804 2673 5804 2672 5804 2672 5805 2669 5805 2725 5805 2725 5806 2669 5807 2666 5808 2637 5809 2594 5809 2724 5809 2724 5810 2594 5810 2694 5810 2594 5811 2562 5811 2694 5811 2694 5812 2562 5812 2492 5812 2492 5813 2562 5813 2487 5813 2492 5814 2487 5815 2488 5816 2562 5817 2563 5817 2487 5817 2487 5818 2563 5818 2564 5818 2487 5819 2564 5819 2566 5819 2487 5820 2566 5820 2211 5820 2211 5821 2566 5822 2534 5823 2211 5824 2534 5824 2527 5824 2527 5825 2526 5825 2211 5825 2211 5826 2526 5826 2530 5826 2211 5827 2530 5827 2532 5827 2532 5828 2533 5828 2211 5828 2211 5829 2533 5829 2515 5829 2211 5830 2515 5830 2503 5830 2503 5801 2515 5801 2504 5801 2488 5831 2490 5832 2492 5833 2492 5834 2490 5835 2491 5836 2694 5837 2695 5838 2721 5839 2721 5840 2695 5840 2727 5841 2721 5842 2727 5843 2722 5844 2722 5845 2727 5846 2723 5847 2723 5848 2727 5849 2724 5850 2724 5851 2727 5851 2728 5851 2724 5852 2728 5853 2729 5854 2695 5855 2730 5856 2727 5857 2727 5858 2730 5858 2731 5858 2727 5859 2731 5860 2728 5861 2739 5874 2738 5874 2744 5874 2744 5875 2738 5875 2168 5875 2744 5876 2168 5876 2745 5876 2745 5877 2746 5877 2744 5877 2744 5878 2746 5878 2747 5878 2744 5879 2747 5879 2739 5879 2739 5880 2747 5880 2740 5880 2740 5881 2747 5881 2748 5881 2740 5882 2748 5882 2741 5882 2741 5883 2748 5884 2749 5885 2741 5886 2749 5886 2742 5886 2742 5887 2749 5888 2750 5889 2742 5890 2750 5890 2743 5890 2743 5891 2750 5891 2710 5891 2710 5892 2750 5893 2751 5894 2710 5895 2751 5896 2711 5897 2746 5898 2752 5899 2747 5898 2747 5900 2752 5900 2748 5900 2752 5901 2753 5901 2748 5901 2748 5902 2753 5903 2749 5904 2753 5905 2754 5905 2749 5905 2749 5906 2754 5906 2750 5906 2754 5907 2751 5908 2750 5909 2711 5910 2755 5910 2712 5910 2712 5911 2755 5911 2716 5911 2695 5912 2481 5913 2730 5914 2730 5915 2481 5915 2718 5915 2730 5916 2718 5916 2720 5916 2730 5917 2720 5917 2731 5917 2731 5918 2720 5919 2719 5920 2731 5921 2719 5922 2728 5923 2728 5924 2719 5925 2729 5926 2729 5927 2719 5927 2716 5927 2732 5928 2726 5929 2756 5930 2756 5931 2726 5931 2725 5931 2756 5932 2725 5933 2757 5934 2757 5935 2758 5936 2756 5937 2756 5938 2758 5939 2759 5940 2756 5941 2759 5942 2733 5943 2733 5944 2759 5944 2734 5944 2734 5945 2759 5946 2760 5947 2734 5948 2760 5948 2735 5948 2735 5949 2760 5949 2761 5949 2735 5950 2761 5950 2736 5950 2736 5951 2761 5952 2762 5952 2736 5953 2762 5953 2737 5953 2737 5954 2762 5954 2763 5954 2737 5955 2763 5955 2166 5955 2758 5956 2764 5957 2759 5958 2759 5959 2764 5959 2765 5959 2759 5960 2765 5961 2760 5962 2760 5963 2765 5963 2766 5963 2760 5964 2766 5965 2767 5966 2760 5967 2767 5967 2761 5967 2761 5968 2767 5968 2768 5968 2761 5969 2768 5970 2762 5971 2762 5972 2768 5973 2763 5974 2733 5975 2732 5975 2756 5975 2729 5976 2769 5976 2724 5976 2724 5977 2769 5977 2725 5977 2166 121 2168 121 2737 121 2737 121 2168 121 2738 121 2169 5978 2770 5978 2168 5978 2168 5979 2770 5979 2745 5979 2745 5980 2770 5981 2771 5982 2745 5983 2771 5984 2746 5985 2746 5986 2771 5987 2752 5986 2752 5988 2771 5989 2772 5990 2752 5991 2772 5992 2753 5993 2753 5994 2772 5994 2773 5994 2753 5995 2773 5996 2754 5997 2754 5998 2773 5998 2774 5998 2754 5999 2774 6000 2775 6001 2775 6002 2774 6003 2776 6004 2775 6005 2776 6006 2755 6007 2770 6008 2777 6009 2771 6010 2771 6011 2777 6012 2778 6013 2771 6014 2778 6015 2779 6016 2779 6017 2780 6018 2771 6019 2771 6020 2780 6021 2772 6022 2780 6023 2781 6023 2772 6023 2772 6024 2781 6025 2773 6026 2781 6027 2782 6028 2773 6029 2773 6030 2782 6031 2774 6032 2782 6033 2783 6033 2774 6033 2774 6034 2783 6035 2776 6036 2755 6037 2711 6037 2775 6037 2775 6038 2711 6039 2751 6040 2775 6041 2751 6042 2754 6043 2769 6044 2729 6044 2167 6044 2167 6045 2729 6045 2716 6045 2167 6046 2716 6046 2169 6046 2169 6047 2716 6047 2755 6047 2169 6048 2755 6049 2770 6050 2770 6051 2755 6052 2777 6053 2777 6054 2755 6055 2778 6054 2778 6056 2755 6057 2779 6057 2779 6058 2755 6059 2780 6060 2780 6061 2755 6062 2781 6063 2781 6064 2755 6065 2782 6066 2782 6067 2755 6068 2783 6069 2783 6070 2755 6071 2776 6072 2167 6073 2784 6074 2769 6075 2769 6076 2784 6077 2785 6078 2769 6079 2785 6080 2786 6081 2786 6082 2787 6083 2769 6084 2769 6085 2787 6086 2788 6087 2769 6088 2788 6089 2789 6090 2789 6091 2790 6092 2769 6093 2769 6094 2790 6095 2791 6096 2769 6097 2791 6098 2792 6099 2725 6100 2769 6101 2757 6102 2757 6103 2769 6103 2792 6104 2757 6105 2792 6106 2793 6107 2793 6108 2792 6109 2791 6110 2793 6111 2791 6112 2790 6113 2793 6114 2790 6114 2794 6114 2794 6115 2790 6116 2789 6117 2794 6118 2789 6118 2795 6118 2795 6119 2789 6119 2788 6119 2795 6120 2788 6121 2796 6122 2796 6123 2788 6124 2787 6124 2796 6125 2787 6125 2786 6125 2796 6126 2786 6127 2797 6128 2797 6129 2786 6129 2785 6129 2797 6130 2785 6131 2784 6132 2167 6133 2166 6134 2784 6133 2784 6135 2166 6135 2797 6135 2166 6136 2763 6136 2797 6136 2797 6137 2763 6137 2768 6137 2797 6138 2768 6139 2796 6140 2796 6141 2768 6142 2767 6143 2796 6144 2767 6145 2795 6145 2795 6146 2767 6147 2766 6148 2795 6149 2766 6149 2794 6149 2794 6150 2766 6151 2765 6152 2794 6153 2765 6153 2793 6153 2793 6154 2765 6154 2764 6154 2793 6155 2764 6156 2758 6157 2758 6158 2757 6159 2793 6160</p>
        </triangles>
        <triangles material="Dark_Grey-material" count="96">
          <input semantic="VERTEX" source="#shape0-mesh-vertices" offset="0"/>
          <input semantic="NORMAL" source="#shape0-mesh-normals" offset="1"/>
          <p>1734 121 1735 121 1736 121 1736 121 1735 121 1737 121 2146 145 2147 145 2148 145 2148 145 2147 145 2149 145 1736 1 1737 1 2146 1 2146 1 1737 1 2147 1 1737 122 2108 122 2147 122 2147 3920 2108 3920 2107 3920 2147 3921 2107 3921 2106 3921 1735 122 2089 122 1737 122 1737 3922 2089 3922 2088 3922 1737 3923 2088 3923 2087 3923 2149 122 2094 122 1735 122 1735 122 2094 122 2072 122 1735 3924 2072 3924 2071 3924 2147 122 2101 122 2149 122 2149 3925 2101 3925 2100 3925 2149 3926 2100 3926 2099 3926 2096 122 2095 122 2149 122 2149 3927 2095 3927 2094 3927 2072 122 2094 122 2073 122 2073 122 2094 122 2117 122 2073 122 2117 122 2116 122 2073 122 2116 122 2074 122 2074 122 2116 122 2115 122 2074 122 2115 122 2075 122 2075 122 2115 122 2114 122 2075 122 2114 122 2076 122 2076 122 2114 122 2113 122 2076 122 2113 122 2077 122 2077 122 2113 122 2078 122 2078 122 2113 122 2112 122 2078 122 2112 122 2079 122 2079 122 2112 122 2111 122 2079 122 2111 122 2080 122 2080 122 2111 122 2110 122 2080 122 2110 122 2081 122 2081 122 2110 122 2109 122 2081 122 2109 122 2108 122 2106 122 2105 122 2147 122 2147 3928 2105 3928 2104 3928 2147 3929 2104 3929 2103 3929 2103 122 2102 122 2147 122 2147 3930 2102 3930 2101 3930 2099 122 2098 122 2149 122 2149 3931 2098 3931 2097 3931 2149 3932 2097 3932 2096 3932 2071 122 2070 122 1735 122 1735 3933 2070 3933 2093 3933 1735 3934 2093 3934 2092 3934 2092 122 2091 122 1735 122 1735 3935 2091 3935 2090 3935 1735 3936 2090 3936 2089 3936 2087 122 2086 122 1737 122 1737 3937 2086 3937 2085 3937 1737 3938 2085 3938 2084 3938 2084 122 2083 122 1737 122 1737 3939 2083 3939 2082 3939 1737 122 2082 122 2108 122 2108 122 2082 122 2081 122 1735 3 2120 3 2149 3 2149 3 2120 3 2119 3 2149 3 2119 3 2148 3 2148 3 2119 3 1734 3 1734 3 2119 3 2118 3 1734 3 2118 3 2121 3 2120 3940 1735 3940 2121 3940 2121 3 1735 3 1734 3 1736 3941 2137 3941 1734 3941 1734 3942 2137 3942 2136 3942 1734 3943 2136 3943 2135 3943 2146 99 2142 99 1736 99 1736 3944 2142 3944 2141 3944 1736 3945 2141 3945 2140 3945 2148 3946 2144 3946 2146 3946 2146 3947 2144 3947 2143 3947 2146 3948 2143 3948 2142 3948 1734 99 2127 99 2148 99 2148 3949 2127 3949 2126 3949 2148 3950 2126 3950 2125 3950 2124 3951 2123 3951 2148 3951 2148 3952 2123 3952 2122 3952 2148 3953 2122 3953 2145 3953 2145 99 2144 99 2148 99 2140 99 2139 99 1736 99 1736 3954 2139 3954 2138 3954 1736 3955 2138 3955 2137 3955 2135 3956 2134 3956 1734 3956 1734 3957 2134 3957 2133 3957 1734 3958 2133 3958 2132 3958 2132 99 2131 99 1734 99 1734 3959 2131 3959 2130 3959 1734 3960 2130 3960 2129 3960 2129 3961 2128 3961 1734 3961 1734 3962 2128 3962 2127 3962 2125 3963 2124 3963 2148 3963</p>
        </triangles>
      </mesh>
    </geometry>
  </library_geometries>
  <library_visual_scenes>
    <visual_scene id="Scene" name="Scene">
      <node id="node" name="node" type="NODE">
        <matrix sid="transform">0.001 0 0 0 0 0.001 0 0 0 0 0.001 0.03 0 0 0 1</matrix>
        <instance_geometry url="#shape0-mesh" name="node">
          <bind_material>
            <technique_common>
              <instance_material symbol="Material_001-material" target="#Material_001-material"/>
              <instance_material symbol="Black-material" target="#Black-material"/>
              <instance_material symbol="Dark_Grey-material" target="#Dark_Grey-material"/>
            </technique_common>
          </bind_material>
        </instance_geometry>
      </node>
    </visual_scene>
  </library_visual_scenes>
  <scene>
    <instance_visual_scene url="#Scene"/>
  </scene>
</COLLADA>